Lead ID,first_opp_timestamp
00QPh000001OBzbMAG,2025-12-12 15:44:00
00QPh00000COH8yMAH,2026-01-08 11:21:00
00QPh00000CV2TNMA1,2026-01-13 10:00:00
00QPh00000CegTIMAZ,2025-12-12 15:38:00
00QPh00000N4bwfMAB,2025-11-08 12:17:00
00QPh00000cGoPaMAK,2025-11-03 11:02:00
00QPh00000cGrVVMA0,2025-11-10 15:37:00
00QPh00000cGtdlMAC,2025-11-06 16:50:00
00QPh00000cHF6SMAW,2025-11-06 10:09:00
00QPh00000cHMhQMAW,2025-11-03 10:35:00
00QPh00000cHVuMMAW,2025-11-01 15:33:00
00QPh00000cHbYLMA0,2025-11-04 15:22:00
00QPh00000cHbYMMA0,2025-11-01 09:18:00
00QPh00000cHc4bMAC,2025-11-03 09:47:00
00QPh00000cHgxqMAC,2025-12-03 15:02:00
00QPh00000cHhkFMAS,2025-11-01 10:32:00
00QPh00000cHu38MAC,2025-11-03 09:11:00
00QPh00000cHy0IMAS,2025-11-03 09:13:00
00QPh00000cHyZlMAK,2025-11-01 11:52:00
00QPh00000cHzveMAC,2025-11-03 09:23:00
00QPh00000cI0GcMAK,2025-12-02 15:06:00
00QPh00000cI1UQMA0,2025-11-19 09:04:00
00QPh00000cI2ogMAC,2025-11-03 13:33:00
00QPh00000cI6qfMAC,2025-11-02 12:00:00
00QPh00000cI9bdMAC,2025-11-01 13:59:00
00QPh00000cIAhNMAW,2025-11-02 16:14:00
00QPh00000cIBggMAG,2025-11-05 09:55:00
00QPh00000cIDDqMAO,2025-11-03 08:40:00
00QPh00000cIPtKMAW,2025-11-04 15:18:00
00QPh00000cITs5MAG,2025-11-03 13:26:00
00QPh00000cIg1LMAS,2025-11-19 15:55:00
00QPh00000cIqIPMA0,2025-12-03 16:11:00
00QPh00000cItkwMAC,2025-11-04 11:52:00
00QPh00000cItwDMAS,2025-11-02 10:25:00
00QPh00000cIvjWMAS,2025-11-06 10:17:00
00QPh00000cIwFlMAK,2025-11-02 10:11:00
00QPh00000cIxWoMAK,2025-11-02 09:49:00
00QPh00000cJ0PpMAK,2025-11-03 09:29:00
00QPh00000cJ0ssMAC,2025-12-03 15:30:00
00QPh00000cJ6LaMAK,2025-11-03 10:12:00
00QPh00000cJFqHMAW,2025-11-17 16:58:00
00QPh00000cJOlVMAW,2025-11-03 08:35:00
00QPh00000cJVyIMAW,2025-11-02 11:47:00
00QPh00000cJZKLMA4,2025-11-22 09:47:00
00QPh00000cJm6IMAS,2025-11-03 15:18:00
00QPh00000cJxEbMAK,2025-11-02 11:46:00
00QPh00000cK3lSMAS,2025-11-02 09:46:00
00QPh00000cK5dZMAS,2025-11-03 09:03:00
00QPh00000cKBpRMAW,2025-11-05 09:48:00
00QPh00000cKEIfMAO,2025-11-03 10:25:00
00QPh00000cKFoDMAW,2025-11-25 16:27:00
00QPh00000cKI69MAG,2025-11-03 14:27:00
00QPh00000cKIqvMAG,2025-11-02 10:21:00
00QPh00000cKMpiMAG,2025-11-03 11:00:00
00QPh00000cKSFBMA4,2025-11-02 11:24:00
00QPh00000cKSv7MAG,2025-11-17 11:08:00
00QPh00000cKYdxMAG,2025-11-02 12:22:00
00QPh00000cKfkHMAS,2025-11-02 13:24:00
00QPh00000cKt0sMAC,2025-11-04 09:40:00
00QPh00000cKumaMAC,2025-11-06 11:46:00
00QPh00000cKurNMAS,2025-12-02 10:08:00
00QPh00000cKyF4MAK,2025-11-03 08:55:00
00QPh00000cKywdMAC,2025-11-02 16:43:00
00QPh00000cL3pqMAC,2025-11-02 16:10:00
00QPh00000cL3xtMAC,2025-11-02 16:08:00
00QPh00000cL5DJMA0,2025-11-11 15:43:00
00QPh00000cLBozMAG,2025-11-03 08:35:00
00QPh00000cLCbOMAW,2025-11-03 09:00:00
00QPh00000cLDIvMAO,2025-11-11 15:28:00
00QPh00000cLKNdMAO,2025-11-03 08:44:00
00QPh00000cLMUIMA4,2025-11-04 11:35:00
00QPh00000cLN8bMAG,2025-11-03 09:01:00
00QPh00000cLUWgMAO,2025-11-03 10:02:00
00QPh00000cLb57MAC,2025-11-03 08:43:00
00QPh00000cLc2nMAC,2025-11-06 14:09:00
00QPh00000cLcvdMAC,2025-11-03 09:01:00
00QPh00000cLeUPMA0,2025-11-03 09:32:00
00QPh00000cLjXJMA0,2025-11-06 13:28:00
00QPh00000cLlyvMAC,2025-11-03 10:08:00
00QPh00000cLoojMAC,2025-11-03 09:50:00
00QPh00000cM1Z5MAK,2025-11-03 11:30:00
00QPh00000cM4dNMAS,2025-11-04 15:33:00
00QPh00000cMdT3MAK,2025-11-03 09:10:00
00QPh00000cMgh4MAC,2025-11-11 12:27:00
00QPh00000cMi1NMAS,2025-11-03 19:08:00
00QPh00000cMlvFMAS,2025-11-10 10:59:00
00QPh00000cMxhuMAC,2025-11-03 10:15:00
00QPh00000cMyhBMAS,2025-11-04 08:49:00
00QPh00000cNAVSMA4,2025-11-03 11:26:00
00QPh00000cNAaIMAW,2025-11-12 12:58:00
00QPh00000cNCdkMAG,2025-11-11 14:57:00
00QPh00000cNCqbMAG,2025-11-05 13:51:00
00QPh00000cNHa9MAG,2025-11-03 10:04:00
00QPh00000cNJ45MAG,2025-11-03 10:08:00
00QPh00000cNMpzMAG,2025-11-04 09:12:00
00QPh00000cNRWHMA4,2025-11-26 10:21:00
00QPh00000cNUltMAG,2025-11-03 10:37:00
00QPh00000cNVQDMA4,2025-11-03 10:40:00
00QPh00000cNVwXMAW,2025-11-03 11:50:00
00QPh00000cNe8YMAS,2025-11-03 11:02:00
00QPh00000cNfe6MAC,2025-11-03 12:06:00
00QPh00000cNm1GMAS,2025-11-03 12:05:00
00QPh00000cNuA6MAK,2025-11-06 17:19:00
00QPh00000cNwi9MAC,2025-12-02 12:33:00
00QPh00000cO78vMAC,2025-11-03 12:09:00
00QPh00000cO8L8MAK,2025-11-05 15:14:00
00QPh00000cO9kDMAS,2025-11-03 12:16:00
00QPh00000cOC8cMAG,2025-11-03 14:55:00
00QPh00000cOLocMAG,2025-11-06 14:37:00
00QPh00000cOQLGMA4,2025-11-04 08:51:00
00QPh00000cOSA9MAO,2025-11-03 14:08:00
00QPh00000cOTPbMAO,2025-11-03 14:20:00
00QPh00000cOXGJMA4,2025-11-03 17:10:00
00QPh00000cOdbrMAC,2025-11-03 15:05:00
00QPh00000cOe6TMAS,2025-11-03 15:16:00
00QPh00000cOnRVMA0,2025-11-03 13:41:00
00QPh00000cOzR4MAK,2025-11-05 14:37:00
00QPh00000cPDsDMAW,2025-11-03 14:31:00
00QPh00000cPOAyMAO,2025-11-03 16:03:00
00QPh00000cPRASMA4,2025-11-05 16:18:00
00QPh00000cPRaDMAW,2025-11-03 15:14:00
00QPh00000cPdoIMAS,2025-11-03 16:16:00
00QPh00000cPiBGMA0,2025-12-05 15:00:00
00QPh00000cPmrZMAS,2025-11-03 15:57:00
00QPh00000cPomxMAC,2025-11-03 16:45:00
00QPh00000cPqX1MAK,2025-11-05 14:37:00
00QPh00000cPrOJMA0,2025-11-05 12:49:00
00QPh00000cPrRWMA0,2025-11-03 17:22:00
00QPh00000cPtgAMAS,2025-11-03 16:45:00
00QPh00000cPwfeMAC,2025-11-04 10:01:00
00QPh00000cQ5kXMAS,2025-11-15 17:04:00
00QPh00000cQ6QUMA0,2025-11-05 12:31:00
00QPh00000cQ6WyMAK,2025-11-07 13:07:00
00QPh00000cQAnRMAW,2025-11-05 13:28:00
00QPh00000cQDF4MAO,2025-11-03 17:23:00
00QPh00000cQEnpMAG,2025-11-11 14:57:00
00QPh00000cQF0jMAG,2025-11-03 19:02:00
00QPh00000cQFLhMAO,2025-11-05 12:41:00
00QPh00000cQGsrMAG,2025-11-03 17:06:00
00QPh00000cQTQIMA4,2025-11-03 19:52:00
00QPh00000cQZNdMAO,2025-11-13 16:48:00
00QPh00000cQelVMAS,2025-11-04 09:04:00
00QPh00000cQerxMAC,2025-11-03 18:59:00
00QPh00000cQiCPMA0,2025-11-03 18:55:00
00QPh00000cQiltMAC,2025-11-03 18:46:00
00QPh00000cQjObMAK,2025-11-03 18:48:00
00QPh00000cQlBvMAK,2025-11-03 19:30:00
00QPh00000cQnK9MAK,2025-11-03 19:02:00
00QPh00000cQwgnMAC,2025-11-03 19:23:00
00QPh00000cR066MAC,2025-11-12 10:59:00
00QPh00000cR0dxMAC,2025-11-03 19:37:00
00QPh00000cR68HMAS,2025-11-04 14:05:00
00QPh00000cR7PJMA0,2025-11-04 11:46:00
00QPh00000cRTPpMAO,2025-11-14 12:07:00
00QPh00000cRWsLMAW,2025-11-04 08:38:00
00QPh00000cRX0PMAW,2025-11-04 15:29:00
00QPh00000cRZF7MAO,2025-11-17 11:37:00
00QPh00000cRoAwMAK,2025-11-04 15:30:00
00QPh00000cRwTRMA0,2025-11-05 10:10:00
00QPh00000cS4FhMAK,2025-11-10 15:15:00
00QPh00000cSHrFMAW,2025-11-06 14:02:00
00QPh00000cSUYNMA4,2025-11-04 08:35:00
00QPh00000cSY7JMAW,2025-11-11 15:17:00
00QPh00000cSijOMAS,2025-11-04 14:55:00
00QPh00000cSrjUMAS,2025-12-30 10:23:00
00QPh00000cT3ZKMA0,2025-11-04 09:58:00
00QPh00000cT4QZMA0,2025-11-18 15:58:00
00QPh00000cT8NjMAK,2025-11-04 11:18:00
00QPh00000cTB8gMAG,2025-11-04 11:42:00
00QPh00000cTFU2MAO,2025-11-04 12:04:00
00QPh00000cTHROMA4,2025-11-04 17:05:00
00QPh00000cTKGnMAO,2025-11-13 14:13:00
00QPh00000cTNY1MAO,2025-11-05 09:16:00
00QPh00000cTUpdMAG,2025-11-04 11:41:00
00QPh00000cTWmbMAG,2025-11-04 11:08:00
00QPh00000cTY0QMAW,2025-11-04 12:32:00
00QPh00000cTdMfMAK,2025-11-04 11:19:00
00QPh00000cThTWMA0,2025-11-06 09:02:00
00QPh00000cTi7pMAC,2025-11-04 12:56:00
00QPh00000cTo1yMAC,2025-11-11 16:26:00
00QPh00000cTol7MAC,2025-11-04 11:49:00
00QPh00000cTp66MAC,2025-11-04 11:58:00
00QPh00000cTq0ZMAS,2025-11-04 13:06:00
00QPh00000cTsTlMAK,2025-11-04 11:58:00
00QPh00000cTvGMMA0,2025-11-18 10:48:00
00QPh00000cUDy1MAG,2025-11-05 11:18:00
00QPh00000cUJ49MAG,2025-11-04 13:00:00
00QPh00000cUP80MAG,2025-11-04 13:57:00
00QPh00000cUUkLMAW,2025-11-04 13:45:00
00QPh00000cUlIDMA0,2025-11-04 14:25:00
00QPh00000cV1tEMAS,2025-11-04 14:21:00
00QPh00000cV3tPMAS,2025-11-11 08:57:00
00QPh00000cV49WMAS,2025-11-05 08:56:00
00QPh00000cV5FGMA0,2025-11-04 15:01:00
00QPh00000cV8MoMAK,2025-11-13 11:14:00
00QPh00000cVBSjMAO,2025-11-04 14:44:00
00QPh00000cVHDBMA4,2025-11-06 16:51:00
00QPh00000cVLVKMA4,2025-11-14 15:20:00
00QPh00000cVLdNMAW,2025-11-12 13:48:00
00QPh00000cVQmjMAG,2025-11-04 15:22:00
00QPh00000cVSjhMAG,2025-11-04 15:58:00
00QPh00000cVUGsMAO,2025-11-05 08:59:00
00QPh00000cVUWzMAO,2025-11-04 16:15:00
00QPh00000cVUf4MAG,2025-11-04 15:49:00
00QPh00000cVXzWMAW,2025-11-04 15:43:00
00QPh00000cVYvZMAW,2025-11-11 14:36:00
00QPh00000cVdSDMA0,2025-11-04 16:23:00
00QPh00000cVgGRMA0,2025-11-04 16:27:00
00QPh00000cVirhMAC,2025-11-04 16:08:00
00QPh00000cVm2UMAS,2025-11-04 16:23:00
00QPh00000cVrbdMAC,2025-11-06 14:32:00
00QPh00000cVv2XMAS,2025-11-04 16:43:00
00QPh00000cW0VFMA0,2025-11-04 17:00:00
00QPh00000cW64PMAS,2025-11-05 10:30:00
00QPh00000cW8SoMAK,2025-11-04 18:13:00
00QPh00000cWBDlMAO,2025-11-11 11:13:00
00QPh00000cWKYnMAO,2025-11-04 18:09:00
00QPh00000cWQW9MAO,2025-11-04 18:28:00
00QPh00000cWR41MAG,2025-11-04 18:41:00
00QPh00000cWTk9MAG,2025-11-05 09:04:00
00QPh00000cWVZ3MAO,2025-11-04 18:47:00
00QPh00000cWYYXMA4,2025-11-05 09:06:00
00QPh00000cWdLJMA0,2025-11-04 19:05:00
00QPh00000cWdLKMA0,2025-11-04 19:07:00
00QPh00000cWf5NMAS,2025-11-17 12:19:00
00QPh00000cWhDeMAK,2025-11-04 19:43:00
00QPh00000cWobhMAC,2025-11-04 19:35:00
00QPh00000cWudtMAC,2025-11-05 08:50:00
00QPh00000cWvwaMAC,2025-11-05 09:34:00
00QPh00000cX1HBMA0,2025-11-05 09:02:00
00QPh00000cX39JMAS,2025-11-06 09:17:00
00QPh00000cX7b8MAC,2025-11-11 16:18:00
00QPh00000cXCsaMAG,2025-11-05 09:01:00
00QPh00000cXE7xMAG,2025-11-05 10:25:00
00QPh00000cXIrVMAW,2025-11-05 10:20:00
00QPh00000cXK25MAG,2025-11-05 11:00:00
00QPh00000cXNsnMAG,2025-11-05 10:01:00
00QPh00000cXSinMAG,2025-11-06 09:06:00
00QPh00000cXXLtMAO,2025-11-05 08:40:00
00QPh00000cXcqDMAS,2025-11-05 09:18:00
00QPh00000cXfphMAC,2025-11-05 08:48:00
00QPh00000cXmBFMA0,2025-11-05 11:01:00
00QPh00000cY5yhMAC,2025-11-12 12:43:00
00QPh00000cYDcvMAG,2025-11-05 09:13:00
00QPh00000cYEx8MAG,2025-11-05 08:48:00
00QPh00000cYH0XMAW,2025-11-05 10:03:00
00QPh00000cYMgAMAW,2025-11-05 08:45:00
00QPh00000cYdp5MAC,2025-11-11 14:53:00
00QPh00000cYfMEMA0,2025-11-05 09:48:00
00QPh00000cYhnpMAC,2025-11-05 09:07:00
00QPh00000cYhr3MAC,2025-11-05 09:07:00
00QPh00000cYjXtMAK,2025-11-11 08:57:00
00QPh00000cYkovMAC,2025-11-05 09:17:00
00QPh00000cYlptMAC,2025-11-05 16:37:00
00QPh00000cYsmUMAS,2025-11-05 09:58:00
00QPh00000cYurWMAS,2025-11-05 10:00:00
00QPh00000cYvsPMAS,2025-11-05 15:12:00
00QPh00000cZ5a4MAC,2025-11-05 10:32:00
00QPh00000cZ61VMAS,2025-11-05 13:50:00
00QPh00000cZ7wnMAC,2025-11-13 09:24:00
00QPh00000cZ8srMAC,2025-11-05 12:00:00
00QPh00000cZBadMAG,2025-11-10 16:38:00
00QPh00000cZFfpMAG,2025-11-05 10:36:00
00QPh00000cZLWkMAO,2025-12-23 12:49:00
00QPh00000cZS8SMAW,2025-11-06 09:07:00
00QPh00000cZS8VMAW,2025-11-17 16:48:00
00QPh00000cZUYRMA4,2025-11-05 12:36:00
00QPh00000cZUa1MAG,2025-11-06 11:51:00
00QPh00000cZg6XMAS,2025-11-17 11:49:00
00QPh00000cZusfMAC,2025-11-12 15:00:00
00QPh00000ca1B0MAI,2025-11-05 13:51:00
00QPh00000ca2DWMAY,2025-11-05 16:20:00
00QPh00000ca5eQMAQ,2025-11-05 13:33:00
00QPh00000cagu5MAA,2025-11-07 09:51:00
00QPh00000cantxMAA,2025-11-05 15:22:00
00QPh00000caxTVMAY,2025-11-05 15:25:00
00QPh00000cayfiMAA,2025-11-05 16:01:00
00QPh00000cb7pSMAQ,2025-11-05 15:41:00
00QPh00000cbFAIMA2,2025-11-05 16:11:00
00QPh00000cbMlFMAU,2025-11-05 16:40:00
00QPh00000cbQdcMAE,2025-11-06 10:30:00
00QPh00000cbTMwMAM,2025-11-19 15:09:00
00QPh00000cbc21MAA,2025-11-06 14:41:00
00QPh00000cbdisMAA,2025-11-05 18:21:00
00QPh00000cbfkgMAA,2025-11-05 17:19:00
00QPh00000cbhPvMAI,2025-11-06 12:56:00
00QPh00000cbi2bMAA,2025-11-05 16:54:00
00QPh00000cbkIvMAI,2025-11-14 15:15:00
00QPh00000cbkijMAA,2025-12-30 11:33:00
00QPh00000cbs3ZMAQ,2025-11-17 12:26:00
00QPh00000cbt2rMAA,2025-11-17 12:05:00
00QPh00000cc1ObMAI,2025-12-01 12:38:00
00QPh00000cc3OnMAI,2025-11-06 15:03:00
00QPh00000cc92nMAA,2025-11-06 09:42:00
00QPh00000cc9xFMAQ,2025-11-05 18:26:00
00QPh00000ccAmrMAE,2025-11-17 17:19:00
00QPh00000ccDsnMAE,2025-11-12 15:06:00
00QPh00000ccJ8bMAE,2025-11-06 11:03:00
00QPh00000ccJerMAE,2025-11-11 14:39:00
00QPh00000ccQBkMAM,2025-11-05 19:28:00
00QPh00000ccQQDMA2,2025-11-05 19:13:00
00QPh00000ccVksMAE,2025-11-06 08:51:00
00QPh00000ccWDtMAM,2025-11-06 08:55:00
00QPh00000ccWLxMAM,2025-11-05 19:35:00
00QPh00000ccWgwMAE,2025-11-06 09:03:00
00QPh00000ccZIEMA2,2025-11-12 17:17:00
00QPh00000cca6DMAQ,2025-11-11 10:47:00
00QPh00000ccaFtMAI,2025-11-06 09:52:00
00QPh00000cch2rMAA,2025-11-06 10:38:00
00QPh00000ccijhMAA,2025-11-12 10:50:00
00QPh00000cciqBMAQ,2025-11-06 11:01:00
00QPh00000ccl02MAA,2025-11-07 11:21:00
00QPh00000ccmDqMAI,2025-11-06 09:55:00
00QPh00000ccqEDMAY,2025-11-06 08:47:00
00QPh00000cd03tMAA,2025-11-06 10:00:00
00QPh00000cd0K3MAI,2025-11-06 08:46:00
00QPh00000cd1PlMAI,2025-11-06 08:31:00
00QPh00000cd2KDMAY,2025-11-13 14:24:00
00QPh00000cd2orMAA,2025-11-21 15:01:00
00QPh00000cd6HNMAY,2025-11-12 12:16:00
00QPh00000cd6J2MAI,2025-11-06 09:03:00
00QPh00000cdFNtMAM,2025-11-06 09:34:00
00QPh00000cdGF8MAM,2025-11-06 09:01:00
00QPh00000cdIaHMAU,2025-11-24 17:11:00
00QPh00000cdJxlMAE,2025-11-07 12:04:00
00QPh00000cdLbNMAU,2025-11-06 14:21:00
00QPh00000cdOMMMA2,2025-11-11 08:58:00
00QPh00000cdgjBMAQ,2025-11-06 08:45:00
00QPh00000cdl9IMAQ,2025-11-11 10:44:00
00QPh00000cdqTtMAI,2025-11-13 10:39:00
00QPh00000cdtRlMAI,2025-11-06 08:49:00
00QPh00000cdyw7MAA,2025-11-17 12:24:00
00QPh00000ceBdBMAU,2025-11-06 08:53:00
00QPh00000ceDOsMAM,2025-11-06 08:47:00
00QPh00000ceRrdMAE,2025-11-06 09:18:00
00QPh00000ceWcnMAE,2025-11-07 10:33:00
00QPh00000ceYZlMAM,2025-11-06 09:38:00
00QPh00000cebEHMAY,2025-11-10 08:47:00
00QPh00000cehEtMAI,2025-11-06 11:10:00
00QPh00000ceiUIMAY,2025-11-06 11:31:00
00QPh00000cenc4MAA,2025-11-06 13:26:00
00QPh00000ceoLBMAY,2025-11-06 11:21:00
00QPh00000ceqObMAI,2025-11-10 10:04:00
00QPh00000cerhJMAQ,2025-11-06 11:14:00
00QPh00000cewx3MAA,2025-11-10 13:57:00
00QPh00000ceyVpMAI,2025-11-06 10:54:00
00QPh00000ceyqoMAA,2025-11-06 11:32:00
00QPh00000cf9HZMAY,2025-11-11 09:26:00
00QPh00000cfB1fMAE,2025-11-10 16:00:00
00QPh00000cfHJyMAM,2025-11-06 12:01:00
00QPh00000cfT9rMAE,2025-12-09 11:20:00
00QPh00000cfYRGMA2,2025-11-06 13:42:00
00QPh00000cfbtlMAA,2025-11-06 12:34:00
00QPh00000cfcZhMAI,2025-11-06 12:36:00
00QPh00000cfejZMAQ,2025-11-06 12:44:00
00QPh00000cffUMMAY,2025-11-24 16:49:00
00QPh00000cfw3lMAA,2025-11-06 13:28:00
00QPh00000cfyX1MAI,2025-11-25 17:18:00
00QPh00000cg0VZMAY,2025-11-06 13:41:00
00QPh00000cgCenMAE,2025-11-06 13:51:00
00QPh00000cgDcTMAU,2025-11-06 13:52:00
00QPh00000cgDe7MAE,2025-11-06 15:10:00
00QPh00000cgJgHMAU,2025-11-10 08:57:00
00QPh00000cgT7lMAE,2025-11-06 14:10:00
00QPh00000cgZTMMA2,2025-11-06 16:46:00
00QPh00000cgcPaMAI,2025-11-06 16:21:00
00QPh00000cgekjMAA,2025-11-06 16:13:00
00QPh00000cgfaNMAQ,2025-11-07 10:12:00
00QPh00000cgm0lMAA,2025-11-06 16:36:00
00QPh00000cgmOxMAI,2025-11-06 15:57:00
00QPh00000cgxIjMAI,2025-11-06 15:52:00
00QPh00000cgzUDMAY,2025-11-06 17:57:00
00QPh00000chFSXMA2,2025-11-06 16:26:00
00QPh00000chG3dMAE,2025-11-06 16:32:00
00QPh00000chK0nMAE,2025-11-10 16:09:00
00QPh00000chKf7MAE,2025-11-06 16:48:00
00QPh00000chLg1MAE,2025-11-06 16:47:00
00QPh00000chRn3MAE,2025-11-06 17:09:00
00QPh00000chSeHMAU,2025-11-06 17:11:00
00QPh00000chTbxMAE,2025-11-06 17:15:00
00QPh00000chTs6MAE,2025-11-06 18:27:00
00QPh00000chXMDMA2,2025-11-06 17:28:00
00QPh00000chXUIMA2,2025-11-06 17:50:00
00QPh00000chZr3MAE,2025-11-06 17:33:00
00QPh00000chg69MAA,2025-11-07 10:24:00
00QPh00000chjvFMAQ,2025-11-13 11:37:00
00QPh00000chmI1MAI,2025-11-06 18:17:00
00QPh00000chnIwMAI,2025-11-06 18:28:00
00QPh00000chqLdMAI,2025-12-08 10:23:00
00QPh00000chs7JMAQ,2025-11-06 18:41:00
00QPh00000chyshMAA,2025-11-07 17:00:00
00QPh00000ci0T3MAI,2025-11-10 16:15:00
00QPh00000ci6S1MAI,2025-11-07 13:25:00
00QPh00000ciAU1MAM,2025-12-02 14:14:00
00QPh00000ciAXFMA2,2025-11-07 09:11:00
00QPh00000ciDTVMA2,2025-11-07 15:15:00
00QPh00000ciOn7MAE,2025-11-14 11:40:00
00QPh00000ciQ7NMAU,2025-11-13 10:55:00
00QPh00000ciXVSMA2,2025-11-07 10:02:00
00QPh00000cigdcMAA,2025-11-07 09:32:00
00QPh00000cilYRMAY,2025-11-03 14:44:00
00QPh00000cioZWMAY,2025-11-07 14:05:00
00QPh00000cipH8MAI,2025-11-13 10:45:00
00QPh00000ciqWTMAY,2025-11-13 14:23:00
00QPh00000cj1WjMAI,2025-11-25 11:42:00
00QPh00000cj9R5MAI,2025-11-07 16:12:00
00QPh00000cjCLiMAM,2025-11-07 11:13:00
00QPh00000cjEH3MAM,2025-11-07 09:20:00
00QPh00000cjXGTMA2,2025-11-07 09:46:00
00QPh00000cjZGfMAM,2025-11-07 10:03:00
00QPh00000cjbNKMAY,2025-11-07 08:55:00
00QPh00000cjidJMAQ,2025-11-18 10:45:00
00QPh00000cjjPhMAI,2025-11-07 09:03:00
00QPh00000cjknBMAQ,2025-11-25 17:24:00
00QPh00000cjlBNMAY,2025-11-07 09:04:00
00QPh00000cjqHVMAY,2025-11-07 10:31:00
00QPh00000cjwehMAA,2025-11-07 09:02:00
00QPh00000cjzJCMAY,2025-11-07 10:43:00
00QPh00000ck4HFMAY,2025-11-07 09:12:00
00QPh00000ck4kIMAQ,2025-11-07 12:01:00
00QPh00000ck8JFMAY,2025-11-07 11:14:00
00QPh00000ck8r7MAA,2025-11-10 15:56:00
00QPh00000ckISHMA2,2025-11-07 11:24:00
00QPh00000ckNuzMAE,2025-11-10 11:32:00
00QPh00000ckQ1dMAE,2025-12-02 14:04:00
00QPh00000ckhdZMAQ,2025-11-07 11:07:00
00QPh00000ckm8cMAA,2025-11-11 15:37:00
00QPh00000ckvQPMAY,2025-11-07 11:44:00
00QPh00000cl0I4MAI,2025-11-07 12:20:00
00QPh00000cl1lzMAA,2025-11-20 15:32:00
00QPh00000cl53DMAQ,2025-11-07 13:30:00
00QPh00000cl7UoMAI,2025-11-14 09:49:00
00QPh00000clC34MAE,2025-11-07 13:12:00
00QPh00000clIoPMAU,2025-11-07 13:10:00
00QPh00000clKK2MAM,2025-11-11 14:11:00
00QPh00000clOc5MAE,2025-11-07 15:11:00
00QPh00000clPbNMAU,2025-11-07 13:05:00
00QPh00000clRTWMA2,2025-11-07 13:27:00
00QPh00000clcyQMAQ,2025-11-10 11:30:00
00QPh00000clgKUMAY,2025-11-10 13:58:00
00QPh00000clpIwMAI,2025-11-08 09:01:00
00QPh00000clyywMAA,2025-11-07 14:13:00
00QPh00000cm0vuMAA,2025-11-07 14:51:00
00QPh00000cm2XtMAI,2025-11-07 14:17:00
00QPh00000cm5KTMAY,2025-11-07 14:40:00
00QPh00000cm74XMAQ,2025-11-07 14:34:00
00QPh00000cmALlMAM,2025-11-07 14:49:00
00QPh00000cmL2fMAE,2025-11-07 15:16:00
00QPh00000cmODTMA2,2025-11-10 15:26:00
00QPh00000cmbLxMAI,2025-11-10 09:07:00
00QPh00000cmgFBMAY,2025-11-10 10:17:00
00QPh00000cmly1MAA,2025-11-10 09:46:00
00QPh00000cmn0XMAQ,2025-11-13 09:09:00
00QPh00000cmuy8MAA,2025-11-19 15:38:00
00QPh00000cmwOoMAI,2025-11-11 10:24:00
00QPh00000cmx1VMAQ,2025-11-10 08:49:00
00QPh00000cmywsMAA,2025-11-10 08:53:00
00QPh00000cn1l3MAA,2025-11-07 17:33:00
00QPh00000cn30TMAQ,2025-11-10 15:06:00
00QPh00000cn9fNMAQ,2025-11-07 18:06:00
00QPh00000cnDO1MAM,2025-11-07 18:43:00
00QPh00000cnNwsMAE,2025-11-11 14:26:00
00QPh00000cnZgHMAU,2025-12-03 14:12:00
00QPh00000cndOvMAI,2025-11-13 14:21:00
00QPh00000cnnJRMAY,2025-11-10 09:06:00
00QPh00000cnnJTMAY,2025-11-12 10:30:00
00QPh00000cnviPMAQ,2025-11-19 16:17:00
00QPh00000co2bpMAA,2025-11-10 12:35:00
00QPh00000co36TMAQ,2025-11-17 15:13:00
00QPh00000coA6LMAU,2025-11-08 10:51:00
00QPh00000coJ4nMAE,2025-11-11 09:15:00
00QPh00000copB8MAI,2025-11-08 13:25:00
00QPh00000cos49MAA,2025-11-10 15:21:00
00QPh00000cou7bMAA,2025-11-10 09:06:00
00QPh00000cpCkQMAU,2025-11-12 14:54:00
00QPh00000cpFggMAE,2025-11-10 12:29:00
00QPh00000cpGhZMAU,2025-11-10 09:54:00
00QPh00000cpHTxMAM,2025-11-10 12:30:00
00QPh00000cpKy5MAE,2025-11-10 14:57:00
00QPh00000cpRBZMA2,2025-11-08 11:15:00
00QPh00000cpTeoMAE,2025-11-12 14:51:00
00QPh00000cpV78MAE,2025-11-10 09:59:00
00QPh00000cpXyZMAU,2025-11-10 14:20:00
00QPh00000cpZViMAM,2025-11-10 15:11:00
00QPh00000cpfcjMAA,2025-11-10 09:58:00
00QPh00000cpjWgMAI,2025-11-08 13:11:00
00QPh00000cpk69MAA,2025-11-08 13:08:00
00QPh00000cq3GrMAI,2025-11-10 13:31:00
00QPh00000cq3woMAA,2025-11-08 15:00:00
00QPh00000cq4BKMAY,2025-11-08 16:07:00
00QPh00000cqB3BMAU,2025-11-10 12:16:00
00QPh00000cqECHMA2,2025-11-08 15:58:00
00QPh00000cqINxMAM,2025-11-10 09:01:00
00QPh00000cqQADMA2,2025-11-10 09:42:00
00QPh00000cqbaHMAQ,2025-11-12 10:21:00
00QPh00000cqd0zMAA,2025-11-10 09:10:00
00QPh00000cqiDZMAY,2025-11-10 09:49:00
00QPh00000cqjmMMAQ,2025-11-09 14:45:00
00QPh00000cqn0MMAQ,2025-11-10 11:48:00
00QPh00000cqpyDMAQ,2025-11-10 09:43:00
00QPh00000cqumbMAA,2025-11-10 15:44:00
00QPh00000cqxAzMAI,2025-11-10 11:59:00
00QPh00000cr8HhMAI,2025-11-10 09:40:00
00QPh00000crVFuMAM,2025-11-10 12:22:00
00QPh00000crd3lMAA,2025-11-05 09:24:00
00QPh00000crwpaMAA,2025-11-11 09:50:00
00QPh00000crxYlMAI,2025-11-10 10:06:00
00QPh00000cryRaMAI,2025-11-10 14:12:00
00QPh00000cs26zMAA,2025-11-10 08:46:00
00QPh00000cs5ZWMAY,2025-11-11 09:53:00
00QPh00000cs87aMAA,2025-11-14 10:34:00
00QPh00000cs8YzMAI,2025-11-13 10:55:00
00QPh00000cs9mnMAA,2025-11-10 09:32:00
00QPh00000csBobMAE,2025-11-10 12:04:00
00QPh00000csCG1MAM,2025-11-10 09:31:00
00QPh00000csIbZMAU,2025-11-10 08:42:00
00QPh00000csK0fMAE,2025-11-10 09:29:00
00QPh00000csRdFMAU,2025-11-10 13:03:00
00QPh00000csXQvMAM,2025-11-11 11:09:00
00QPh00000csYAAMA2,2025-11-14 09:32:00
00QPh00000csYy5MAE,2025-11-10 14:49:00
00QPh00000csaF7MAI,2025-11-11 08:42:00
00QPh00000csf3XMAQ,2025-11-10 13:10:00
00QPh00000cskeKMAQ,2025-11-11 09:47:00
00QPh00000css0jMAA,2025-11-12 10:05:00
00QPh00000csv1pMAA,2025-11-09 14:42:00
00QPh00000cswkJMAQ,2025-11-10 10:49:00
00QPh00000cswnWMAQ,2025-11-10 10:50:00
00QPh00000cswp7MAA,2025-11-10 10:53:00
00QPh00000csyCeMAI,2025-11-10 14:45:00
00QPh00000csyXbMAI,2025-11-10 11:23:00
00QPh00000cszYTMAY,2025-11-10 10:37:00
00QPh00000ct1FJMAY,2025-11-10 15:17:00
00QPh00000ct2ZaMAI,2025-11-11 15:35:00
00QPh00000ct2jGMAQ,2025-11-11 09:39:00
00QPh00000ct6bZMAQ,2025-11-13 10:08:00
00QPh00000ct6tJMAQ,2025-11-10 08:55:00
00QPh00000ct9HhMAI,2025-11-11 14:01:00
00QPh00000ctBszMAE,2025-11-12 12:16:00
00QPh00000ctEUHMA2,2025-11-14 10:11:00
00QPh00000ctFqBMAU,2025-11-10 09:16:00
00QPh00000ctHYcMAM,2025-11-10 09:20:00
00QPh00000ctJnLMAU,2025-11-10 09:05:00
00QPh00000ctLM5MAM,2025-11-10 11:35:00
00QPh00000ctM8TMAU,2025-11-10 09:04:00
00QPh00000ctNnhMAE,2025-11-14 14:21:00
00QPh00000ctTDBMA2,2025-11-10 08:43:00
00QPh00000ctUyrMAE,2025-11-10 14:11:00
00QPh00000ctWCfMAM,2025-11-13 10:34:00
00QPh00000ctWqzMAE,2025-11-10 08:42:00
00QPh00000ctXjpMAE,2025-11-12 10:52:00
00QPh00000ctfKoMAI,2025-11-10 08:39:00
00QPh00000ctkdpMAA,2025-12-03 16:10:00
00QPh00000ctvm9MAA,2025-12-15 12:18:00
00QPh00000cu6rFMAQ,2025-11-10 08:53:00
00QPh00000cuFg2MAE,2025-11-10 08:48:00
00QPh00000cuGVdMAM,2025-11-12 15:27:00
00QPh00000cuSGgMAM,2025-11-10 11:31:00
00QPh00000cuUSAMA2,2025-11-11 13:51:00
00QPh00000cujUQMAY,2025-11-10 09:56:00
00QPh00000cupd4MAA,2025-11-13 08:44:00
00QPh00000cutNKMAY,2025-11-10 09:48:00
00QPh00000cuw54MAA,2025-11-11 09:08:00
00QPh00000cuzhHMAQ,2025-11-13 10:26:00
00QPh00000cv0S3MAI,2025-11-10 09:02:00
00QPh00000cv4iXMAQ,2025-11-14 10:57:00
00QPh00000cv6kMMAQ,2025-11-10 14:17:00
00QPh00000cv9zxMAA,2025-11-26 13:40:00
00QPh00000cvAxfMAE,2025-11-11 09:11:00
00QPh00000cvEzdMAE,2025-11-11 09:02:00
00QPh00000cvJsrMAE,2025-12-03 10:30:00
00QPh00000cvOcQMAU,2025-11-10 13:21:00
00QPh00000cvPgYMAU,2025-11-10 15:25:00
00QPh00000cvQazMAE,2025-11-12 12:39:00
00QPh00000cvTXIMA2,2025-11-10 09:45:00
00QPh00000cvTYrMAM,2025-11-10 17:18:00
00QPh00000cvTdhMAE,2025-11-12 15:40:00
00QPh00000cvUjRMAU,2025-11-11 09:31:00
00QPh00000cvX4bMAE,2026-01-06 16:41:00
00QPh00000cvdUzMAI,2025-11-10 09:57:00
00QPh00000cvdefMAA,2025-11-10 10:26:00
00QPh00000cviMbMAI,2025-11-10 10:11:00
00QPh00000cvkufMAA,2025-11-10 10:17:00
00QPh00000cvoLZMAY,2025-11-10 11:18:00
00QPh00000cvv5JMAQ,2025-11-10 14:15:00
00QPh00000cvvtJMAQ,2025-11-11 10:01:00
00QPh00000cwDztMAE,2025-11-12 09:51:00
00QPh00000cwKq6MAE,2025-11-12 10:03:00
00QPh00000cwPEgMAM,2025-11-10 12:19:00
00QPh00000cwXFRMA2,2025-11-10 12:11:00
00QPh00000cwdMTMAY,2025-12-01 10:49:00
00QPh00000cwgAfMAI,2025-11-12 09:50:00
00QPh00000cwh3WMAQ,2025-11-10 12:45:00
00QPh00000cwnAXMAY,2025-11-10 12:50:00
00QPh00000cwpYvMAI,2025-11-10 12:56:00
00QPh00000cwqBdMAI,2025-11-12 14:30:00
00QPh00000cwzutMAA,2025-11-10 13:41:00
00QPh00000cwzzjMAA,2025-11-10 13:35:00
00QPh00000cx3f7MAA,2025-11-10 15:49:00
00QPh00000cx3vFMAQ,2025-11-10 13:28:00
00QPh00000cxBb7MAE,2025-11-10 14:22:00
00QPh00000cxDGNMA2,2026-01-06 14:51:00
00QPh00000cxJqLMAU,2025-11-10 13:43:00
00QPh00000cxXDQMA2,2025-11-10 16:08:00
00QPh00000cxYnmMAE,2025-11-10 15:33:00
00QPh00000cxco9MAA,2025-11-10 14:15:00
00QPh00000cxdykMAA,2025-11-10 14:58:00
00QPh00000cxgN8MAI,2025-11-10 15:16:00
00QPh00000cxhawMAA,2025-11-10 14:48:00
00QPh00000cxvagMAA,2025-12-04 12:35:00
00QPh00000cxx6FMAQ,2025-11-12 15:02:00
00QPh00000cxxCiMAI,2025-11-10 15:50:00
00QPh00000cy8KzMAI,2025-11-11 08:51:00
00QPh00000cyAwHMAU,2025-11-10 15:42:00
00QPh00000cyJ0IMAU,2025-11-11 11:02:00
00QPh00000cyKxFMAU,2025-11-18 18:15:00
00QPh00000cyO1ZMAU,2025-11-11 17:30:00
00QPh00000cyZ8HMAU,2025-11-19 11:03:00
00QPh00000cyZhnMAE,2025-11-10 17:49:00
00QPh00000cymGnMAI,2025-11-19 16:21:00
00QPh00000cyo8wMAA,2025-11-11 09:41:00
00QPh00000cypD3MAI,2025-11-10 17:28:00
00QPh00000cywzJMAQ,2025-11-10 17:57:00
00QPh00000cz1u9MAA,2026-02-06 15:26:00
00QPh00000cz4IXMAY,2025-11-14 15:21:00
00QPh00000cz759MAA,2025-11-11 08:43:00
00QPh00000cz8FhMAI,2025-11-11 08:42:00
00QPh00000cz9bZMAQ,2025-11-10 18:44:00
00QPh00000czCMYMA2,2025-12-30 17:15:00
00QPh00000czLUgMAM,2025-11-11 08:40:00
00QPh00000czOsLMAU,2025-11-10 19:24:00
00QPh00000czT0oMAE,2025-11-11 10:27:00
00QPh00000czZkXMAU,2025-12-15 15:41:00
00QPh00000czbklMAA,2025-11-11 10:20:00
00QPh00000czegzMAA,2025-11-18 17:41:00
00QPh00000cziavMAA,2025-11-11 09:36:00
00QPh00000czjf3MAA,2025-11-13 09:47:00
00QPh00000czpPWMAY,2025-11-19 09:04:00
00QPh00000czpsZMAQ,2025-12-02 13:39:00
00QPh00000czrBCMAY,2025-11-14 13:23:00
00QPh00000czziEMAQ,2025-12-15 14:50:00
00QPh00000d006PMAQ,2025-11-18 17:08:00
00QPh00000d02mcMAA,2025-11-11 13:56:00
00QPh00000d05PSMAY,2025-11-11 08:39:00
00QPh00000d05Z7MAI,2025-11-11 09:08:00
00QPh00000d09knMAA,2025-11-11 09:03:00
00QPh00000d0AP7MAM,2025-11-17 10:42:00
00QPh00000d0BTFMA2,2025-12-02 16:43:00
00QPh00000d0DRsMAM,2025-11-11 11:01:00
00QPh00000d0E4XMAU,2025-11-11 10:01:00
00QPh00000d0HdVMAU,2025-11-18 14:06:00
00QPh00000d0VqAMAU,2025-11-14 14:18:00
00QPh00000d0fZNMAY,2025-11-11 09:02:00
00QPh00000d0gC5MAI,2025-11-12 09:43:00
00QPh00000d0iDuMAI,2025-11-17 14:50:00
00QPh00000d0nezMAA,2025-11-11 09:32:00
00QPh00000d0qRaMAI,2025-11-25 10:19:00
00QPh00000d0vW5MAI,2025-11-11 08:33:00
00QPh00000d12e2MAA,2025-11-11 14:30:00
00QPh00000d16GDMAY,2025-11-11 08:36:00
00QPh00000d1Mo1MAE,2025-11-11 09:15:00
00QPh00000d1RULMA2,2025-11-11 10:22:00
00QPh00000d1SQPMA2,2025-11-11 10:00:00
00QPh00000d1UK9MAM,2025-11-11 09:41:00
00QPh00000d1eHuMAI,2025-11-11 12:04:00
00QPh00000d1giDMAQ,2025-11-19 15:18:00
00QPh00000d1lZVMAY,2025-11-11 10:24:00
00QPh00000d1nMnMAI,2025-11-28 10:50:00
00QPh00000d1qfdMAA,2025-11-11 10:40:00
00QPh00000d1vIjMAI,2025-11-11 10:52:00
00QPh00000d23WRMAY,2025-11-11 12:58:00
00QPh00000d24gzMAA,2025-11-12 11:38:00
00QPh00000d24ykMAA,2025-11-12 09:20:00
00QPh00000d2A1dMAE,2025-11-12 16:35:00
00QPh00000d2B0xMAE,2025-11-11 12:15:00
00QPh00000d2B7NMAU,2025-12-09 10:27:00
00QPh00000d2C6fMAE,2025-11-11 11:34:00
00QPh00000d2EurMAE,2025-11-11 11:44:00
00QPh00000d2GAHMA2,2025-11-11 12:05:00
00QPh00000d2JbBMAU,2025-11-11 11:57:00
00QPh00000d2KdhMAE,2025-11-17 10:31:00
00QPh00000d2MArMAM,2025-11-11 12:01:00
00QPh00000d2MlxMAE,2025-11-11 12:03:00
00QPh00000d2V7iMAE,2025-11-11 12:29:00
00QPh00000d2WOjMAM,2025-11-11 13:53:00
00QPh00000d2ZpeMAE,2025-11-11 12:48:00
00QPh00000d2a7NMAQ,2025-11-11 12:34:00
00QPh00000d2kt7MAA,2025-11-11 13:05:00
00QPh00000d2lduMAA,2025-11-11 15:10:00
00QPh00000d2lsQMAQ,2025-11-11 14:15:00
00QPh00000d2ozyMAA,2025-11-11 13:25:00
00QPh00000d2tegMAA,2025-11-11 14:26:00
00QPh00000d2uxLMAQ,2025-11-11 13:49:00
00QPh00000d2wXhMAI,2025-11-13 09:06:00
00QPh00000d2zgsMAA,2025-11-11 13:59:00
00QPh00000d336CMAQ,2025-11-11 15:42:00
00QPh00000d34IQMAY,2025-11-11 14:32:00
00QPh00000d351aMAA,2025-11-11 14:35:00
00QPh00000d35xfMAA,2025-12-02 11:31:00
00QPh00000d3F5nMAE,2025-11-12 09:02:00
00QPh00000d3KOjMAM,2025-11-19 11:58:00
00QPh00000d3LsgMAE,2025-11-11 14:26:00
00QPh00000d3SapMAE,2025-11-11 15:34:00
00QPh00000d3XAhMAM,2025-11-11 16:01:00
00QPh00000d3bCfMAI,2025-11-12 09:09:00
00QPh00000d3dCtMAI,2025-11-11 15:39:00
00QPh00000d3dG5MAI,2025-11-11 14:49:00
00QPh00000d3dpbMAA,2025-11-11 16:46:00
00QPh00000d3g5uMAA,2025-11-11 16:39:00
00QPh00000d3jmvMAA,2025-11-11 15:12:00
00QPh00000d3ujyMAA,2025-11-11 15:49:00
00QPh00000d41dOMAQ,2025-11-11 16:29:00
00QPh00000d41iFMAQ,2025-11-11 17:21:00
00QPh00000d41n3MAA,2025-11-11 16:05:00
00QPh00000d42snMAA,2025-11-11 16:10:00
00QPh00000d49e9MAA,2025-11-11 16:24:00
00QPh00000d4A0kMAE,2025-11-11 17:08:00
00QPh00000d4A42MAE,2025-11-11 17:05:00
00QPh00000d4B4sMAE,2025-11-12 08:53:00
00QPh00000d4JSEMA2,2025-11-17 10:29:00
00QPh00000d4Oq5MAE,2025-11-21 10:32:00
00QPh00000d4PJ7MAM,2025-11-11 17:08:00
00QPh00000d4PnlMAE,2025-11-17 09:57:00
00QPh00000d4WakMAE,2025-11-11 18:12:00
00QPh00000d4WsTMAU,2025-11-12 08:51:00
00QPh00000d4WxJMAU,2025-11-13 09:40:00
00QPh00000d4gILMAY,2025-11-11 18:19:00
00QPh00000d4iQbMAI,2025-11-18 14:06:00
00QPh00000d4opOMAQ,2025-11-11 19:06:00
00QPh00000d4ouDMAQ,2025-11-12 10:25:00
00QPh00000d4pblMAA,2025-11-11 18:44:00
00QPh00000d4sjJMAQ,2025-11-17 15:08:00
00QPh00000d4u8PMAQ,2025-11-17 11:31:00
00QPh00000d4wJtMAI,2025-11-13 13:06:00
00QPh00000d4xz8MAA,2025-11-12 08:35:00
00QPh00000d50AdMAI,2025-11-11 19:28:00
00QPh00000d50LtMAI,2025-11-13 13:36:00
00QPh00000d52AnMAI,2025-11-11 19:31:00
00QPh00000d53MzMAI,2025-11-17 10:19:00
00QPh00000d56EPMAY,2025-11-20 10:43:00
00QPh00000d56azMAA,2025-11-11 19:52:00
00QPh00000d59k9MAA,2025-11-24 10:52:00
00QPh00000d5B2nMAE,2025-11-12 10:00:00
00QPh00000d5DB6MAM,2025-11-12 09:05:00
00QPh00000d5JbRMAU,2025-11-12 09:49:00
00QPh00000d5N2OMAU,2025-11-18 16:36:00
00QPh00000d5QMnMAM,2025-11-13 14:22:00
00QPh00000d5RM8MAM,2025-11-12 09:57:00
00QPh00000d5TFpMAM,2025-11-12 08:45:00
00QPh00000d5WonMAE,2025-11-12 10:00:00
00QPh00000d5aUDMAY,2025-11-12 13:12:00
00QPh00000d5aXSMAY,2025-11-19 14:56:00
00QPh00000d5bQHMAY,2025-11-12 09:55:00
00QPh00000d5fLpMAI,2025-11-12 09:11:00
00QPh00000d5mFFMAY,2025-11-28 12:03:00
00QPh00000d66NdMAI,2025-11-12 11:00:00
00QPh00000d68HQMAY,2025-11-13 08:50:00
00QPh00000d6GA6MAM,2025-11-24 15:30:00
00QPh00000d6HyzMAE,2025-11-17 11:23:00
00QPh00000d6TKDMA2,2025-11-12 11:02:00
00QPh00000d6cYoMAI,2025-11-12 09:21:00
00QPh00000d6edqMAA,2025-11-13 09:22:00
00QPh00000d6hIOMAY,2025-11-12 14:27:00
00QPh00000d6lIkMAI,2025-11-12 09:21:00
00QPh00000d6olFMAQ,2025-11-12 13:55:00
00QPh00000d6rKwMAI,2025-11-12 09:27:00
00QPh00000d6s7JMAQ,2025-11-12 08:39:00
00QPh00000d6uXLMAY,2025-11-12 11:06:00
00QPh00000d6vA2MAI,2025-11-12 08:54:00
00QPh00000d6x0XMAQ,2025-11-12 08:57:00
00QPh00000d6zqLMAQ,2025-11-14 14:41:00
00QPh00000d756AMAQ,2025-11-12 09:30:00
00QPh00000d776LMAQ,2025-11-17 11:39:00
00QPh00000d7ID3MAM,2025-11-12 09:59:00
00QPh00000d7IGHMA2,2025-11-12 10:00:00
00QPh00000d7IY2MAM,2025-11-12 11:37:00
00QPh00000d7JqfMAE,2025-11-12 10:03:00
00QPh00000d7Lb5MAE,2025-11-12 11:39:00
00QPh00000d7MzpMAE,2025-11-12 10:12:00
00QPh00000d7TGYMA2,2025-11-12 13:11:00
00QPh00000d7UqvMAE,2025-11-17 15:07:00
00QPh00000d7bysMAA,2025-11-12 11:07:00
00QPh00000d7g2TMAQ,2025-11-12 11:04:00
00QPh00000d7kXYMAY,2025-11-12 14:20:00
00QPh00000d7n3yMAA,2025-11-12 12:06:00
00QPh00000d7nAQMAY,2025-11-10 14:43:00
00QPh00000d7vSwMAI,2025-11-20 09:30:00
00QPh00000d7vmHMAQ,2025-11-12 11:47:00
00QPh00000d7zhpMAA,2025-11-12 11:54:00
00QPh00000d82PZMAY,2025-11-12 14:38:00
00QPh00000d84BFMAY,2025-11-14 12:15:00
00QPh00000d88htMAA,2025-11-12 13:39:00
00QPh00000d89kQMAQ,2025-11-12 12:41:00
00QPh00000d8AQLMA2,2025-11-12 13:25:00
00QPh00000d8C7BMAU,2025-11-12 12:26:00
00QPh00000d8CGsMAM,2025-11-14 14:10:00
00QPh00000d8GKUMA2,2025-11-19 14:22:00
00QPh00000d8M1iMAE,2025-11-13 08:56:00
00QPh00000d8UNSMA2,2025-11-12 15:22:00
00QPh00000d8ZDRMA2,2025-11-13 09:04:00
00QPh00000d8ZOkMAM,2025-11-12 13:26:00
00QPh00000d8cODMAY,2025-11-14 11:07:00
00QPh00000d8rNGMAY,2025-11-12 13:54:00
00QPh00000d93wIMAQ,2025-11-12 14:09:00
00QPh00000d95WhMAI,2025-11-12 15:32:00
00QPh00000d9N2BMAU,2025-11-12 15:56:00
00QPh00000d9PlWMAU,2025-11-12 15:25:00
00QPh00000d9SGMMA2,2025-11-12 15:42:00
00QPh00000d9TFeMAM,2025-11-12 18:11:00
00QPh00000d9X9ZMAU,2025-11-12 15:24:00
00QPh00000d9eivMAA,2025-11-12 15:45:00
00QPh00000d9iL7MAI,2025-11-12 15:55:00
00QPh00000d9k0MMAQ,2025-11-12 16:43:00
00QPh00000d9kRlMAI,2025-11-12 16:04:00
00QPh00000d9nUVMAY,2025-11-12 17:50:00
00QPh00000d9ncXMAQ,2025-11-14 11:05:00
00QPh00000d9otaMAA,2025-11-13 09:07:00
00QPh00000d9psrMAA,2025-12-01 10:54:00
00QPh00000d9qLtMAI,2025-11-14 13:31:00
00QPh00000d9s18MAA,2025-11-12 16:49:00
00QPh00000d9tV4MAI,2025-11-13 09:00:00
00QPh00000d9vqDMAQ,2025-11-12 16:36:00
00QPh00000d9xLlMAI,2025-11-12 16:40:00
00QPh00000dA0I2MAK,2025-11-12 17:00:00
00QPh00000dA2JpMAK,2025-11-13 08:54:00
00QPh00000dABi5MAG,2025-11-13 14:21:00
00QPh00000dABlKMAW,2025-11-12 17:59:00
00QPh00000dABtOMAW,2025-11-14 09:30:00
00QPh00000dAOx3MAG,2025-11-14 09:18:00
00QPh00000dAP6jMAG,2025-11-12 18:16:00
00QPh00000dAPUvMAO,2025-11-12 18:25:00
00QPh00000dATdNMAW,2025-11-12 18:34:00
00QPh00000dAUEUMA4,2025-11-12 18:48:00
00QPh00000dAYwPMAW,2025-11-12 18:51:00
00QPh00000dAjWrMAK,2025-11-12 19:23:00
00QPh00000dAk37MAC,2025-11-12 19:28:00
00QPh00000dAmOJMA0,2025-11-18 13:33:00
00QPh00000dBAIXMA4,2025-11-13 13:37:00
00QPh00000dBFmrMAG,2025-11-17 10:55:00
00QPh00000dBGqzMAG,2025-11-14 13:50:00
00QPh00000dBLViMAO,2025-11-13 09:01:00
00QPh00000dBMBdMAO,2025-12-10 12:38:00
00QPh00000dBMWcMAO,2025-11-13 09:09:00
00QPh00000dBR9hMAG,2025-11-17 09:59:00
00QPh00000dBRCvMAO,2025-11-13 12:15:00
00QPh00000dBV0QMAW,2025-12-23 17:00:00
00QPh00000dBct7MAC,2025-11-13 08:42:00
00QPh00000dBf2zMAC,2025-11-13 09:20:00
00QPh00000dBj1nMAC,2025-11-14 09:34:00
00QPh00000dC24PMAS,2026-01-30 15:00:00
00QPh00000dCBCXMA4,2025-11-14 13:50:00
00QPh00000dCE2LMAW,2025-11-17 14:06:00
00QPh00000dCELiMAO,2025-11-13 08:36:00
00QPh00000dCEvCMAW,2025-11-13 10:35:00
00QPh00000dCNaHMAW,2025-11-14 09:52:00
00QPh00000dCWNRMA4,2025-11-20 10:44:00
00QPh00000dCYkDMAW,2025-11-13 09:00:00
00QPh00000dCcCkMAK,2025-11-13 17:18:00
00QPh00000dCdS9MAK,2025-11-13 08:35:00
00QPh00000dCemQMAS,2025-11-14 10:00:00
00QPh00000dCfwzMAC,2025-11-13 09:00:00
00QPh00000dCo2bMAC,2025-11-14 10:08:00
00QPh00000dCqHJMA0,2025-11-18 10:19:00
00QPh00000dCzMDMA0,2025-11-13 09:55:00
00QPh00000dD3KzMAK,2025-11-13 09:46:00
00QPh00000dD5eXMAS,2025-11-17 10:15:00
00QPh00000dD8hHMAS,2025-11-14 09:27:00
00QPh00000dD9S1MAK,2025-11-13 10:01:00
00QPh00000dDAvyMAG,2025-11-13 11:00:00
00QPh00000dDBf7MAG,2025-11-13 10:06:00
00QPh00000dDETLMA4,2025-11-19 18:09:00
00QPh00000dDKvJMAW,2025-11-13 11:50:00
00QPh00000dDNzdMAG,2025-11-13 10:37:00
00QPh00000dDWoRMAW,2025-11-17 09:46:00
00QPh00000dDbCzMAK,2025-11-13 11:12:00
00QPh00000dDdbOMAS,2025-11-13 11:34:00
00QPh00000dDhALMA0,2025-11-13 17:01:00
00QPh00000dDiKwMAK,2025-11-13 12:28:00
00QPh00000dDmmjMAC,2025-11-13 13:00:00
00QPh00000dDoyEMAS,2025-11-13 14:21:00
00QPh00000dDtMpMAK,2025-11-13 13:48:00
00QPh00000dDu4LMAS,2025-11-13 12:01:00
00QPh00000dDuxBMAS,2025-11-13 12:04:00
00QPh00000dDxBtMAK,2025-11-13 12:07:00
00QPh00000dDycbMAC,2025-11-13 12:11:00
00QPh00000dE5HWMA0,2025-11-17 11:21:00
00QPh00000dEE6IMAW,2025-11-13 14:27:00
00QPh00000dEJXOMA4,2025-11-13 14:15:00
00QPh00000dEKd7MAG,2025-11-13 13:05:00
00QPh00000dELXeMAO,2025-11-13 15:50:00
00QPh00000dEQYsMAO,2025-11-13 13:58:00
00QPh00000dERt7MAG,2025-11-13 13:45:00
00QPh00000dEXC9MAO,2025-11-13 13:41:00
00QPh00000dEYmXMAW,2025-11-13 14:00:00
00QPh00000dEhRfMAK,2025-11-13 16:32:00
00QPh00000dEm9bMAC,2025-11-13 15:10:00
00QPh00000dEr9IMAS,2025-11-13 17:22:00
00QPh00000dF0NpMAK,2025-11-13 14:12:00
00QPh00000dF0ioMAC,2025-11-13 15:28:00
00QPh00000dF7NiMAK,2025-11-13 14:33:00
00QPh00000dF7txMAC,2025-11-13 14:29:00
00QPh00000dF99NMAS,2025-11-14 09:25:00
00QPh00000dFBJFMA4,2025-11-13 16:00:00
00QPh00000dFBPkMAO,2025-11-17 10:48:00
00QPh00000dFBj4MAG,2025-12-04 12:25:00
00QPh00000dFC0qMAG,2025-11-13 15:27:00
00QPh00000dFEk9MAG,2025-11-13 14:53:00
00QPh00000dFIhMMAW,2025-11-13 16:30:00
00QPh00000dFQoXMAW,2025-11-13 15:29:00
00QPh00000dFSX1MAO,2025-12-03 16:11:00
00QPh00000dFTCvMAO,2025-11-13 15:37:00
00QPh00000dFU7NMAW,2025-11-13 15:42:00
00QPh00000dFWtxMAG,2025-11-13 15:48:00
00QPh00000dFXZuMAO,2025-11-14 09:22:00
00QPh00000dFXmoMAG,2025-11-13 16:00:00
00QPh00000dFZ3pMAG,2025-11-13 15:54:00
00QPh00000dFahRMAS,2025-11-13 17:08:00
00QPh00000dFbQdMAK,2025-11-13 18:55:00
00QPh00000dFcEbMAK,2025-11-13 16:04:00
00QPh00000dFeWYMA0,2025-11-17 13:27:00
00QPh00000dFkFPMA0,2025-11-14 13:53:00
00QPh00000dFkdZMAS,2025-11-14 10:32:00
00QPh00000dFkorMAC,2025-11-13 16:28:00
00QPh00000dFnErMAK,2025-11-13 16:37:00
00QPh00000dFnbRMAS,2025-11-13 16:38:00
00QPh00000dFp3lMAC,2025-11-13 16:43:00
00QPh00000dFpgTMAS,2025-11-13 16:45:00
00QPh00000dFpzpMAC,2025-11-13 16:47:00
00QPh00000dFu3SMAS,2025-11-13 17:34:00
00QPh00000dFuxtMAC,2025-11-13 19:56:00
00QPh00000dFzBBMA0,2025-11-13 17:17:00
00QPh00000dG3EoMAK,2025-11-13 17:37:00
00QPh00000dG5V8MAK,2025-11-13 18:05:00
00QPh00000dG7LdMAK,2025-11-13 17:49:00
00QPh00000dG9X7MAK,2025-11-13 17:51:00
00QPh00000dG9bxMAC,2025-11-14 09:47:00
00QPh00000dGEQMMA4,2025-11-13 18:30:00
00QPh00000dGEmvMAG,2025-11-13 18:10:00
00QPh00000dGMHRMA4,2025-11-13 18:35:00
00QPh00000dGNlNMAW,2025-12-05 12:06:00
00QPh00000dGOCnMAO,2025-11-13 18:41:00
00QPh00000dGPf7MAG,2025-12-08 10:38:00
00QPh00000dGm3rMAC,2025-11-18 10:20:00
00QPh00000dGv77MAC,2025-11-14 09:09:00
00QPh00000dGyMmMAK,2025-11-18 13:27:00
00QPh00000dH0RlMAK,2025-11-14 11:03:00
00QPh00000dH78HMAS,2025-11-14 09:09:00
00QPh00000dHAuAMAW,2025-11-14 10:00:00
00QPh00000dHD2PMAW,2025-11-14 14:26:00
00QPh00000dHGptMAG,2025-11-14 09:09:00
00QPh00000dHRGfMAO,2025-11-14 09:40:00
00QPh00000dHSfmMAG,2025-12-01 14:06:00
00QPh00000dHViXMAW,2025-11-14 11:00:00
00QPh00000dI1KAMA0,2025-11-14 11:32:00
00QPh00000dID3bMAG,2025-11-14 10:07:00
00QPh00000dIMQDMA4,2025-11-18 09:37:00
00QPh00000dIOyHMAW,2025-11-17 12:36:00
00QPh00000dIQvFMAW,2025-11-18 12:59:00
00QPh00000dITJdMAO,2025-11-14 09:08:00
00QPh00000dIUArMAO,2025-11-14 09:10:00
00QPh00000dIVWkMAO,2025-11-14 10:55:00
00QPh00000dIWCfMAO,2025-11-14 09:08:00
00QPh00000dIZLpMAO,2025-11-14 11:56:00
00QPh00000dIZX7MAO,2025-11-17 10:48:00
00QPh00000dIgbrMAC,2025-11-17 09:52:00
00QPh00000dIjl0MAC,2025-11-14 14:16:00
00QPh00000dIwLeMAK,2025-11-14 10:37:00
00QPh00000dIzo9MAC,2025-11-17 14:37:00
00QPh00000dJ8UuMAK,2025-11-14 14:20:00
00QPh00000dJ8ZiMAK,2025-11-14 10:21:00
00QPh00000dJBMHMA4,2025-11-14 10:45:00
00QPh00000dJCLZMA4,2025-11-14 10:25:00
00QPh00000dJCa5MAG,2025-11-14 10:25:00
00QPh00000dJDMTMA4,2025-11-14 10:30:00
00QPh00000dJFCzMAO,2025-11-18 16:26:00
00QPh00000dJIE7MAO,2025-11-14 11:46:00
00QPh00000dJKxRMAW,2025-11-14 10:48:00
00QPh00000dJNIdMAO,2025-11-14 12:08:00
00QPh00000dJQMvMAO,2025-11-14 11:02:00
00QPh00000dJWIjMAO,2025-11-14 12:34:00
00QPh00000dJd2QMAS,2025-11-18 09:48:00
00QPh00000dJhfWMAS,2025-11-14 14:45:00
00QPh00000dJk5VMAS,2025-11-14 12:18:00
00QPh00000dJodlMAC,2025-11-14 12:10:00
00QPh00000dJqSfMAK,2025-11-14 12:16:00
00QPh00000dJs33MAC,2025-11-14 12:19:00
00QPh00000dJxUBMA0,2025-11-14 13:49:00
00QPh00000dJzMHMA0,2025-11-14 12:41:00
00QPh00000dJzhFMAS,2025-11-17 16:52:00
00QPh00000dJzyzMAC,2025-11-14 12:41:00
00QPh00000dK241MAC,2025-11-14 13:06:00
00QPh00000dK3MfMAK,2025-11-14 12:52:00
00QPh00000dK5hpMAC,2025-11-14 12:58:00
00QPh00000dK7wXMAS,2025-11-14 13:01:00
00QPh00000dK82zMAC,2025-11-14 13:00:00
00QPh00000dKISCMA4,2025-11-14 13:53:00
00QPh00000dKL9wMAG,2025-11-14 15:22:00
00QPh00000dKLTHMA4,2025-11-18 11:57:00
00QPh00000dKMqkMAG,2025-11-17 09:31:00
00QPh00000dKO9NMAW,2025-11-19 13:58:00
00QPh00000dKPNFMA4,2025-11-17 11:30:00
00QPh00000dKhDdMAK,2025-11-14 14:02:00
00QPh00000dKj90MAC,2025-11-14 14:51:00
00QPh00000dKlXQMA0,2025-11-14 15:56:00
00QPh00000dKnSjMAK,2025-11-14 14:13:00
00QPh00000dKpazMAC,2025-11-14 14:37:00
00QPh00000dL0wDMAS,2025-11-18 08:40:00
00QPh00000dL17VMAS,2025-11-14 15:02:00
00QPh00000dL6aDMAS,2025-11-14 15:18:00
00QPh00000dLB0PMAW,2025-11-14 15:35:00
00QPh00000dLDwfMAG,2025-11-14 15:44:00
00QPh00000dLFNOMA4,2025-11-17 11:57:00
00QPh00000dLLz3MAG,2025-11-17 13:48:00
00QPh00000dLSKcMAO,2025-11-17 12:35:00
00QPh00000dLTgTMAW,2025-11-18 12:12:00
00QPh00000dLXVZMA4,2025-11-19 14:32:00
00QPh00000dLpM1MAK,2025-11-17 11:05:00
00QPh00000dLun7MAC,2025-11-17 08:46:00
00QPh00000dM0irMAC,2025-11-17 13:31:00
00QPh00000dM4jHMAS,2025-11-13 08:46:00
00QPh00000dMCAYMA4,2025-12-09 10:39:00
00QPh00000dMDBUMA4,2025-11-17 13:19:00
00QPh00000dMJaDMAW,2025-11-17 10:16:00
00QPh00000dMLLxMAO,2025-11-18 10:33:00
00QPh00000dMMQ3MAO,2025-11-17 09:19:00
00QPh00000dMTZZMA4,2025-11-17 12:21:00
00QPh00000dMTjFMAW,2025-11-17 08:52:00
00QPh00000dMWUDMA4,2025-11-17 09:16:00
00QPh00000dMXN3MAO,2025-11-19 16:20:00
00QPh00000dMcwEMAS,2026-01-05 13:58:00
00QPh00000dMkoxMAC,2025-11-17 08:49:00
00QPh00000dMpF7MAK,2025-11-17 10:02:00
00QPh00000dMprpMAC,2025-11-19 09:52:00
00QPh00000dMsbBMAS,2025-11-17 10:50:00
00QPh00000dMvpCMAS,2025-11-18 09:32:00
00QPh00000dN2QsMAK,2025-11-17 10:03:00
00QPh00000dN7GrMAK,2025-11-19 15:36:00
00QPh00000dNPk2MAG,2025-11-17 17:10:00
00QPh00000dNZQ1MAO,2025-11-19 10:20:00
00QPh00000dNdYXMA0,2025-11-18 09:06:00
00QPh00000dNlr0MAC,2025-11-17 12:00:00
00QPh00000dNoFOMA0,2025-11-17 12:37:00
00QPh00000dNqDyMAK,2025-11-18 13:31:00
00QPh00000dNs65MAC,2026-01-12 12:29:00
00QPh00000dNwBJMA0,2025-11-17 09:43:00
00QPh00000dO0JlMAK,2025-11-17 09:42:00
00QPh00000dO7JeMAK,2025-11-20 10:16:00
00QPh00000dO8sPMAS,2025-11-18 09:00:00
00QPh00000dODk1MAG,2025-11-17 08:51:00
00QPh00000dOIGfMAO,2025-11-19 12:40:00
00QPh00000dOJnpMAG,2025-11-17 10:10:00
00QPh00000dONLIMA4,2025-11-17 11:54:00
00QPh00000dOPrdMAG,2025-11-17 09:21:00
00QPh00000dOQ2vMAG,2025-11-17 09:40:00
00QPh00000dOZCfMAO,2025-11-17 09:04:00
00QPh00000dOaofMAC,2025-11-17 08:41:00
00QPh00000dObUgMAK,2025-11-17 09:26:00
00QPh00000dOciSMAS,2025-11-24 09:59:00
00QPh00000dOwCVMA0,2025-11-17 10:23:00
00QPh00000dOzDcMAK,2025-11-17 10:21:00
00QPh00000dOzTiMAK,2026-01-06 18:22:00
00QPh00000dP2RZMA0,2025-11-17 10:00:00
00QPh00000dP5xKMAS,2025-11-17 16:30:00
00QPh00000dP6a1MAC,2025-11-17 14:26:00
00QPh00000dPH7FMAW,2025-11-17 09:09:00
00QPh00000dPIrJMAW,2025-11-17 11:42:00
00QPh00000dPKrWMAW,2025-11-17 08:51:00
00QPh00000dPRRZMA4,2025-11-17 08:56:00
00QPh00000dPSIqMAO,2025-11-19 09:53:00
00QPh00000dPVWnMAO,2025-11-17 08:57:00
00QPh00000dPb2kMAC,2025-11-18 09:30:00
00QPh00000dPdUMMA0,2025-11-17 09:17:00
00QPh00000dPhT8MAK,2025-11-17 10:02:00
00QPh00000dPhbBMAS,2025-12-04 16:24:00
00QPh00000dPhg2MAC,2025-11-17 08:53:00
00QPh00000dPokkMAC,2025-11-17 12:29:00
00QPh00000dPr7VMAS,2025-12-17 16:09:00
00QPh00000dPvflMAC,2025-11-18 11:42:00
00QPh00000dQ55dMAC,2025-11-25 10:49:00
00QPh00000dQB1NMAW,2025-11-17 15:38:00
00QPh00000dQhyxMAC,2025-11-17 09:52:00
00QPh00000dQxQzMAK,2025-11-17 10:15:00
00QPh00000dR0BxMAK,2025-11-16 10:19:00
00QPh00000dR2iPMAS,2025-11-17 13:40:00
00QPh00000dR44JMAS,2025-11-17 16:14:00
00QPh00000dR6EBMA0,2025-11-16 12:07:00
00QPh00000dR6HNMA0,2025-11-18 13:32:00
00QPh00000dR75OMAS,2025-11-16 11:58:00
00QPh00000dRCHyMAO,2025-11-20 16:46:00
00QPh00000dRE0PMAW,2025-11-17 13:50:00
00QPh00000dRERqMAO,2025-11-17 14:55:00
00QPh00000dRG5TMAW,2025-12-17 11:56:00
00QPh00000dRHUbMAO,2025-11-18 09:03:00
00QPh00000dRIQbMAO,2025-11-16 12:51:00
00QPh00000dRJg1MAG,2025-11-19 10:13:00
00QPh00000dRJhdMAG,2025-11-17 11:05:00
00QPh00000dRJsvMAG,2025-11-17 08:54:00
00QPh00000dRLQ5MAO,2025-11-17 09:21:00
00QPh00000dRPrwMAG,2025-11-17 09:45:00
00QPh00000dRS8JMAW,2025-11-20 08:56:00
00QPh00000dRVm2MAG,2025-11-19 11:08:00
00QPh00000dRXUTMA4,2025-11-16 13:51:00
00QPh00000dRe4XMAS,2025-11-19 09:38:00
00QPh00000dRfJxMAK,2025-11-19 15:00:00
00QPh00000dRfJyMAK,2025-11-18 13:37:00
00QPh00000dRfYVMA0,2025-11-17 09:11:00
00QPh00000dRfrsMAC,2025-11-17 08:59:00
00QPh00000dRk8LMAS,2025-11-17 09:03:00
00QPh00000dRkDBMA0,2025-11-17 11:22:00
00QPh00000dRmWkMAK,2025-11-17 15:40:00
00QPh00000dRnHVMA0,2025-11-18 16:26:00
00QPh00000dRpPlMAK,2025-11-17 13:51:00
00QPh00000dRqvJMAS,2025-11-17 09:39:00
00QPh00000dRt0NMAS,2025-11-17 08:42:00
00QPh00000dRvBrMAK,2025-11-17 09:30:00
00QPh00000dRvOkMAK,2025-12-10 12:47:00
00QPh00000dS2y5MAC,2025-11-17 10:10:00
00QPh00000dS3NuMAK,2025-11-26 10:25:00
00QPh00000dSD2HMAW,2025-11-19 09:10:00
00QPh00000dSEmLMAW,2025-11-17 09:14:00
00QPh00000dSG3NMAW,2025-11-17 14:48:00
00QPh00000dSOaSMAW,2025-11-17 09:10:00
00QPh00000dSOovMAG,2025-11-17 09:37:00
00QPh00000dSZ2uMAG,2025-11-18 08:46:00
00QPh00000dSbPZMA0,2026-01-06 15:03:00
00QPh00000dSbmBMAS,2025-11-19 16:49:00
00QPh00000dSlYcMAK,2025-11-17 15:06:00
00QPh00000dSqN0MAK,2025-11-17 17:57:00
00QPh00000dT6oMMAS,2025-11-17 18:31:00
00QPh00000dTVMvMAO,2025-12-10 11:42:00
00QPh00000dTbqXMAS,2025-11-17 09:01:00
00QPh00000dTsGJMA0,2025-11-17 09:00:00
00QPh00000dU6G4MAK,2025-11-17 10:18:00
00QPh00000dUAzZMAW,2025-11-17 09:05:00
00QPh00000dULqAMAW,2025-11-17 10:11:00
00QPh00000dUY7RMAW,2025-11-17 09:44:00
00QPh00000dUaSbMAK,2025-11-17 10:11:00
00QPh00000dUafVMAS,2025-11-17 09:50:00
00QPh00000dUb5LMAS,2025-11-17 10:29:00
00QPh00000dUbdBMAS,2025-11-17 09:52:00
00QPh00000dUbenMAC,2025-12-02 09:00:00
00QPh00000dUdyLMAS,2025-11-17 10:00:00
00QPh00000dUgHtMAK,2025-11-20 10:47:00
00QPh00000dUhNgMAK,2025-11-17 10:31:00
00QPh00000dUmghMAC,2025-11-17 10:43:00
00QPh00000dUpEjMAK,2025-11-17 13:30:00
00QPh00000dUrZxMAK,2025-11-17 15:25:00
00QPh00000dV3WEMA0,2025-11-17 11:33:00
00QPh00000dV8J2MAK,2025-11-17 11:54:00
00QPh00000dVAB7MAO,2025-11-17 11:17:00
00QPh00000dVBOwMAO,2025-11-18 08:50:00
00QPh00000dVH4XMAW,2025-11-17 11:28:00
00QPh00000dVI3rMAG,2025-11-17 11:54:00
00QPh00000dVKOzMAO,2025-11-17 11:37:00
00QPh00000dVL1hMAG,2025-11-17 11:57:00
00QPh00000dVL9lMAG,2025-11-19 13:48:00
00QPh00000dVO1CMAW,2025-11-18 09:12:00
00QPh00000dVSnyMAG,2025-11-17 12:20:00
00QPh00000dVWUzMAO,2025-11-17 12:03:00
00QPh00000dVWl8MAG,2025-11-17 12:05:00
00QPh00000dVdl0MAC,2025-11-17 15:23:00
00QPh00000dVf5GMAS,2025-11-17 14:25:00
00QPh00000dVhYTMA0,2025-11-17 12:32:00
00QPh00000dVtHtMAK,2025-11-20 10:27:00
00QPh00000dVuaXMAS,2025-11-17 16:10:00
00QPh00000dVucAMAS,2025-11-17 14:11:00
00QPh00000dWJXKMA4,2025-11-19 09:35:00
00QPh00000dWPOEMA4,2025-11-17 14:56:00
00QPh00000dWPRTMA4,2025-11-18 12:30:00
00QPh00000dWQVbMAO,2025-11-17 14:02:00
00QPh00000dWci1MAC,2025-11-18 10:03:00
00QPh00000dWdRBMA0,2025-11-17 14:27:00
00QPh00000dWheVMAS,2025-11-17 15:42:00
00QPh00000dWj5DMAS,2025-11-17 15:44:00
00QPh00000dWjGTMA0,2025-11-17 14:41:00
00QPh00000dWkfZMAS,2025-11-18 15:43:00
00QPh00000dWn2LMAS,2025-11-17 14:52:00
00QPh00000dWpLtMAK,2025-11-18 13:36:00
00QPh00000dWrPJMA0,2025-11-18 08:43:00
00QPh00000dWuqDMAS,2025-11-17 15:13:00
00QPh00000dWvUaMAK,2025-11-18 08:42:00
00QPh00000dWvXnMAK,2026-01-07 15:14:00
00QPh00000dWz6jMAC,2025-11-18 12:36:00
00QPh00000dX4G5MAK,2025-11-19 16:23:00
00QPh00000dXAoXMAW,2025-11-17 15:51:00
00QPh00000dXBXkMAO,2025-11-17 17:11:00
00QPh00000dXDL0MAO,2025-11-17 16:13:00
00QPh00000dXI2vMAG,2025-11-17 16:07:00
00QPh00000dXThZMAW,2025-11-18 12:00:00
00QPh00000dXTw1MAG,2025-11-17 16:36:00
00QPh00000dXh69MAC,2025-11-17 17:16:00
00QPh00000dXj6LMAS,2025-11-17 17:20:00
00QPh00000dXkX4MAK,2025-11-18 12:02:00
00QPh00000dXrn3MAC,2025-11-17 17:55:00
00QPh00000dY3bJMAS,2025-11-17 18:19:00
00QPh00000dY4YzMAK,2025-11-21 09:46:00
00QPh00000dY5hxMAC,2025-12-05 15:38:00
00QPh00000dY6hFMAS,2025-11-17 18:30:00
00QPh00000dY9ldMAC,2025-11-18 17:15:00
00QPh00000dYAcnMAG,2025-11-17 18:44:00
00QPh00000dYVnhMAG,2026-01-07 10:12:00
00QPh00000dYWFAMA4,2025-11-18 08:39:00
00QPh00000dYXESMA4,2025-11-18 08:37:00
00QPh00000dYfWzMAK,2025-11-05 19:02:00
00QPh00000dYg82MAC,2025-11-18 11:01:00
00QPh00000dYhH0MAK,2025-11-18 12:12:00
00QPh00000dYmjhMAC,2025-11-18 08:33:00
00QPh00000dYqdhMAC,2025-11-26 11:01:00
00QPh00000dYqwzMAC,2025-11-18 13:11:00
00QPh00000dZ477MAC,2025-11-18 17:18:00
00QPh00000dZ814MAC,2025-11-18 10:01:00
00QPh00000dZ8FaMAK,2025-11-19 13:08:00
00QPh00000dZo9xMAC,2025-11-18 08:37:00
00QPh00000dZsjpMAC,2025-11-18 09:03:00
00QPh00000dZtHiMAK,2025-11-18 09:02:00
00QPh00000dZvplMAC,2025-11-18 08:35:00
00QPh00000da1yPMAQ,2025-11-18 11:42:00
00QPh00000da6ekMAA,2025-11-18 09:51:00
00QPh00000da94jMAA,2025-11-18 08:30:00
00QPh00000da9kfMAA,2025-11-24 12:29:00
00QPh00000daEimMAE,2025-11-26 09:18:00
00QPh00000daGCfMAM,2025-11-18 08:54:00
00QPh00000daGqzMAE,2025-11-18 08:54:00
00QPh00000daIrCMAU,2025-11-18 09:24:00
00QPh00000daJqTMAU,2025-11-18 09:07:00
00QPh00000daMgHMAU,2025-11-18 12:40:00
00QPh00000daNCYMA2,2025-11-18 10:28:00
00QPh00000daRjCMAU,2025-11-18 10:15:00
00QPh00000daVQDMA2,2025-11-18 12:50:00
00QPh00000daWJ3MAM,2025-11-18 09:48:00
00QPh00000daX0cMAE,2025-11-18 10:19:00
00QPh00000daZOzMAM,2025-11-18 09:57:00
00QPh00000dadCTMAY,2025-11-18 10:06:00
00QPh00000dafB4MAI,2025-11-18 13:20:00
00QPh00000dahSzMAI,2025-11-18 10:18:00
00QPh00000dalWbMAI,2025-11-18 10:23:00
00QPh00000das1rMAA,2025-11-18 11:37:00
00QPh00000davpKMAQ,2025-11-18 12:44:00
00QPh00000db1bQMAQ,2025-11-18 11:55:00
00QPh00000dbFmRMAU,2025-11-18 12:42:00
00QPh00000dbHZhMAM,2025-11-18 14:14:00
00QPh00000dbIVqMAM,2025-11-18 13:05:00
00QPh00000dbMJFMA2,2025-11-13 18:22:00
00QPh00000dbMb0MAE,2025-11-18 12:14:00
00QPh00000dbNQbMAM,2025-12-01 12:46:00
00QPh00000dbO4xMAE,2025-12-22 16:30:00
00QPh00000dbOJSMA2,2025-11-18 13:00:00
00QPh00000dbRsPMAU,2025-11-18 12:02:00
00QPh00000dbVUcMAM,2025-11-18 16:20:00
00QPh00000dbWqTMAU,2025-11-18 12:15:00
00QPh00000dbXOLMA2,2025-11-18 12:15:00
00QPh00000dbXWZMA2,2025-12-01 10:22:00
00QPh00000dbbILMAY,2025-11-28 14:38:00
00QPh00000dbeOEMAY,2025-11-18 13:15:00
00QPh00000dbgl0MAA,2025-11-18 13:40:00
00QPh00000dbkqDMAQ,2025-11-18 12:46:00
00QPh00000dbm2PMAQ,2025-11-18 12:50:00
00QPh00000dbmonMAA,2025-11-19 11:06:00
00QPh00000dbnZZMAY,2025-12-03 11:23:00
00QPh00000dbng2MAA,2025-11-24 09:32:00
00QPh00000dboVeMAI,2025-12-03 15:44:00
00QPh00000dbq7dMAA,2025-11-18 16:06:00
00QPh00000dbqVpMAI,2025-11-18 13:02:00
00QPh00000dbqcIMAQ,2025-11-18 14:14:00
00QPh00000dbttVMAQ,2025-11-19 12:09:00
00QPh00000dbwcsMAA,2025-11-18 13:17:00
00QPh00000dbxtwMAA,2025-11-18 15:30:00
00QPh00000dc1e9MAA,2025-11-18 13:27:00
00QPh00000dcDvTMAU,2025-11-18 14:00:00
00QPh00000dcHXeMAM,2025-11-19 15:56:00
00QPh00000dcHsdMAE,2025-11-18 14:12:00
00QPh00000dcKAbMAM,2025-11-20 16:35:00
00QPh00000dcQkcMAE,2025-11-18 14:31:00
00QPh00000dcTnKMAU,2025-11-18 14:59:00
00QPh00000dcUoDMAU,2025-11-19 10:22:00
00QPh00000dcW0RMAU,2025-11-18 14:13:00
00QPh00000dcWq3MAE,2025-11-19 14:06:00
00QPh00000dcXR8MAM,2025-11-18 14:13:00
00QPh00000dcghJMAQ,2025-11-18 14:24:00
00QPh00000dcj45MAA,2025-11-19 09:25:00
00QPh00000dcpKpMAI,2025-11-18 15:25:00
00QPh00000dcq8pMAA,2025-11-26 08:56:00
00QPh00000dcqFGMAY,2025-11-19 09:01:00
00QPh00000dcxS1MAI,2025-11-24 13:32:00
00QPh00000dcxevMAA,2025-11-18 15:21:00
00QPh00000dd5pNMAQ,2025-11-18 15:43:00
00QPh00000dd7paMAA,2025-11-20 12:40:00
00QPh00000dd8qTMAQ,2025-11-18 16:19:00
00QPh00000ddCdyMAE,2025-11-18 17:01:00
00QPh00000ddS63MAE,2025-11-19 18:25:00
00QPh00000ddSvdMAE,2025-12-22 15:43:00
00QPh00000ddVThMAM,2025-11-19 16:42:00
00QPh00000ddXiPMAU,2025-11-18 17:04:00
00QPh00000ddduIMAQ,2025-11-19 13:05:00
00QPh00000dde3xMAA,2025-11-18 17:37:00
00QPh00000ddjBhMAI,2025-11-18 17:37:00
00QPh00000ddpYrMAI,2025-11-19 10:21:00
00QPh00000ddw5hMAA,2025-11-18 18:19:00
00QPh00000ddxMjMAI,2025-11-19 13:07:00
00QPh00000ddylpMAA,2025-11-18 18:27:00
00QPh00000de6Q1MAI,2025-11-19 12:22:00
00QPh00000de97mMAA,2025-11-24 11:09:00
00QPh00000de9SlMAI,2025-11-19 09:01:00
00QPh00000deA3pMAE,2025-11-18 18:59:00
00QPh00000deC0oMAE,2025-11-19 08:37:00
00QPh00000deDGDMA2,2025-11-19 14:41:00
00QPh00000deHZyMAM,2025-11-19 11:12:00
00QPh00000deJALMA2,2025-11-19 08:36:00
00QPh00000deMwDMAU,2025-11-19 08:31:00
00QPh00000deNfOMAU,2025-11-22 13:25:00
00QPh00000deQ2CMAU,2025-11-20 12:05:00
00QPh00000deQa1MAE,2025-11-19 15:15:00
00QPh00000deQoXMAU,2025-11-19 08:38:00
00QPh00000deTsrMAE,2025-11-21 14:45:00
00QPh00000deaslMAA,2025-12-05 10:28:00
00QPh00000decEbMAI,2025-11-19 11:35:00
00QPh00000decEcMAI,2025-11-19 10:33:00
00QPh00000defpBMAQ,2025-11-20 12:23:00
00QPh00000degRtMAI,2025-11-20 11:04:00
00QPh00000deh6DMAQ,2025-11-19 10:01:00
00QPh00000dei5VMAQ,2025-11-19 08:38:00
00QPh00000dejUcMAI,2025-12-04 10:40:00
00QPh00000dejWGMAY,2025-11-21 10:00:00
00QPh00000deptNMAQ,2025-11-19 11:36:00
00QPh00000deqcXMAQ,2026-01-27 12:51:00
00QPh00000derOwMAI,2025-11-20 12:33:00
00QPh00000desXuMAI,2025-11-19 09:04:00
00QPh00000dewOdMAI,2025-11-20 14:22:00
00QPh00000df0gkMAA,2025-11-19 10:34:00
00QPh00000df38MMAQ,2025-11-19 16:00:00
00QPh00000df5gQMAQ,2025-11-24 18:14:00
00QPh00000dfAjJMAU,2025-11-19 10:00:00
00QPh00000dfCmkMAE,2025-11-19 12:16:00
00QPh00000dfGrxMAE,2025-12-02 09:30:00
00QPh00000dfddHMAQ,2025-11-19 12:04:00
00QPh00000dfkhyMAA,2025-11-19 10:33:00
00QPh00000dfoATMAY,2025-11-20 13:37:00
00QPh00000dfoiLMAQ,2025-11-19 09:09:00
00QPh00000dfrWXMAY,2025-11-19 09:03:00
00QPh00000dft0UMAQ,2025-11-28 09:51:00
00QPh00000dfxKEMAY,2025-11-19 08:58:00
00QPh00000dgFAhMAM,2025-11-20 10:02:00
00QPh00000dgJz4MAE,2025-11-19 09:18:00
00QPh00000dgKgdMAE,2025-11-19 10:58:00
00QPh00000dgNWSMA2,2025-11-19 09:59:00
00QPh00000dgTokMAE,2025-11-20 08:51:00
00QPh00000dgTvBMAU,2025-11-19 09:17:00
00QPh00000dgUxiMAE,2025-11-20 09:12:00
00QPh00000dgaDXMAY,2025-11-19 14:29:00
00QPh00000dgbazMAA,2025-11-19 09:43:00
00QPh00000dggvdMAA,2025-11-19 09:57:00
00QPh00000dgjAMMAY,2025-11-19 10:05:00
00QPh00000dgngzMAA,2025-11-19 10:16:00
00QPh00000dgpdzMAA,2025-11-19 11:06:00
00QPh00000dgr9VMAQ,2025-11-19 10:28:00
00QPh00000dguXBMAY,2025-11-19 10:35:00
00QPh00000dgvcxMAA,2025-11-19 15:51:00
00QPh00000dgypLMAQ,2025-11-19 10:50:00
00QPh00000dh3M0MAI,2025-11-19 14:57:00
00QPh00000dh5CTMAY,2025-11-19 12:28:00
00QPh00000dh6mrMAA,2025-11-19 11:14:00
00QPh00000dh8aAMAQ,2025-11-19 11:33:00
00QPh00000dh9SzMAI,2025-11-19 11:14:00
00QPh00000dhJIfMAM,2025-11-19 11:36:00
00QPh00000dhNe1MAE,2025-11-19 11:45:00
00QPh00000dhThpMAE,2025-11-19 11:58:00
00QPh00000dhUIwMAM,2025-11-19 12:25:00
00QPh00000dhVdBMAU,2025-11-19 12:05:00
00QPh00000dhYG5MAM,2025-11-19 12:11:00
00QPh00000dhZqUMAU,2025-12-04 10:46:00
00QPh00000dhbykMAA,2025-11-19 12:48:00
00QPh00000dhcTQMAY,2025-11-19 16:28:00
00QPh00000dhiH3MAI,2025-11-19 12:35:00
00QPh00000dhiYnMAI,2025-11-19 12:36:00
00QPh00000dhme4MAA,2025-11-19 12:51:00
00QPh00000dhoEPMAY,2025-11-19 13:02:00
00QPh00000dhqo5MAA,2025-11-19 12:56:00
00QPh00000dhrU1MAI,2025-11-25 10:03:00
00QPh00000dhzJXMAY,2025-11-19 13:49:00
00QPh00000di1y1MAA,2025-11-20 09:10:00
00QPh00000di2AxMAI,2025-11-20 15:57:00
00QPh00000di3zrMAA,2025-11-20 09:22:00
00QPh00000di4j0MAA,2025-11-19 14:21:00
00QPh00000di6rGMAQ,2025-11-25 13:27:00
00QPh00000di9E2MAI,2025-11-19 14:39:00
00QPh00000diAhxMAE,2025-11-19 13:42:00
00QPh00000diGx5MAE,2025-11-19 14:44:00
00QPh00000diPCQMA2,2025-11-19 15:31:00
00QPh00000diRm1MAE,2025-11-19 16:55:00
00QPh00000diTuHMAU,2025-11-19 13:58:00
00QPh00000diUK7MAM,2025-11-19 16:30:00
00QPh00000diVxhMAE,2025-11-19 14:02:00
00QPh00000diXrTMAU,2025-11-20 08:44:00
00QPh00000diYnXMAU,2025-11-19 16:14:00
00QPh00000dig9xMAA,2025-11-19 14:28:00
00QPh00000digLHMAY,2025-11-19 15:23:00
00QPh00000dinMmMAI,2025-11-19 15:45:00
00QPh00000diqm1MAA,2025-11-20 09:39:00
00QPh00000dj3rKMAQ,2025-11-19 15:47:00
00QPh00000dj5OTMAY,2025-11-19 15:25:00
00QPh00000djAmLMAU,2025-11-19 15:36:00
00QPh00000djB7JMAU,2025-11-19 15:38:00
00QPh00000djBs7MAE,2025-11-19 16:10:00
00QPh00000djDsHMAU,2025-11-20 09:14:00
00QPh00000djF9JMAU,2025-11-20 12:34:00
00QPh00000djGN7MAM,2025-11-19 15:56:00
00QPh00000djHj4MAE,2025-11-21 12:30:00
00QPh00000djPbhMAE,2025-11-19 16:27:00
00QPh00000djSMhMAM,2025-11-24 14:07:00
00QPh00000djSxmMAE,2025-11-19 17:16:00
00QPh00000djZxfMAE,2025-11-19 17:25:00
00QPh00000djdy1MAA,2025-11-19 16:59:00
00QPh00000djgcZMAQ,2025-11-19 17:08:00
00QPh00000djge9MAA,2025-11-19 17:09:00
00QPh00000djhWzMAI,2025-11-19 17:13:00
00QPh00000djiGBMAY,2025-11-19 17:58:00
00QPh00000djmN0MAI,2025-11-20 09:14:00
00QPh00000djqlZMAQ,2025-11-21 10:24:00
00QPh00000djy1aMAA,2025-11-19 18:19:00
00QPh00000djy81MAA,2025-11-19 18:04:00
00QPh00000djzaLMAQ,2025-11-20 08:44:00
00QPh00000djzyXMAQ,2025-11-19 18:11:00
00QPh00000dk5ELMAY,2025-11-19 18:27:00
00QPh00000dkC4XMAU,2025-11-19 18:49:00
00QPh00000dkCcQMAU,2025-11-19 18:52:00
00QPh00000dkHh0MAE,2025-11-20 09:00:00
00QPh00000dkRYDMA2,2025-11-20 18:52:00
00QPh00000dkRpxMAE,2025-11-24 09:42:00
00QPh00000dkggvMAA,2025-11-20 14:06:00
00QPh00000dkkSnMAI,2025-11-21 12:03:00
00QPh00000dkl3uMAA,2025-11-21 10:11:00
00QPh00000dkm4pMAA,2025-11-21 09:24:00
00QPh00000dkm9dMAA,2025-11-20 11:35:00
00QPh00000dknwxMAA,2025-11-20 12:12:00
00QPh00000dkp5uMAA,2025-11-20 17:15:00
00QPh00000dkujxMAA,2025-11-20 11:40:00
00QPh00000dl1tRMAQ,2025-11-17 10:25:00
00QPh00000dl2kfMAA,2026-01-05 16:59:00
00QPh00000dl3ATMAY,2025-11-20 12:01:00
00QPh00000dl3dVMAQ,2025-11-20 11:41:00
00QPh00000dl4XxMAI,2025-11-24 09:12:00
00QPh00000dlLSQMA2,2025-11-20 11:36:00
00QPh00000dlOLPMA2,2026-01-14 16:36:00
00QPh00000dlSonMAE,2025-11-20 11:04:00
00QPh00000dlYXgMAM,2025-11-20 18:12:00
00QPh00000dldU6MAI,2025-11-20 09:10:00
00QPh00000dlfm3MAA,2025-11-20 09:23:00
00QPh00000dlhcYMAQ,2025-11-20 09:02:00
00QPh00000dlpa7MAA,2025-11-20 08:56:00
00QPh00000dlxpNMAQ,2025-11-13 09:43:00
00QPh00000dlygbMAA,2025-11-20 08:37:00
00QPh00000dlzhVMAQ,2025-12-04 10:06:00
00QPh00000dmLzlMAE,2025-11-20 08:53:00
00QPh00000dmNNGMA2,2025-11-20 09:04:00
00QPh00000dmPCAMA2,2025-11-20 11:10:00
00QPh00000dmVawMAE,2025-12-18 10:37:00
00QPh00000dmXhZMAU,2025-11-20 09:35:00
00QPh00000dmYTzMAM,2025-11-20 10:37:00
00QPh00000dmdaAMAQ,2025-11-20 10:50:00
00QPh00000dme38MAA,2025-11-20 10:19:00
00QPh00000dmekhMAA,2025-11-20 13:36:00
00QPh00000dmfwrMAA,2025-11-20 10:40:00
00QPh00000dmigDMAQ,2025-11-20 11:00:00
00QPh00000dmlB3MAI,2025-11-20 10:13:00
00QPh00000dmnb3MAA,2025-11-22 17:02:00
00QPh00000dmqp3MAA,2025-11-21 09:58:00
00QPh00000dn6diMAA,2025-12-03 17:07:00
00QPh00000dnD8vMAE,2025-11-20 11:32:00
00QPh00000dnMvOMAU,2025-11-20 13:07:00
00QPh00000dnW6kMAE,2025-11-18 13:17:00
00QPh00000dnaS6MAI,2025-11-20 15:01:00
00QPh00000dnbZSMAY,2025-11-20 13:25:00
00QPh00000dnbeHMAQ,2025-11-20 12:26:00
00QPh00000dncC9MAI,2025-11-20 12:28:00
00QPh00000dnhF4MAI,2025-11-20 15:48:00
00QPh00000dnkGAMAY,2025-11-20 12:59:00
00QPh00000dnlH5MAI,2025-11-20 15:43:00
00QPh00000dnlvOMAQ,2025-11-20 13:14:00
00QPh00000dnm8HMAQ,2025-11-20 12:57:00
00QPh00000dnqztMAA,2025-11-20 13:10:00
00QPh00000dnsf9MAA,2025-11-20 14:16:00
00QPh00000dnuYsMAI,2025-12-10 14:39:00
00QPh00000dnwlyMAA,2025-11-20 13:44:00
00QPh00000dnxi1MAA,2025-11-20 13:28:00
00QPh00000dnz2IMAQ,2025-11-21 13:56:00
00QPh00000do2BRMAY,2025-11-20 13:42:00
00QPh00000do2L7MAI,2025-11-20 13:40:00
00QPh00000do4LJMAY,2025-11-24 17:26:00
00QPh00000doDd9MAE,2025-11-20 15:03:00
00QPh00000doip2MAA,2025-11-20 15:57:00
00QPh00000dojptMAA,2025-11-20 14:48:00
00QPh00000dolrjMAA,2025-11-20 15:29:00
00QPh00000domCfMAI,2025-11-20 14:58:00
00QPh00000doomLMAQ,2025-11-20 15:05:00
00QPh00000dorc9MAA,2025-11-20 15:14:00
00QPh00000douLVMAY,2025-11-20 15:21:00
00QPh00000dp3F8MAI,2025-11-20 15:49:00
00QPh00000dpEIbMAM,2025-11-20 16:21:00
00QPh00000dpF8DMAU,2025-11-20 16:21:00
00QPh00000dpM9jMAE,2025-11-21 09:13:00
00QPh00000dpXJdMAM,2025-11-20 17:21:00
00QPh00000dpXl4MAE,2025-11-21 09:33:00
00QPh00000dpkyRMAQ,2025-11-21 09:03:00
00QPh00000dpmvNMAQ,2025-11-20 18:09:00
00QPh00000dpra7MAA,2025-11-20 18:44:00
00QPh00000dpvdhMAA,2025-11-20 18:30:00
00QPh00000dq1cgMAA,2025-11-24 16:36:00
00QPh00000dq3MjMAI,2025-11-21 09:48:00
00QPh00000dq4ViMAI,2025-11-21 09:08:00
00QPh00000dq53dMAA,2025-11-23 17:22:00
00QPh00000dqAw6MAE,2025-12-08 15:21:00
00QPh00000dqHj4MAE,2025-11-21 09:06:00
00QPh00000dqJjFMAU,2025-11-21 15:58:00
00QPh00000dqKFWMA2,2025-11-21 16:32:00
00QPh00000dqOe6MAE,2025-11-21 09:23:00
00QPh00000dqQnxMAE,2025-11-21 11:03:00
00QPh00000dqaaPMAQ,2025-11-22 10:55:00
00QPh00000dqdEvMAI,2025-11-21 09:04:00
00QPh00000dqgj4MAA,2025-11-22 15:14:00
00QPh00000dqicnMAA,2025-11-21 09:09:00
00QPh00000dqkczMAA,2025-11-21 11:06:00
00QPh00000dqrzSMAQ,2025-11-21 15:51:00
00QPh00000dqs13MAA,2025-11-20 15:45:00
00QPh00000dr0eaMAA,2025-11-21 09:26:00
00QPh00000dr0t3MAA,2025-11-21 14:06:00
00QPh00000drMqLMAU,2025-11-21 15:16:00
00QPh00000drQnVMAU,2025-11-21 16:29:00
00QPh00000drUG1MAM,2025-11-25 17:43:00
00QPh00000drY8OMAU,2025-11-21 12:32:00
00QPh00000drYBaMAM,2025-11-21 09:31:00
00QPh00000drZyrMAE,2025-11-21 15:44:00
00QPh00000drciEMAQ,2025-11-24 18:50:00
00QPh00000drgAjMAI,2025-11-21 09:08:00
00QPh00000drxLFMAY,2025-11-21 09:04:00
00QPh00000ds1wkMAA,2026-01-07 10:35:00
00QPh00000ds6TOMAY,2025-11-21 09:35:00
00QPh00000ds8q9MAA,2025-11-21 12:45:00
00QPh00000ds91RMAQ,2025-11-21 09:44:00
00QPh00000dsAAPMA2,2025-11-21 09:47:00
00QPh00000dsGm5MAE,2025-12-11 17:31:00
00QPh00000dsQTjMAM,2025-11-21 11:19:00
00QPh00000dsTPyMAM,2025-11-24 16:41:00
00QPh00000dsVI5MAM,2025-11-21 10:48:00
00QPh00000dsXWnMAM,2025-11-21 10:56:00
00QPh00000dseV4MAI,2025-11-21 12:49:00
00QPh00000dsiIYMAY,2025-11-21 12:18:00
00QPh00000dsjWLMAY,2025-11-21 11:29:00
00QPh00000dsrnFMAQ,2025-11-21 11:49:00
00QPh00000dswqAMAQ,2025-11-21 12:42:00
00QPh00000dt2p7MAA,2025-11-21 12:19:00
00QPh00000dt3BiMAI,2025-12-04 14:00:00
00QPh00000dt3q3MAA,2025-11-21 14:32:00
00QPh00000dt5qDMAQ,2025-11-21 12:25:00
00QPh00000dt7teMAA,2025-11-21 13:41:00
00QPh00000dtEogMAE,2025-11-24 16:31:00
00QPh00000dtKfaMAE,2025-11-24 16:14:00
00QPh00000dtNVNMA2,2025-11-21 13:13:00
00QPh00000dtWVTMA2,2025-11-21 13:46:00
00QPh00000dta9FMAQ,2025-11-24 16:24:00
00QPh00000dtg8FMAQ,2025-11-21 14:08:00
00QPh00000dthIoMAI,2025-11-24 09:28:00
00QPh00000du14dMAA,2025-11-21 15:01:00
00QPh00000duHqwMAE,2025-11-25 09:23:00
00QPh00000duL6XMAU,2025-11-21 15:28:00
00QPh00000duMtpMAE,2025-11-21 15:33:00
00QPh00000duYOkMAM,2025-11-24 11:32:00
00QPh00000duYRxMAM,2025-12-02 09:17:00
00QPh00000dudGLMAY,2025-11-21 16:25:00
00QPh00000dujC5MAI,2025-11-22 09:56:00
00QPh00000dumhpMAA,2025-11-24 09:10:00
00QPh00000dun1BMAQ,2025-11-24 14:35:00
00QPh00000duu13MAA,2025-11-22 08:59:00
00QPh00000dv9OIMAY,2025-11-22 08:45:00
00QPh00000dvA0zMAE,2025-11-22 15:04:00
00QPh00000dvFGnMAM,2025-11-26 14:34:00
00QPh00000dvI8DMAU,2025-11-22 16:02:00
00QPh00000dvKEvMAM,2025-11-22 09:26:00
00QPh00000dvZqbMAE,2025-11-22 11:00:00
00QPh00000dvnjtMAA,2025-11-23 15:49:00
00QPh00000dvwjxMAA,2025-11-24 11:35:00
00QPh00000dw72hMAA,2025-11-23 13:00:00
00QPh00000dwAtNMAU,2025-11-23 14:10:00
00QPh00000dwCqLMAU,2025-11-22 09:23:00
00QPh00000dwUwxMAE,2025-11-22 14:52:00
00QPh00000dwg6rMAA,2025-12-03 13:25:00
00QPh00000dwi3sMAA,2025-11-24 09:12:00
00QPh00000dwkX5MAI,2025-11-22 09:08:00
00QPh00000dwt45MAA,2025-11-24 11:05:00
00QPh00000dwx7jMAA,2025-11-22 10:00:00
00QPh00000dx8JFMAY,2025-11-22 14:09:00
00QPh00000dxCQ5MAM,2025-11-22 10:56:00
00QPh00000dxGGoMAM,2025-11-24 09:01:00
00QPh00000dxIyYMAU,2025-11-24 10:15:00
00QPh00000dxJ9pMAE,2025-11-24 15:12:00
00QPh00000dxJEfMAM,2025-11-22 11:40:00
00QPh00000dxMNpMAM,2025-11-22 11:59:00
00QPh00000dxNdGMAU,2025-11-22 12:19:00
00QPh00000dxNgUMAU,2025-11-22 12:56:00
00QPh00000dxPITMA2,2025-11-24 09:03:00
00QPh00000dxRs9MAE,2025-11-25 09:30:00
00QPh00000dxTh4MAE,2025-11-22 13:23:00
00QPh00000dxVMJMA2,2025-11-22 13:38:00
00QPh00000dxXnuMAE,2025-11-22 13:15:00
00QPh00000dxYIZMA2,2025-11-26 11:06:00
00QPh00000dxaLyMAI,2025-11-22 14:49:00
00QPh00000dxgUdMAI,2025-11-22 16:09:00
00QPh00000dxo5ZMAQ,2026-01-12 15:05:00
00QPh00000dxtbWMAQ,2025-11-22 15:23:00
00QPh00000dxwskMAA,2025-11-23 08:44:00
00QPh00000dxyUjMAI,2025-11-22 15:33:00
00QPh00000dy1UDMAY,2025-11-22 15:56:00
00QPh00000dy2ABMAY,2025-11-22 16:31:00
00QPh00000dy3HWMAY,2025-11-22 16:21:00
00QPh00000dy5paMAA,2025-11-23 10:09:00
00QPh00000dyBdFMAU,2025-11-24 16:20:00
00QPh00000dyC4fMAE,2025-11-23 13:06:00
00QPh00000dyH9CMAU,2025-11-23 08:48:00
00QPh00000dyHdpMAE,2025-12-09 12:58:00
00QPh00000dyJJ4MAM,2025-11-24 08:56:00
00QPh00000dyMDhMAM,2025-11-23 14:04:00
00QPh00000dyRGcMAM,2025-11-24 10:02:00
00QPh00000dycdSMAQ,2025-11-24 11:00:00
00QPh00000dygkHMAQ,2025-11-24 09:09:00
00QPh00000dyhJnMAI,2025-11-24 08:33:00
00QPh00000dzBg8MAE,2025-11-23 11:05:00
00QPh00000dzM8RMAU,2025-11-26 15:40:00
00QPh00000dzbkAMAQ,2025-11-23 09:16:00
00QPh00000dzc1uMAA,2025-11-23 10:28:00
00QPh00000dzdVpMAI,2025-11-23 10:15:00
00QPh00000dzeuxMAA,2025-11-23 11:09:00
00QPh00000dzhhWMAQ,2025-11-25 13:18:00
00QPh00000dzlWcMAI,2025-11-25 09:22:00
00QPh00000dzmIzMAI,2025-11-23 13:31:00
00QPh00000dzo1RMAQ,2025-11-24 08:52:00
00QPh00000dzsTGMAY,2025-11-23 11:28:00
00QPh00000dzz3JMAQ,2026-01-12 15:20:00
00QPh00000e00H7MAI,2025-11-23 11:59:00
00QPh00000e00llMAA,2025-11-23 15:08:00
00QPh00000e01MrMAI,2025-11-23 12:08:00
00QPh00000e030UMAQ,2025-11-24 12:15:00
00QPh00000e03LRMAY,2025-11-23 16:52:00
00QPh00000e04xTMAQ,2025-11-23 09:22:00
00QPh00000e0AWeMAM,2025-11-23 15:14:00
00QPh00000e0BPXMA2,2025-11-25 11:05:00
00QPh00000e0HTFMA2,2025-11-23 13:34:00
00QPh00000e0KEFMA2,2025-11-23 13:48:00
00QPh00000e0MJHMA2,2025-11-23 14:39:00
00QPh00000e0VmLMAU,2025-11-24 11:15:00
00QPh00000e0VuPMAU,2025-11-24 12:40:00
00QPh00000e0f0wMAA,2025-11-24 15:01:00
00QPh00000e0gWTMAY,2025-12-08 10:20:00
00QPh00000e0jAzMAI,2025-11-24 09:01:00
00QPh00000e0k3pMAA,2025-11-24 15:17:00
00QPh00000e0pecMAA,2025-11-25 13:20:00
00QPh00000e0xDzMAI,2025-11-24 09:46:00
00QPh00000e131dMAA,2025-11-24 08:34:00
00QPh00000e16dqMAA,2025-11-25 08:47:00
00QPh00000e16fTMAQ,2025-11-24 13:35:00
00QPh00000e19qDMAQ,2025-11-24 10:04:00
00QPh00000e1CZbMAM,2025-11-25 11:38:00
00QPh00000e1OviMAE,2025-12-03 14:57:00
00QPh00000e1WtFMAU,2025-11-24 11:36:00
00QPh00000e21ttMAA,2025-11-08 08:44:00
00QPh00000e2CR4MAM,2025-11-24 09:27:00
00QPh00000e2CSgMAM,2025-11-24 10:34:00
00QPh00000e2dFzMAI,2025-12-02 12:15:00
00QPh00000e2eITMAY,2025-11-24 08:48:00
00QPh00000e2f6UMAQ,2025-12-08 12:00:00
00QPh00000e2itxMAA,2025-12-01 14:41:00
00QPh00000e2jwTMAQ,2025-11-24 09:05:00
00QPh00000e2l76MAA,2025-11-24 09:31:00
00QPh00000e2mRKMAY,2025-11-26 17:18:00
00QPh00000e2mzBMAQ,2025-11-24 09:11:00
00QPh00000e301FMAQ,2025-12-01 12:20:00
00QPh00000e37PJMAY,2025-11-24 13:05:00
00QPh00000e39HTMAY,2025-11-26 12:04:00
00QPh00000e3CSFMA2,2025-11-24 13:16:00
00QPh00000e3CwrMAE,2025-11-24 13:40:00
00QPh00000e3JFDMA2,2025-11-24 12:11:00
00QPh00000e3VTFMA2,2025-11-24 11:12:00
00QPh00000e3ccnMAA,2025-11-24 11:34:00
00QPh00000e3dvRMAQ,2025-11-25 13:14:00
00QPh00000e3fAtMAI,2025-11-28 10:37:00
00QPh00000e3pRxMAI,2025-11-25 13:15:00
00QPh00000e3w6sMAA,2025-11-26 09:23:00
00QPh00000e3wEvMAI,2025-11-24 15:40:00
00QPh00000e3xR8MAI,2025-11-24 12:40:00
00QPh00000e42dhMAA,2025-11-24 12:30:00
00QPh00000e46scMAA,2025-11-24 12:50:00
00QPh00000e46vrMAA,2025-11-24 13:18:00
00QPh00000e4CzdMAE,2025-11-24 12:58:00
00QPh00000e4DinMAE,2025-11-24 12:57:00
00QPh00000e4JRdMAM,2025-11-24 13:12:00
00QPh00000e4OBFMA2,2025-11-24 14:40:00
00QPh00000e4di7MAA,2025-11-24 14:44:00
00QPh00000e4uivMAA,2025-11-24 14:09:00
00QPh00000e5ChUMAU,2025-11-24 15:53:00
00QPh00000e5FvRMAU,2025-11-24 15:13:00
00QPh00000e5K8kMAE,2025-11-24 15:28:00
00QPh00000e5N0BMAU,2025-11-24 16:03:00
00QPh00000e5NrOMAU,2025-11-24 15:54:00
00QPh00000e5ZkTMAU,2025-11-24 15:55:00
00QPh00000e5eAfMAI,2025-11-24 16:02:00
00QPh00000e5nqfMAA,2025-11-24 16:20:00
00QPh00000e5pMDMAY,2025-11-24 16:23:00
00QPh00000e5rO3MAI,2025-11-24 16:28:00
00QPh00000e5ufFMAQ,2025-11-24 16:34:00
00QPh00000e69kkMAA,2025-11-24 17:23:00
00QPh00000e6Z2TMAU,2025-11-24 18:24:00
00QPh00000e6cy1MAA,2025-11-25 16:48:00
00QPh00000e6fFzMAI,2025-11-25 11:00:00
00QPh00000e6qhgMAA,2025-12-10 15:18:00
00QPh00000e6rAgMAI,2025-12-02 17:29:00
00QPh00000e6wFCMAY,2025-11-18 18:04:00
00QPh00000e6y7JMAQ,2025-11-25 08:34:00
00QPh00000e72hBMAQ,2025-11-25 08:33:00
00QPh00000e75SAMAY,2025-11-25 17:57:00
00QPh00000e7JdBMAU,2025-11-25 09:02:00
00QPh00000e7MRNMA2,2025-11-25 11:00:00
00QPh00000e7UvBMAU,2025-11-25 16:45:00
00QPh00000e7WLtMAM,2025-11-25 13:06:00
00QPh00000e7ZJlMAM,2025-12-02 10:24:00
00QPh00000e8L3SMAU,2025-11-25 09:29:00
00QPh00000e8dtBMAQ,2025-11-26 08:55:00
00QPh00000e8eZ7MAI,2025-11-26 15:47:00
00QPh00000e8fDSMAY,2025-12-02 14:22:00
00QPh00000e8gENMAY,2025-11-26 12:48:00
00QPh00000e8jFRMAY,2025-11-25 08:48:00
00QPh00000e8l5yMAA,2025-11-25 09:49:00
00QPh00000e8lSXMAY,2025-11-25 08:57:00
00QPh00000e8p1VMAQ,2025-11-25 09:10:00
00QPh00000e91ibMAA,2025-11-25 09:50:00
00QPh00000e92BeMAI,2025-11-25 11:10:00
00QPh00000e9IwLMAU,2025-11-25 10:38:00
00QPh00000e9Ww6MAE,2025-11-25 11:27:00
00QPh00000e9dBCMAY,2025-11-25 16:15:00
00QPh00000e9hRiMAI,2025-11-25 12:24:00
00QPh00000e9meHMAQ,2025-11-25 11:55:00
00QPh00000e9rAvMAI,2025-11-25 12:08:00
00QPh00000e9rkPMAQ,2025-11-25 12:11:00
00QPh00000e9sdFMAQ,2025-11-25 12:29:00
00QPh00000eA6l3MAC,2025-11-25 13:05:00
00QPh00000eABb3MAG,2025-11-25 13:00:00
00QPh00000eAHN7MAO,2025-11-25 13:14:00
00QPh00000eAOrhMAG,2025-11-25 14:52:00
00QPh00000eAXBmMAO,2025-11-26 14:17:00
00QPh00000eAqkgMAC,2025-11-25 15:05:00
00QPh00000eAsHpMAK,2025-11-25 13:58:00
00QPh00000eAxHWMA0,2025-11-25 17:25:00
00QPh00000eAxuDMAS,2025-11-25 14:22:00
00QPh00000eAzWEMA0,2025-12-09 10:21:00
00QPh00000eB1wDMAS,2025-11-26 16:10:00
00QPh00000eBAI2MAO,2025-11-25 16:12:00
00QPh00000eBATFMA4,2025-12-01 16:00:00
00QPh00000eBAjOMAW,2025-11-25 16:00:00
00QPh00000eBChxMAG,2025-11-25 15:08:00
00QPh00000eBF1VMAW,2025-12-02 10:36:00
00QPh00000eBGyTMAW,2025-11-25 15:19:00
00QPh00000eBLdFMAW,2025-11-25 16:21:00
00QPh00000eBcxOMAS,2025-11-25 16:47:00
00QPh00000eBdgYMAS,2025-11-25 16:52:00
00QPh00000eBmALMA0,2025-11-25 16:49:00
00QPh00000eBqKPMA0,2025-11-25 17:02:00
00QPh00000eBqM1MAK,2025-12-01 14:46:00
00QPh00000eBrefMAC,2025-12-09 16:53:00
00QPh00000eCIzqMAG,2025-11-25 18:31:00
00QPh00000eCPhxMAG,2025-11-25 18:51:00
00QPh00000eCRrpMAG,2026-02-04 10:30:00
00QPh00000eCVc6MAG,2025-11-28 11:01:00
00QPh00000eCYZyMAO,2025-11-26 12:08:00
00QPh00000eCYi1MAG,2026-01-06 14:38:00
00QPh00000eCYmtMAG,2025-11-26 12:32:00
00QPh00000eCb4nMAC,2025-12-03 14:38:00
00QPh00000eCdg6MAC,2025-11-26 08:30:00
00QPh00000eCoN0MAK,2025-11-26 08:30:00
00QPh00000eCuH7MAK,2025-11-28 12:41:00
00QPh00000eDGMUMA4,2025-11-26 12:59:00
00QPh00000eDKmfMAG,2025-11-26 15:25:00
00QPh00000eDS2gMAG,2025-11-26 12:06:00
00QPh00000eDohXMAS,2025-11-26 08:31:00
00QPh00000eDwWzMAK,2025-12-10 13:39:00
00QPh00000eDyiUMAS,2025-11-26 09:27:00
00QPh00000eEICZMA4,2025-12-04 11:39:00
00QPh00000eEMknMAG,2025-11-26 11:00:00
00QPh00000eEUdWMAW,2025-11-26 09:18:00
00QPh00000eEkAQMA0,2025-11-26 09:57:00
00QPh00000eEtf7MAC,2025-11-26 10:07:00
00QPh00000eFEQDMA4,2025-11-26 10:54:00
00QPh00000eFGK0MAO,2025-12-09 13:43:00
00QPh00000eFcCPMA0,2025-11-26 11:34:00
00QPh00000eFjXGMA0,2025-11-26 13:51:00
00QPh00000eFo8jMAC,2025-11-26 12:07:00
00QPh00000eFt0LMAS,2025-12-01 10:13:00
00QPh00000eFvGjMAK,2025-11-26 13:24:00
00QPh00000eFxDdMAK,2025-11-26 12:15:00
00QPh00000eFyXuMAK,2025-11-26 12:24:00
00QPh00000eGFmCMAW,2025-12-03 14:04:00
00QPh00000eGL33MAG,2025-11-26 13:07:00
00QPh00000eGfMmMAK,2025-11-26 14:38:00
00QPh00000eGfTCMA0,2025-11-26 14:09:00
00QPh00000eGyAsMAK,2025-12-03 11:21:00
00QPh00000eH5vVMAS,2025-11-28 13:39:00
00QPh00000eHABaMAO,2025-11-26 15:04:00
00QPh00000eHAOwMAO,2025-11-28 09:44:00
00QPh00000eHB5SMAW,2025-11-26 16:24:00
00QPh00000eHIvxMAG,2025-11-26 15:42:00
00QPh00000eHKRXMA4,2025-11-26 15:44:00
00QPh00000eHN9FMAW,2025-12-01 11:14:00
00QPh00000eHVGTMA4,2025-11-26 16:03:00
00QPh00000eHWHPMA4,2025-11-28 13:07:00
00QPh00000eHXF5MAO,2025-11-26 16:44:00
00QPh00000eHeoPMAS,2025-11-28 15:16:00
00QPh00000eHg3pMAC,2025-12-02 13:13:00
00QPh00000eHszRMAS,2025-11-30 16:45:00
00QPh00000eHxSrMAK,2025-11-28 09:36:00
00QPh00000eI69aMAC,2025-11-28 09:23:00
00QPh00000eI9c5MAC,2026-01-13 15:18:00
00QPh00000eIE2IMAW,2025-11-28 09:23:00
00QPh00000eIHhhMAG,2025-11-28 09:05:00
00QPh00000eIM6HMAW,2025-11-28 15:59:00
00QPh00000eIPiTMAW,2025-11-28 09:21:00
00QPh00000eITR7MAO,2025-11-28 12:54:00
00QPh00000eIZptMAG,2025-12-02 08:51:00
00QPh00000eIbLRMA0,2025-11-28 09:15:00
00QPh00000eIjXVMA0,2025-11-29 14:53:00
00QPh00000eIzqoMAC,2025-12-08 09:56:00
00QPh00000eJ4vJMAS,2025-11-29 09:41:00
00QPh00000eJCBJMA4,2025-12-05 14:15:00
00QPh00000eJQpNMAW,2026-01-12 15:55:00
00QPh00000eJeifMAC,2025-12-04 15:10:00
00QPh00000eK0o1MAC,2025-11-28 12:19:00
00QPh00000eK3KUMA0,2025-12-18 10:36:00
00QPh00000eKKZqMAO,2025-11-28 12:11:00
00QPh00000eKc8YMAS,2025-11-29 15:32:00
00QPh00000eKgCBMA0,2025-12-02 10:21:00
00QPh00000eKh6gMAC,2025-11-28 09:18:00
00QPh00000eKiYwMAK,2025-11-28 09:38:00
00QPh00000eKracMAC,2025-11-28 15:54:00
00QPh00000eKsWgMAK,2025-12-01 14:32:00
00QPh00000eKwonMAC,2025-12-01 13:35:00
00QPh00000eKzrVMAS,2025-11-28 09:09:00
00QPh00000eL2NxMAK,2025-12-02 10:04:00
00QPh00000eL3wjMAC,2025-11-30 16:54:00
00QPh00000eL80NMAS,2025-11-28 12:21:00
00QPh00000eL9hBMAS,2025-11-28 13:11:00
00QPh00000eLRMMMA4,2025-11-28 12:17:00
00QPh00000eLWInMAO,2025-12-01 13:30:00
00QPh00000eLXzhMAG,2026-01-09 12:58:00
00QPh00000eLa37MAC,2025-11-28 09:19:00
00QPh00000eMCxxMAG,2025-11-28 09:09:00
00QPh00000eMHhVMAW,2025-12-01 15:50:00
00QPh00000eMcPPMA0,2025-11-28 09:30:00
00QPh00000eMhgnMAC,2025-11-29 10:03:00
00QPh00000eMtoRMAS,2025-11-28 13:04:00
00QPh00000eN9ErMAK,2025-11-28 09:10:00
00QPh00000eNCCkMAO,2025-11-28 11:10:00
00QPh00000eNCkcMAG,2025-11-28 14:41:00
00QPh00000eNGOPMA4,2025-11-28 09:32:00
00QPh00000eNKYTMA4,2025-12-03 09:48:00
00QPh00000eNNxlMAG,2025-11-28 10:04:00
00QPh00000eNUUcMAO,2025-11-29 15:08:00
00QPh00000eNZsVMAW,2025-11-28 13:12:00
00QPh00000eNb33MAC,2025-11-28 10:51:00
00QPh00000eNbavMAC,2025-11-28 10:53:00
00QPh00000eNefFMAS,2025-11-28 11:06:00
00QPh00000eNfUsMAK,2025-11-28 12:35:00
00QPh00000eNgvaMAC,2025-11-28 11:17:00
00QPh00000eNifdMAC,2025-11-29 16:10:00
00QPh00000eNm6YMAS,2025-11-28 15:05:00
00QPh00000eNmJRMA0,2025-12-02 16:50:00
00QPh00000eNrJ7MAK,2025-11-28 11:55:00
00QPh00000eNwykMAC,2025-11-28 12:30:00
00QPh00000eO6YHMA0,2025-11-28 16:16:00
00QPh00000eODMrMAO,2025-11-28 13:16:00
00QPh00000eOG7pMAG,2025-11-28 13:25:00
00QPh00000eOSYrMAO,2025-11-28 14:29:00
00QPh00000eOV6sMAG,2025-11-28 14:23:00
00QPh00000eOcJeMAK,2025-11-28 13:57:00
00QPh00000eOcUyMAK,2025-11-28 14:56:00
00QPh00000eOifBMAS,2025-11-28 14:33:00
00QPh00000eOj8DMAS,2025-11-28 14:32:00
00QPh00000ePNQbMAO,2025-12-02 16:07:00
00QPh00000ePSq5MAG,2025-11-29 14:04:00
00QPh00000ePVmLMAW,2026-01-12 15:25:00
00QPh00000ePb5OMAS,2025-12-01 14:29:00
00QPh00000ePc1RMAS,2025-11-30 13:46:00
00QPh00000ePr25MAC,2025-11-29 15:14:00
00QPh00000ePyYDMA0,2025-12-01 09:15:00
00QPh00000eQ28nMAC,2025-11-29 09:32:00
00QPh00000eQ9IMMA0,2025-12-02 10:05:00
00QPh00000eQBvFMAW,2025-11-29 11:11:00
00QPh00000eQIYYMA4,2025-11-29 15:03:00
00QPh00000eQgUSMA0,2025-11-29 15:17:00
00QPh00000eQy37MAC,2026-01-12 17:08:00
00QPh00000eRBJiMAO,2025-11-29 09:07:00
00QPh00000eRC4UMAW,2025-11-29 11:42:00
00QPh00000eRJh4MAG,2025-12-03 14:38:00
00QPh00000eRQFVMA4,2025-11-29 08:55:00
00QPh00000eRY4zMAG,2025-11-29 09:54:00
00QPh00000eRZdmMAG,2025-11-30 17:27:00
00QPh00000eRb7hMAC,2025-11-29 10:10:00
00QPh00000eRc5OMAS,2025-12-01 15:01:00
00QPh00000eRdZJMA0,2025-11-29 16:59:00
00QPh00000eRhpqMAC,2025-12-01 12:31:00
00QPh00000eRnnBMAS,2025-11-29 11:27:00
00QPh00000eRz5BMAS,2026-01-13 16:02:00
00QPh00000eRzBdMAK,2026-01-07 10:02:00
00QPh00000eS0CXMA0,2025-12-02 09:09:00
00QPh00000eSBCoMAO,2025-11-29 13:58:00
00QPh00000eSUP7MAO,2025-11-30 13:52:00
00QPh00000eSV0FMAW,2025-11-30 13:29:00
00QPh00000eSXBiMAO,2025-11-29 16:06:00
00QPh00000eSb7FMAS,2025-12-01 08:54:00
00QPh00000eSdiXMAS,2025-12-02 12:03:00
00QPh00000eSeGPMA0,2025-11-30 13:48:00
00QPh00000eSjcgMAC,2025-11-30 11:08:00
00QPh00000eSjhVMAS,2025-11-30 14:46:00
00QPh00000eSkldMAC,2026-01-08 16:24:00
00QPh00000eSsODMA0,2025-12-02 14:34:00
00QPh00000eSxB1MAK,2025-11-30 09:22:00
00QPh00000eT0OzMAK,2025-11-30 15:19:00
00QPh00000eT3JdMAK,2025-11-30 13:24:00
00QPh00000eT95hMAC,2025-11-30 08:49:00
00QPh00000eTDZ7MAO,2025-12-03 09:24:00
00QPh00000eTIQjMAO,2025-12-02 11:37:00
00QPh00000eTSwLMAW,2025-11-30 11:03:00
00QPh00000eTUlFMAW,2025-11-30 10:01:00
00QPh00000eTasLMAS,2025-12-03 13:54:00
00QPh00000eTbrbMAC,2025-11-30 16:41:00
00QPh00000eTfjvMAC,2026-01-06 15:59:00
00QPh00000eTt3jMAC,2025-12-16 12:17:00
00QPh00000eTzcAMAS,2025-11-30 08:48:00
00QPh00000eU2q9MAC,2025-11-30 10:07:00
00QPh00000eUEg3MAG,2025-11-30 11:51:00
00QPh00000eUHE6MAO,2025-11-30 09:11:00
00QPh00000eUIRuMAO,2025-11-30 09:44:00
00QPh00000eUJJ7MAO,2025-11-30 09:46:00
00QPh00000eUKOrMAO,2025-11-30 09:33:00
00QPh00000eUNPxMAO,2025-12-01 09:18:00
00QPh00000eUOqgMAG,2025-11-30 10:39:00
00QPh00000eUOvWMAW,2025-11-30 11:49:00
00QPh00000eUWHzMAO,2025-12-01 12:43:00
00QPh00000eUX5xMAG,2025-11-30 11:20:00
00QPh00000eUXM5MAO,2025-12-01 11:59:00
00QPh00000eUYRpMAO,2025-11-30 11:37:00
00QPh00000eUcKDMA0,2025-11-30 13:41:00
00QPh00000eUeInMAK,2025-11-30 13:38:00
00QPh00000eUevRMAS,2025-11-30 13:08:00
00QPh00000eUjWvMAK,2025-12-10 16:29:00
00QPh00000eUlDlMAK,2025-12-01 18:12:00
00QPh00000eV1lZMAS,2025-12-01 16:41:00
00QPh00000eV32fMAC,2025-12-01 16:26:00
00QPh00000eV7J7MAK,2025-11-30 15:03:00
00QPh00000eV8blMAC,2025-11-30 15:18:00
00QPh00000eV9mMMAS,2025-12-01 10:55:00
00QPh00000eVCDxMAO,2025-11-30 15:46:00
00QPh00000eVEkPMAW,2025-12-01 11:30:00
00QPh00000eVEqsMAG,2025-12-10 10:17:00
00QPh00000eVFGfMAO,2025-11-30 16:13:00
00QPh00000eVGB8MAO,2025-12-02 09:17:00
00QPh00000eVGnrMAG,2025-12-01 08:31:00
00QPh00000eVH8oMAG,2025-12-02 12:09:00
00QPh00000eVHGrMAO,2025-11-30 16:44:00
00QPh00000eVLAnMAO,2025-11-30 17:03:00
00QPh00000eVP4jMAG,2025-12-01 15:09:00
00QPh00000eVRBOMA4,2025-12-02 12:19:00
00QPh00000eVUSbMAO,2025-12-01 09:12:00
00QPh00000eVVN6MAO,2025-12-01 12:00:00
00QPh00000eVWZFMA4,2025-12-01 18:06:00
00QPh00000eVWivMAG,2025-12-01 08:42:00
00QPh00000eVcA1MAK,2025-12-03 18:21:00
00QPh00000eVgaEMAS,2025-12-01 08:30:00
00QPh00000eVgdRMAS,2025-12-02 15:37:00
00QPh00000eVggfMAC,2025-12-02 15:32:00
00QPh00000eVlObMAK,2025-12-01 09:09:00
00QPh00000eVm4XMAS,2025-12-01 12:30:00
00QPh00000eVmR7MAK,2025-12-01 15:48:00
00QPh00000eVrdjMAC,2025-12-01 10:14:00
00QPh00000eVuTVMA0,2025-12-01 11:02:00
00QPh00000eVv9SMAS,2025-12-02 09:14:00
00QPh00000eVxb4MAC,2025-12-01 15:30:00
00QPh00000eVzD3MAK,2025-12-01 09:31:00
00QPh00000eW0XKMA0,2025-12-01 16:31:00
00QPh00000eW1MvMAK,2026-01-03 09:31:00
00QPh00000eW47tMAC,2025-12-03 11:09:00
00QPh00000eW5GrMAK,2025-12-04 17:00:00
00QPh00000eW8gAMAS,2025-12-01 11:20:00
00QPh00000eW95xMAC,2025-12-01 16:33:00
00QPh00000eW9dpMAC,2025-12-01 09:04:00
00QPh00000eWAI9MAO,2025-12-03 17:02:00
00QPh00000eWAYIMA4,2025-12-01 11:03:00
00QPh00000eWIPOMA4,2025-12-01 16:30:00
00QPh00000eWJVBMA4,2025-12-01 15:16:00
00QPh00000eWR7iMAG,2025-12-05 11:34:00
00QPh00000eWTHZMA4,2025-12-01 10:00:00
00QPh00000eWvfHMAS,2025-12-02 08:46:00
00QPh00000eWweXMAS,2025-12-02 17:30:00
00QPh00000eX3WLMA0,2025-12-01 09:04:00
00QPh00000eXNejMAG,2025-12-01 09:04:00
00QPh00000eXQG1MAO,2025-12-01 09:11:00
00QPh00000eXUxyMAG,2025-12-01 09:37:00
00QPh00000eXaP4MAK,2025-12-01 10:43:00
00QPh00000eXedxMAC,2025-12-01 15:00:00
00QPh00000eXkeZMAS,2025-12-02 12:39:00
00QPh00000eXorpMAC,2025-12-01 10:40:00
00QPh00000eXs7SMAS,2025-12-01 10:30:00
00QPh00000eXstqMAC,2025-12-01 14:11:00
00QPh00000eXvjeMAC,2025-12-01 11:11:00
00QPh00000eY3cNMAS,2025-12-01 12:15:00
00QPh00000eYDWrMAO,2025-12-02 09:00:00
00QPh00000eYMtXMAW,2025-12-01 14:33:00
00QPh00000eYNHiMAO,2025-12-01 11:55:00
00QPh00000eYVqLMAW,2025-12-01 11:48:00
00QPh00000eYXP7MAO,2025-12-01 11:52:00
00QPh00000eYZxDMAW,2025-12-01 12:17:00
00QPh00000eYbSnMAK,2025-12-01 13:12:00
00QPh00000eYdntMAC,2025-12-01 12:06:00
00QPh00000eYfEbMAK,2025-12-01 12:09:00
00QPh00000eYiSfMAK,2025-12-03 13:34:00
00QPh00000eYiikMAC,2025-12-02 16:03:00
00QPh00000eYqmlMAC,2025-12-01 13:27:00
00QPh00000eYu5ZMAS,2025-12-01 12:44:00
00QPh00000eYuAPMA0,2025-12-02 12:06:00
00QPh00000eZ4krMAC,2025-12-02 08:36:00
00QPh00000eZIKoMAO,2025-12-01 15:38:00
00QPh00000eZcMjMAK,2025-12-01 13:51:00
00QPh00000eZddmMAC,2025-12-03 11:00:00
00QPh00000eZdp4MAC,2025-12-01 14:01:00
00QPh00000eZg70MAC,2025-12-01 14:39:00
00QPh00000eZhZJMA0,2025-12-01 14:08:00
00QPh00000eZnTRMA0,2025-12-01 14:24:00
00QPh00000eZo1JMAS,2025-12-01 14:26:00
00QPh00000ea7YbMAI,2025-12-01 15:15:00
00QPh00000eaE2DMAU,2025-12-01 18:21:00
00QPh00000eaEv4MAE,2025-12-02 16:41:00
00QPh00000eaPnGMAU,2025-12-01 16:06:00
00QPh00000eaaVlMAI,2025-12-02 12:36:00
00QPh00000eabQDMAY,2025-12-02 12:00:00
00QPh00000eabtFMAQ,2025-12-01 16:27:00
00QPh00000eacpJMAQ,2025-12-02 09:30:00
00QPh00000eai0HMAQ,2025-12-01 16:43:00
00QPh00000eakenMAA,2025-12-02 17:08:00
00QPh00000eaoLqMAI,2025-12-01 18:15:00
00QPh00000earJiMAI,2025-12-01 17:51:00
00QPh00000eat5OMAQ,2025-12-01 18:21:00
00QPh00000eatjhMAA,2025-12-01 17:14:00
00QPh00000eb4jxMAA,2025-12-01 17:45:00
00QPh00000ebC81MAE,2025-12-01 18:07:00
00QPh00000ebFaXMAU,2025-12-01 18:17:00
00QPh00000ebMSLMA2,2025-12-01 18:39:00
00QPh00000ebe2fMAA,2025-12-02 10:00:00
00QPh00000ebenSMAQ,2025-12-03 13:22:00
00QPh00000ebi4fMAA,2025-12-02 09:00:00
00QPh00000ebmRdMAI,2025-12-02 12:05:00
00QPh00000ebyPZMAY,2025-12-02 10:00:00
00QPh00000ec399MAA,2025-12-02 14:58:00
00QPh00000ec6tNMAQ,2025-12-04 17:16:00
00QPh00000ecB8IMAU,2025-12-02 12:16:00
00QPh00000ecDq1MAE,2025-12-02 11:02:00
00QPh00000ecHLlMAM,2025-12-02 15:34:00
00QPh00000ecHteMAE,2025-12-02 11:00:00
00QPh00000ecLafMAE,2025-12-03 09:38:00
00QPh00000ecXggMAE,2025-12-02 11:01:00
00QPh00000ecvxVMAQ,2025-12-03 13:22:00
00QPh00000edIR5MAM,2025-12-02 09:10:00
00QPh00000edUnBMAU,2025-12-02 11:30:00
00QPh00000edXEnMAM,2025-12-02 09:00:00
00QPh00000edcSzMAI,2025-11-23 09:28:00
00QPh00000edd5hMAA,2025-12-02 08:51:00
00QPh00000eddgoMAA,2025-12-02 15:06:00
00QPh00000ede4zMAA,2026-01-07 11:13:00
00QPh00000edmKJMAY,2025-12-02 10:42:00
00QPh00000edqPXMAY,2025-12-02 10:05:00
00QPh00000edxijMAA,2025-12-04 09:31:00
00QPh00000edyWjMAI,2025-12-02 09:52:00
00QPh00000edydBMAQ,2025-12-02 09:53:00
00QPh00000eeMZ3MAM,2025-12-03 09:50:00
00QPh00000eeNWkMAM,2025-12-04 09:25:00
00QPh00000eeNtNMAU,2025-12-03 14:33:00
00QPh00000eeRdZMAU,2025-12-02 11:09:00
00QPh00000eeTvVMAU,2025-12-02 11:15:00
00QPh00000eeWqAMAU,2025-12-02 13:21:00
00QPh00000eeWyDMAU,2025-12-02 11:20:00
00QPh00000eeYyPMAU,2025-12-02 11:25:00
00QPh00000eebhmMAA,2025-12-02 11:40:00
00QPh00000eehlaMAA,2025-12-04 09:31:00
00QPh00000eelM9MAI,2025-12-02 11:55:00
00QPh00000eeqfCMAQ,2025-12-02 16:40:00
00QPh00000eeu1GMAQ,2025-12-02 13:17:00
00QPh00000eewUUMAY,2025-12-02 13:50:00
00QPh00000eezTyMAI,2025-12-02 12:49:00
00QPh00000ef19BMAQ,2025-12-02 12:31:00
00QPh00000ef3NtMAI,2025-12-02 12:37:00
00QPh00000ef68rMAA,2025-12-04 10:40:00
00QPh00000ef6nBMAQ,2025-12-03 11:49:00
00QPh00000ef7HpMAI,2025-12-02 12:42:00
00QPh00000ef7wAMAQ,2025-12-02 13:20:00
00QPh00000ef9xyMAA,2025-12-02 13:13:00
00QPh00000efBJqMAM,2025-12-02 13:26:00
00QPh00000efBQJMA2,2025-12-02 13:38:00
00QPh00000efCcUMAU,2026-01-12 15:40:00
00QPh00000efDjpMAE,2025-12-03 09:12:00
00QPh00000efGZdMAM,2025-12-04 11:01:00
00QPh00000efNMcMAM,2025-12-09 09:55:00
00QPh00000efQxBMAU,2025-12-03 09:29:00
00QPh00000efREvMAM,2025-12-02 13:19:00
00QPh00000efShHMAU,2025-12-03 12:00:00
00QPh00000efi67MAA,2025-12-02 14:27:00
00QPh00000efocvMAA,2025-12-02 13:42:00
00QPh00000efpPOMAY,2025-12-03 12:09:00
00QPh00000efqV6MAI,2025-12-02 14:26:00
00QPh00000efubtMAA,2025-12-02 13:49:00
00QPh00000efyUDMAY,2025-12-02 17:17:00
00QPh00000eg0e7MAA,2026-01-09 15:49:00
00QPh00000eg13tMAA,2025-12-02 14:11:00
00QPh00000eg1gfMAA,2025-12-02 17:07:00
00QPh00000eg3P3MAI,2025-12-03 16:52:00
00QPh00000eg5M1MAI,2025-12-03 12:58:00
00QPh00000eg5YzMAI,2025-12-03 17:10:00
00QPh00000eg6TOMAY,2025-12-03 12:33:00
00QPh00000eg7u5MAA,2025-12-04 17:06:00
00QPh00000egA2LMAU,2025-12-04 10:03:00
00QPh00000egBw6MAE,2025-12-02 16:41:00
00QPh00000egFoPMAU,2025-12-02 14:42:00
00QPh00000egG7lMAE,2025-12-02 16:02:00
00QPh00000egIMTMA2,2025-12-09 13:39:00
00QPh00000egL5rMAE,2025-12-02 16:23:00
00QPh00000egL93MAE,2025-12-02 14:57:00
00QPh00000egLDtMAM,2025-12-02 14:57:00
00QPh00000egMTKMA2,2025-12-03 14:24:00
00QPh00000egQlRMAU,2025-12-02 15:07:00
00QPh00000egTrNMAU,2025-12-02 15:15:00
00QPh00000egUAjMAM,2025-12-03 14:32:00
00QPh00000egUU7MAM,2025-12-02 16:10:00
00QPh00000egUykMAE,2025-12-02 15:40:00
00QPh00000egVl8MAE,2025-12-02 17:48:00
00QPh00000egYvuMAE,2025-12-03 09:23:00
00QPh00000egcUsMAI,2026-01-05 17:07:00
00QPh00000egfHSMAY,2025-12-02 16:33:00
00QPh00000eggrqMAA,2025-12-02 15:48:00
00QPh00000eggzuMAA,2025-12-02 16:40:00
00QPh00000egkIjMAI,2025-12-02 16:03:00
00QPh00000eglptMAA,2025-12-02 16:03:00
00QPh00000egnQHMAY,2025-12-02 16:07:00
00QPh00000egnriMAA,2025-12-16 17:14:00
00QPh00000egpofMAA,2025-12-02 16:16:00
00QPh00000egqBFMAY,2025-12-02 16:15:00
00QPh00000egr8vMAA,2025-12-02 16:20:00
00QPh00000egud5MAA,2025-12-02 16:51:00
00QPh00000egzkoMAA,2025-12-02 17:00:00
00QPh00000eh53qMAA,2025-12-02 17:12:00
00QPh00000ehAoHMAU,2025-12-02 17:14:00
00QPh00000ehDPZMA2,2025-12-02 17:21:00
00QPh00000ehMMPMA2,2025-12-02 17:53:00
00QPh00000ehMizMAE,2026-01-12 17:00:00
00QPh00000ehOL0MAM,2025-12-03 09:14:00
00QPh00000ehU75MAE,2025-12-03 09:01:00
00QPh00000ehUJyMAM,2025-12-03 13:00:00
00QPh00000ehVXmMAM,2025-12-02 18:55:00
00QPh00000eheG5MAI,2026-01-21 16:39:00
00QPh00000ehlPgMAI,2025-12-03 09:15:00
00QPh00000ehnpdMAA,2025-12-03 10:00:00
00QPh00000ehsSlMAI,2025-12-03 09:12:00
00QPh00000ehsvlMAA,2025-12-03 12:35:00
00QPh00000ehuRJMAY,2025-12-03 09:06:00
00QPh00000ei026MAA,2025-12-04 12:23:00
00QPh00000ei2S6MAI,2025-12-04 11:46:00
00QPh00000ei8qrMAA,2025-12-03 13:30:00
00QPh00000ei95OMAQ,2025-12-09 10:05:00
00QPh00000eiCUfMAM,2025-12-04 12:12:00
00QPh00000eiJpWMAU,2025-12-05 15:30:00
00QPh00000eiPN3MAM,2025-12-03 12:23:00
00QPh00000eiQxSMAU,2025-12-04 14:30:00
00QPh00000eiYnQMAU,2025-12-04 11:07:00
00QPh00000eia7BMAQ,2025-12-05 13:14:00
00QPh00000eib3FMAQ,2025-12-03 09:16:00
00QPh00000eieE1MAI,2025-12-04 18:17:00
00QPh00000eieqjMAA,2025-12-03 10:00:00
00QPh00000eisVWMAY,2025-12-03 14:16:00
00QPh00000ej4zhMAA,2025-12-03 12:52:00
00QPh00000ejE9SMAU,2025-12-03 12:02:00
00QPh00000ejEW2MAM,2025-12-04 12:02:00
00QPh00000ejUCdMAM,2025-12-03 12:12:00
00QPh00000ejWPiMAM,2025-12-03 09:14:00
00QPh00000ejX5dMAE,2025-12-03 09:07:00
00QPh00000ejXVRMA2,2025-12-03 16:01:00
00QPh00000ejYHqMAM,2025-12-03 09:20:00
00QPh00000ejcwXMAQ,2025-12-04 08:41:00
00QPh00000ejgDoMAI,2025-12-03 09:20:00
00QPh00000ejh9qMAA,2025-12-03 12:32:00
00QPh00000ejoKzMAI,2025-12-03 12:22:00
00QPh00000ejqY5MAI,2025-12-05 13:41:00
00QPh00000ejrxBMAQ,2025-12-03 12:20:00
00QPh00000ejuILMAY,2025-12-03 09:25:00
00QPh00000ejyiXMAQ,2025-12-03 18:30:00
00QPh00000ejz1tMAA,2025-12-08 17:25:00
00QPh00000ek0pBMAQ,2025-12-03 09:40:00
00QPh00000ek4cfMAA,2025-12-03 09:55:00
00QPh00000ek5AXMAY,2025-12-03 09:57:00
00QPh00000ek8WcMAI,2025-12-03 13:17:00
00QPh00000ekIqwMAE,2025-12-03 10:33:00
00QPh00000ekLnBMAU,2025-12-04 12:54:00
00QPh00000ekMOIMA2,2025-12-04 12:35:00
00QPh00000ekS2HMAU,2025-12-03 17:59:00
00QPh00000ekTftMAE,2025-12-03 14:41:00
00QPh00000ekYEAMA2,2025-12-03 14:55:00
00QPh00000ekYR3MAM,2025-12-03 11:13:00
00QPh00000ekZF3MAM,2025-12-03 14:20:00
00QPh00000ekeZhMAI,2025-12-03 11:29:00
00QPh00000ekggLMAQ,2025-12-04 09:12:00
00QPh00000ekiNBMAY,2025-12-03 11:40:00
00QPh00000ekoFhMAI,2025-12-03 11:55:00
00QPh00000ekqEJMAY,2025-12-03 16:35:00
00QPh00000elBfJMAU,2025-12-05 09:54:00
00QPh00000elEwZMAU,2025-12-04 09:07:00
00QPh00000elHhVMAU,2025-12-04 09:09:00
00QPh00000elMKbMAM,2025-12-03 13:17:00
00QPh00000elOe9MAE,2025-12-03 13:22:00
00QPh00000elkl7MAA,2025-12-03 13:53:00
00QPh00000elsh3MAA,2025-11-17 15:20:00
00QPh00000elx0oMAA,2025-12-03 14:36:00
00QPh00000elyD0MAI,2025-12-10 11:34:00
00QPh00000em1yrMAA,2025-12-03 14:19:00
00QPh00000em7pmMAA,2025-12-03 15:19:00
00QPh00000emC7tMAE,2025-12-03 14:49:00
00QPh00000emF2XMAU,2025-12-17 14:09:00
00QPh00000emFx0MAE,2025-12-03 15:33:00
00QPh00000emZ4TMAU,2025-12-03 15:50:00
00QPh00000embFxMAI,2025-12-03 15:55:00
00QPh00000embsfMAA,2025-12-03 15:57:00
00QPh00000emhjaMAA,2025-12-03 17:14:00
00QPh00000emvo9MAA,2025-12-03 16:50:00
00QPh00000emzVCMAY,2025-12-05 09:51:00
00QPh00000en04fMAA,2025-12-03 17:03:00
00QPh00000en1wpMAA,2025-12-03 17:28:00
00QPh00000enLVhMAM,2025-12-03 18:11:00
00QPh00000enLlsMAE,2025-12-04 15:28:00
00QPh00000enNfaMAE,2025-12-03 18:34:00
00QPh00000enNnfMAE,2025-12-04 15:00:00
00QPh00000enSx1MAE,2025-12-04 14:18:00
00QPh00000enUXPMA2,2025-12-08 17:33:00
00QPh00000enVTRMA2,2025-12-03 18:42:00
00QPh00000enqODMAY,2025-12-04 11:00:00
00QPh00000enr0vMAA,2025-12-04 08:44:00
00QPh00000enr8zMAA,2025-12-30 13:36:00
00QPh00000eo0U2MAI,2025-12-04 09:05:00
00QPh00000eo0XFMAY,2025-12-04 09:02:00
00QPh00000eo2pCMAQ,2025-12-04 18:46:00
00QPh00000eo2xHMAQ,2025-12-08 15:22:00
00QPh00000eo58jMAA,2025-12-04 08:35:00
00QPh00000eo7GzMAI,2025-12-08 17:25:00
00QPh00000eoHrRMAU,2025-12-04 11:49:00
00QPh00000eoI4LMAU,2025-12-04 15:00:00
00QPh00000eoLDVMA2,2025-12-04 14:59:00
00QPh00000eoyV0MAI,2025-12-02 08:49:00
00QPh00000ep23xMAA,2025-12-04 13:14:00
00QPh00000epFdwMAE,2025-12-04 08:45:00
00QPh00000epWIAMA2,2025-12-05 13:12:00
00QPh00000epYNDMA2,2025-12-04 08:37:00
00QPh00000epbL4MAI,2025-12-04 18:48:00
00QPh00000epcAfMAI,2025-12-05 15:00:00
00QPh00000epdBaMAI,2025-12-04 12:10:00
00QPh00000epiJJMAY,2025-12-05 12:00:00
00QPh00000eplcBMAQ,2025-12-04 10:30:00
00QPh00000eq1FVMAY,2025-12-04 09:58:00
00QPh00000eq3Z3MAI,2025-12-04 09:54:00
00QPh00000eq7zFMAQ,2025-12-04 10:05:00
00QPh00000eq9zSMAQ,2025-12-04 10:49:00
00QPh00000eqHVbMAM,2025-12-04 15:17:00
00QPh00000eqJHGMA2,2025-12-04 15:08:00
00QPh00000eqQCHMA2,2025-12-08 08:58:00
00QPh00000eqQU1MAM,2026-01-06 11:17:00
00QPh00000eqQyfMAE,2025-12-04 11:01:00
00QPh00000eqYMmMAM,2025-12-04 12:32:00
00QPh00000eqcuzMAA,2025-12-04 11:32:00
00QPh00000eqfRSMAY,2025-12-04 11:50:00
00QPh00000eqg5lMAA,2025-12-04 11:41:00
00QPh00000eqkVxMAI,2025-12-04 11:49:00
00QPh00000eqkXaMAI,2025-12-04 13:04:00
00QPh00000eqkqxMAA,2026-01-12 15:53:00
00QPh00000eqlzuMAA,2025-12-04 12:12:00
00QPh00000eqmfpMAA,2025-12-10 14:34:00
00QPh00000eqn5dMAA,2025-12-05 13:51:00
00QPh00000eqnC6MAI,2025-12-04 12:16:00
00QPh00000eqnaIMAQ,2025-12-04 15:55:00
00QPh00000eqo8AMAQ,2025-12-04 12:10:00
00QPh00000eqopjMAA,2025-12-04 09:05:00
00QPh00000eqqMyMAI,2025-12-05 09:47:00
00QPh00000eqw45MAA,2025-12-09 10:24:00
00QPh00000eqxY2MAI,2025-12-04 13:12:00
00QPh00000eqy5uMAA,2025-12-04 13:23:00
00QPh00000er4rIMAQ,2025-12-04 13:29:00
00QPh00000er5c1MAA,2025-12-04 15:50:00
00QPh00000er91JMAQ,2025-12-04 12:53:00
00QPh00000er9pJMAQ,2025-12-10 10:14:00
00QPh00000erGE7MAM,2025-12-04 14:51:00
00QPh00000erGHKMA2,2026-01-06 16:23:00
00QPh00000erPE9MAM,2025-12-04 13:30:00
00QPh00000erPcLMAU,2025-12-04 13:32:00
00QPh00000eridNMAQ,2025-12-04 13:45:00
00QPh00000erpIJMAY,2025-12-04 14:23:00
00QPh00000errIVMAY,2025-12-08 12:37:00
00QPh00000ert49MAA,2025-12-04 17:00:00
00QPh00000eruTFMAY,2025-12-04 14:03:00
00QPh00000erwObMAI,2025-12-04 14:11:00
00QPh00000erwlBMAQ,2025-12-04 14:11:00
00QPh00000es1D0MAI,2025-12-04 15:19:00
00QPh00000es3rVMAQ,2025-12-04 14:37:00
00QPh00000es9C9MAI,2025-12-04 14:53:00
00QPh00000esWIPMA2,2026-02-02 10:40:00
00QPh00000esbMvMAI,2025-12-07 17:11:00
00QPh00000esdIHMAY,2025-12-04 16:12:00
00QPh00000essfVMAQ,2025-12-04 16:56:00
00QPh00000esy4zMAA,2025-12-04 17:46:00
00QPh00000et4OvMAI,2025-12-04 17:37:00
00QPh00000et4bpMAA,2025-12-04 17:38:00
00QPh00000etA1KMAU,2025-12-04 18:30:00
00QPh00000etB0bMAE,2025-12-04 18:01:00
00QPh00000etCazMAE,2025-12-09 14:34:00
00QPh00000etEGEMA2,2025-12-04 18:12:00
00QPh00000etEsxMAE,2025-12-05 12:20:00
00QPh00000etKofMAE,2025-11-06 13:30:00
00QPh00000etNUnMAM,2025-12-04 18:45:00
00QPh00000etVymMAE,2025-12-05 12:30:00
00QPh00000etWl0MAE,2025-12-06 16:47:00
00QPh00000etYZwMAM,2025-12-05 13:59:00
00QPh00000etf0HMAQ,2025-12-05 11:00:00
00QPh00000ethbaMAA,2025-12-06 16:52:00
00QPh00000etuqXMAQ,2026-01-06 11:19:00
00QPh00000euAIkMAM,2025-12-05 09:19:00
00QPh00000euIL7MAM,2025-12-05 09:21:00
00QPh00000euIWNMA2,2025-12-07 12:51:00
00QPh00000euOFNMA2,2025-12-05 12:34:00
00QPh00000euRjGMAU,2025-12-05 12:09:00
00QPh00000euYBGMA2,2025-12-05 09:27:00
00QPh00000eua1pMAA,2025-12-08 13:12:00
00QPh00000eug7BMAQ,2025-12-05 14:00:00
00QPh00000eujRdMAI,2025-12-16 17:23:00
00QPh00000eujxvMAA,2025-12-05 09:29:00
00QPh00000euzZdMAI,2025-12-05 16:00:00
00QPh00000ev9AtMAI,2025-12-11 15:58:00
00QPh00000evVKzMAM,2025-12-06 14:03:00
00QPh00000evYQvMAM,2025-12-05 09:26:00
00QPh00000evew9MAA,2025-12-05 09:33:00
00QPh00000evlkjMAA,2025-12-02 08:31:00
00QPh00000evm8xMAA,2025-12-05 09:37:00
00QPh00000evoAjMAI,2025-12-05 09:15:00
00QPh00000evqywMAA,2025-12-05 10:02:00
00QPh00000evrwbMAA,2025-12-05 09:31:00
00QPh00000evtSCMAY,2025-12-05 10:00:00
00QPh00000evyrfMAA,2025-12-10 09:43:00
00QPh00000evzffMAA,2025-12-05 13:34:00
00QPh00000ew1SvMAI,2025-12-05 09:26:00
00QPh00000ew33JMAQ,2025-11-12 08:51:00
00QPh00000ewPGjMAM,2025-12-08 12:30:00
00QPh00000ewPVIMA2,2025-12-05 11:37:00
00QPh00000ewRtdMAE,2025-12-05 10:38:00
00QPh00000ewUoHMAU,2025-12-05 10:47:00
00QPh00000ewWenMAE,2025-12-05 14:05:00
00QPh00000ewXvqMAE,2025-12-05 11:24:00
00QPh00000ewZBFMA2,2025-12-05 11:00:00
00QPh00000ewaAXMAY,2025-12-05 11:03:00
00QPh00000ewotTMAQ,2025-12-05 12:56:00
00QPh00000ewtjTMAQ,2025-12-05 12:44:00
00QPh00000ewy3DMAQ,2025-12-05 12:34:00
00QPh00000ex7JNMAY,2025-12-05 12:31:00
00QPh00000ex7RSMAY,2025-12-05 13:26:00
00QPh00000exA4LMAU,2025-12-05 12:40:00
00QPh00000exA5zMAE,2025-12-05 13:26:00
00QPh00000exBBiMAM,2025-11-06 17:20:00
00QPh00000exFSEMA2,2025-12-05 14:15:00
00QPh00000exIQ5MAM,2025-12-05 13:05:00
00QPh00000exK25MAE,2025-12-10 11:40:00
00QPh00000excWuMAI,2025-12-05 14:39:00
00QPh00000exg96MAA,2025-12-08 17:28:00
00QPh00000exiMAMAY,2025-12-05 13:56:00
00QPh00000ey0ULMAY,2025-12-16 11:45:00
00QPh00000ey1ILMAY,2025-12-05 14:03:00
00QPh00000ey35dMAA,2025-12-05 14:16:00
00QPh00000ey4MfMAI,2025-12-05 14:20:00
00QPh00000ey5iXMAQ,2025-12-05 15:23:00
00QPh00000eyD8DMAU,2025-12-05 14:41:00
00QPh00000eyEkEMAU,2025-12-05 15:25:00
00QPh00000eyG4TMAU,2025-12-06 12:18:00
00QPh00000eyJaDMAU,2025-12-07 10:55:00
00QPh00000eycPyMAI,2025-12-07 12:48:00
00QPh00000eyhr3MAA,2025-12-23 13:48:00
00QPh00000eykAdMAI,2025-12-06 14:28:00
00QPh00000ez00rMAA,2025-12-08 09:31:00
00QPh00000ez42rMAA,2025-12-06 14:45:00
00QPh00000ez6UTMAY,2025-12-16 16:13:00
00QPh00000ez801MAA,2025-12-06 09:55:00
00QPh00000ezDqwMAE,2025-12-06 16:41:00
00QPh00000ezEVFMA2,2025-12-08 11:56:00
00QPh00000ezOKyMAM,2025-12-06 15:16:00
00QPh00000ezP0rMAE,2025-12-07 15:14:00
00QPh00000ezQHtMAM,2025-12-08 09:08:00
00QPh00000ezbzhMAA,2025-12-08 15:21:00
00QPh00000ezcsXMAQ,2025-12-06 09:04:00
00QPh00000ezh5pMAA,2025-12-06 11:41:00
00QPh00000eziy0MAA,2025-12-06 10:36:00
00QPh00000ezj1BMAQ,2025-12-06 08:44:00
00QPh00000ezregMAA,2025-12-06 09:00:00
00QPh00000ezsKcMAI,2025-12-06 13:58:00
00QPh00000ezxSLMAY,2025-12-17 11:39:00
00QPh00000f01sXMAQ,2025-12-06 11:15:00
00QPh00000f05mTMAQ,2025-12-04 12:05:00
00QPh00000f0HyvMAE,2025-12-08 09:16:00
00QPh00000f0JcaMAE,2025-12-06 10:26:00
00QPh00000f0Jz7MAE,2025-12-08 09:18:00
00QPh00000f0LMeMAM,2025-12-06 10:44:00
00QPh00000f0WmfMAE,2025-12-06 09:23:00
00QPh00000f0XScMAM,2025-12-08 18:16:00
00QPh00000f0elqMAA,2026-01-06 15:25:00
00QPh00000f0mwHMAQ,2025-12-10 14:30:00
00QPh00000f0ruLMAQ,2025-12-06 17:16:00
00QPh00000f0rxaMAA,2025-12-08 08:51:00
00QPh00000f0y1OMAQ,2025-12-06 09:54:00
00QPh00000f18VNMAY,2025-12-06 12:31:00
00QPh00000f1D6sMAE,2025-12-08 09:16:00
00QPh00000f1EPWMA2,2025-12-06 10:02:00
00QPh00000f1KQ6MAM,2025-12-07 10:41:00
00QPh00000f1On3MAE,2025-12-07 10:50:00
00QPh00000f1QyXMAU,2025-12-06 15:08:00
00QPh00000f1XC1MAM,2025-12-06 15:01:00
00QPh00000f1a53MAA,2025-12-07 11:23:00
00QPh00000f1dXbMAI,2025-12-06 13:14:00
00QPh00000f1iSRMAY,2025-12-06 14:06:00
00QPh00000f1jUxMAI,2025-12-07 11:42:00
00QPh00000f1kijMAA,2025-12-06 14:30:00
00QPh00000f1lWjMAI,2025-12-06 16:26:00
00QPh00000f1ltKMAQ,2025-12-06 14:31:00
00QPh00000f1yvOMAQ,2025-12-07 14:59:00
00QPh00000f20PKMAY,2025-12-06 14:37:00
00QPh00000f22ULMAY,2025-12-08 10:21:00
00QPh00000f23NBMAY,2025-12-09 12:59:00
00QPh00000f25GvMAI,2025-12-06 14:33:00
00QPh00000f26o5MAA,2025-12-07 09:49:00
00QPh00000f2CofMAE,2025-12-06 15:32:00
00QPh00000f2D3BMAU,2025-12-07 15:38:00
00QPh00000f2GIoMAM,2025-12-07 11:36:00
00QPh00000f2MT3MAM,2025-12-08 08:42:00
00QPh00000f2QbVMAU,2025-12-06 17:07:00
00QPh00000f2VZZMA2,2025-12-08 13:16:00
00QPh00000f2oIrMAI,2025-12-07 09:23:00
00QPh00000f2pI9MAI,2025-12-07 08:41:00
00QPh00000f2phxMAA,2025-12-07 16:37:00
00QPh00000f2qUMMAY,2025-12-07 11:59:00
00QPh00000f2wgEMAQ,2025-12-07 12:06:00
00QPh00000f30S7MAI,2026-01-07 11:19:00
00QPh00000f33BRMAY,2025-12-07 14:15:00
00QPh00000f350LMAQ,2025-12-08 15:19:00
00QPh00000f3F4XMAU,2025-12-07 11:08:00
00QPh00000f3GIMMA2,2025-12-07 08:48:00
00QPh00000f3OvqMAE,2025-12-09 09:12:00
00QPh00000f3kxzMAA,2025-12-07 09:05:00
00QPh00000f3p4nMAA,2025-12-07 09:29:00
00QPh00000f3pMXMAY,2025-12-07 08:31:00
00QPh00000f3t1yMAA,2025-12-08 14:06:00
00QPh00000f3v0XMAQ,2025-12-07 09:10:00
00QPh00000f3vBpMAI,2025-12-07 11:00:00
00QPh00000f40ReMAI,2025-12-16 11:25:00
00QPh00000f41ifMAA,2025-12-07 10:03:00
00QPh00000f45j3MAA,2025-12-07 14:41:00
00QPh00000f49I2MAI,2025-12-09 16:34:00
00QPh00000f49wLMAQ,2026-01-08 14:25:00
00QPh00000f4E6PMAU,2025-12-10 08:57:00
00QPh00000f4IBdMAM,2025-12-07 12:31:00
00QPh00000f4OfHMAU,2025-12-07 13:31:00
00QPh00000f4TAJMA2,2025-12-07 15:01:00
00QPh00000f4XSQMA2,2025-12-12 15:40:00
00QPh00000f4cOrMAI,2025-12-07 13:46:00
00QPh00000f4dxdMAA,2025-12-08 08:48:00
00QPh00000f4eSIMAY,2025-12-08 10:30:00
00QPh00000f4eaLMAQ,2025-12-08 12:21:00
00QPh00000f4g5tMAA,2025-12-07 14:41:00
00QPh00000f4i4TMAQ,2025-12-08 12:15:00
00QPh00000f4jWnMAI,2025-12-09 08:49:00
00QPh00000f4nLtMAI,2025-12-08 11:03:00
00QPh00000f4ph3MAA,2025-12-08 09:08:00
00QPh00000f4q3dMAA,2025-12-08 15:39:00
00QPh00000f4rKfMAI,2025-12-07 16:22:00
00QPh00000f4tb1MAA,2025-12-08 08:42:00
00QPh00000f4tvxMAA,2025-12-07 16:45:00
00QPh00000f4xxxMAA,2025-12-08 18:30:00
00QPh00000f4z0UMAQ,2025-12-08 08:31:00
00QPh00000f4zmrMAA,2025-12-08 10:00:00
00QPh00000f51NGMAY,2025-12-10 16:30:00
00QPh00000f53k2MAA,2025-12-08 13:00:00
00QPh00000f54udMAA,2025-12-08 08:41:00
00QPh00000f56TNMAY,2026-01-06 14:48:00
00QPh00000f57KbMAI,2025-12-08 08:32:00
00QPh00000f580XMAQ,2025-12-08 12:00:00
00QPh00000f5DQ1MAM,2025-12-08 15:36:00
00QPh00000f5FgLMAU,2025-12-08 13:33:00
00QPh00000f5Fy5MAE,2025-12-11 15:00:00
00QPh00000f5IxbMAE,2025-12-08 08:38:00
00QPh00000f5N61MAE,2025-12-09 16:33:00
00QPh00000f5WXWMA2,2025-12-08 13:00:00
00QPh00000f5WpGMAU,2025-12-08 09:03:00
00QPh00000f5hmHMAQ,2025-12-08 12:46:00
00QPh00000f5kc5MAA,2025-12-08 09:04:00
00QPh00000f5wDSMAY,2025-12-08 12:05:00
00QPh00000f5ylVMAQ,2025-12-08 13:05:00
00QPh00000f69yhMAA,2025-12-09 09:01:00
00QPh00000f6L8bMAE,2025-12-09 12:05:00
00QPh00000f6VkhMAE,2025-12-08 08:53:00
00QPh00000f6XEcMAM,2025-12-08 09:03:00
00QPh00000f6Z8OMAU,2025-12-08 09:13:00
00QPh00000f6a62MAA,2025-12-08 09:02:00
00QPh00000f6bi3MAA,2025-12-08 09:03:00
00QPh00000f6cW1MAI,2025-12-08 08:40:00
00QPh00000f6eHhMAI,2025-12-08 10:01:00
00QPh00000f6n1dMAA,2025-12-08 08:30:00
00QPh00000f6rusMAA,2025-12-08 09:18:00
00QPh00000f6sMHMAY,2025-12-08 09:05:00
00QPh00000f6wHpMAI,2025-12-08 12:10:00
00QPh00000f73w1MAA,2025-12-08 09:29:00
00QPh00000f74nFMAQ,2025-12-08 10:01:00
00QPh00000f77y1MAA,2025-12-08 09:41:00
00QPh00000f7970MAA,2025-12-08 10:26:00
00QPh00000f79N7MAI,2025-12-11 09:08:00
00QPh00000f7Bf3MAE,2025-12-08 09:51:00
00QPh00000f7K5dMAE,2025-12-08 10:14:00
00QPh00000f7KaHMAU,2025-12-08 10:13:00
00QPh00000f7TahMAE,2025-12-08 13:05:00
00QPh00000f7ULWMA2,2025-12-08 15:10:00
00QPh00000f7Wl8MAE,2025-12-08 11:01:00
00QPh00000f7ZuHMAU,2025-12-08 10:47:00
00QPh00000f7vl9MAA,2025-12-08 12:35:00
00QPh00000f89zNMAQ,2025-11-25 18:40:00
00QPh00000f8CSbMAM,2025-12-08 12:20:00
00QPh00000f8CsPMAU,2025-12-08 12:20:00
00QPh00000f8HH0MAM,2025-12-08 13:04:00
00QPh00000f8LhCMAU,2025-12-08 12:59:00
00QPh00000f8MtNMAU,2025-12-08 12:43:00
00QPh00000f8NFxMAM,2025-12-17 16:24:00
00QPh00000f8OjtMAE,2025-12-08 15:50:00
00QPh00000f8PeOMAU,2025-12-23 16:35:00
00QPh00000f8T8TMAU,2025-12-08 12:58:00
00QPh00000f8X8rMAE,2025-12-09 12:39:00
00QPh00000f8de5MAA,2025-12-17 11:53:00
00QPh00000f8e7AMAQ,2025-12-08 14:49:00
00QPh00000f8fT1MAI,2025-12-11 15:43:00
00QPh00000f8jA2MAI,2025-12-29 16:47:00
00QPh00000f8kVvMAI,2025-12-08 14:13:00
00QPh00000f8oEbMAI,2025-12-08 15:34:00
00QPh00000f8qugMAA,2025-12-09 11:42:00
00QPh00000f8uF9MAI,2025-12-08 14:07:00
00QPh00000f8v80MAA,2025-12-08 17:10:00
00QPh00000f907gMAA,2025-12-08 15:05:00
00QPh00000f93LdMAI,2025-12-08 13:44:00
00QPh00000f93dNMAQ,2025-12-10 11:58:00
00QPh00000f94JJMAY,2025-12-08 13:46:00
00QPh00000f9ATdMAM,2025-12-05 12:18:00
00QPh00000f9CySMAU,2025-12-08 15:04:00
00QPh00000f9F6hMAE,2025-12-08 15:00:00
00QPh00000f9O1tMAE,2025-12-09 08:40:00
00QPh00000f9OY9MAM,2025-12-08 14:28:00
00QPh00000f9OczMAE,2025-12-08 14:29:00
00QPh00000f9Wx8MAE,2025-12-08 15:53:00
00QPh00000f9XrZMAU,2025-12-08 14:51:00
00QPh00000f9bbsMAA,2025-12-11 14:55:00
00QPh00000f9csrMAA,2025-11-14 15:46:00
00QPh00000f9dtlMAA,2025-12-08 15:01:00
00QPh00000f9euhMAA,2025-12-08 15:32:00
00QPh00000f9lGFMAY,2025-12-08 16:15:00
00QPh00000fA4PJMA0,2025-12-08 16:09:00
00QPh00000fA7i9MAC,2025-12-08 16:15:00
00QPh00000fADHKMA4,2025-12-08 17:04:00
00QPh00000fAOz8MAG,2025-12-08 16:51:00
00QPh00000fAQG9MAO,2025-12-08 16:49:00
00QPh00000fAQuWMAW,2025-12-08 17:38:00
00QPh00000fAX7xMAG,2025-12-08 17:03:00
00QPh00000fAXzCMAW,2025-12-09 14:20:00
00QPh00000fAdLRMA0,2025-12-08 17:16:00
00QPh00000fAenlMAC,2025-12-09 14:08:00
00QPh00000fAnRFMA0,2025-12-16 10:43:00
00QPh00000fAroEMAS,2025-12-09 12:36:00
00QPh00000fB6qTMAS,2025-12-08 18:43:00
00QPh00000fB9zdMAC,2025-12-08 18:53:00
00QPh00000fBGBXMA4,2025-12-09 08:35:00
00QPh00000fBLSvMAO,2025-12-09 08:30:00
00QPh00000fBPzaMAG,2025-12-10 10:30:00
00QPh00000fBQafMAG,2025-12-09 09:04:00
00QPh00000fBTtWMAW,2025-12-09 10:02:00
00QPh00000fBVP4MAO,2025-12-11 10:30:00
00QPh00000fBXvWMAW,2025-12-09 14:10:00
00QPh00000fBdb8MAC,2025-12-09 10:01:00
00QPh00000fBdg2MAC,2025-12-09 09:00:00
00QPh00000fBfGMMA0,2025-12-11 16:05:00
00QPh00000fBiULMA0,2025-12-09 09:00:00
00QPh00000fBnPBMA0,2025-12-10 16:36:00
00QPh00000fBnVfMAK,2025-12-09 11:01:00
00QPh00000fBoczMAC,2025-12-09 12:37:00
00QPh00000fBpXRMA0,2025-12-10 11:35:00
00QPh00000fBrcTMAS,2025-12-09 08:33:00
00QPh00000fBs5WMAS,2025-12-09 12:30:00
00QPh00000fBvmXMAS,2025-12-09 09:04:00
00QPh00000fBxDGMA0,2025-12-11 15:09:00
00QPh00000fBxI5MAK,2025-12-17 11:34:00
00QPh00000fC0uHMAS,2025-12-09 17:15:00
00QPh00000fC4LCMA0,2025-12-09 14:30:00
00QPh00000fCA8vMAG,2025-12-09 12:00:00
00QPh00000fCIzFMAW,2025-12-09 10:03:00
00QPh00000fCX3rMAG,2025-12-09 09:01:00
00QPh00000fCh4oMAC,2025-12-09 08:33:00
00QPh00000fClA2MAK,2025-12-09 09:04:00
00QPh00000fCrIiMAK,2025-12-09 12:22:00
00QPh00000fD6WEMA0,2025-12-09 10:16:00
00QPh00000fDDnpMAG,2025-12-09 09:04:00
00QPh00000fDEQYMA4,2025-12-09 17:19:00
00QPh00000fDGvNMAW,2025-12-09 09:09:00
00QPh00000fDJDKMA4,2025-12-09 10:46:00
00QPh00000fDOL4MAO,2025-12-23 12:10:00
00QPh00000fDaMEMA0,2025-12-09 09:47:00
00QPh00000fDh2kMAC,2025-12-09 10:26:00
00QPh00000fDsasMAC,2025-12-09 10:49:00
00QPh00000fDyOYMA0,2025-12-09 11:13:00
00QPh00000fE5hlMAC,2025-12-09 11:15:00
00QPh00000fE6dqMAC,2025-12-09 12:29:00
00QPh00000fE8yzMAC,2025-12-09 11:22:00
00QPh00000fE9JyMAK,2025-12-09 14:05:00
00QPh00000fEFlxMAG,2025-12-09 11:41:00
00QPh00000fEIaAMAW,2025-12-10 11:35:00
00QPh00000fELzSMAW,2025-12-09 12:04:00
00QPh00000fEkGHMA0,2025-12-09 13:01:00
00QPh00000fEkt0MAC,2025-12-17 11:16:00
00QPh00000fElKQMA0,2025-12-09 13:05:00
00QPh00000fEooXMAS,2025-12-09 13:11:00
00QPh00000fEqYcMAK,2025-12-09 13:32:00
00QPh00000fEsAbMAK,2025-12-09 13:21:00
00QPh00000fEwKfMAK,2025-12-09 13:36:00
00QPh00000fEzf7MAC,2025-12-09 13:40:00
00QPh00000fF48ZMAS,2025-12-12 16:24:00
00QPh00000fFCkQMAW,2025-12-09 14:08:00
00QPh00000fFDBsMAO,2025-12-09 15:08:00
00QPh00000fFaA2MAK,2025-12-09 14:29:00
00QPh00000fFaErMAK,2025-12-12 15:32:00
00QPh00000fFabRMAS,2025-12-09 14:30:00
00QPh00000fFdxWMAS,2025-12-09 14:58:00
00QPh00000fFinVMAS,2025-12-09 14:56:00
00QPh00000fFkqvMAC,2025-12-09 15:02:00
00QPh00000fFtvpMAC,2025-12-09 15:27:00
00QPh00000fFxg5MAC,2025-12-09 15:38:00
00QPh00000fFxoCMAS,2025-12-10 08:49:00
00QPh00000fFysHMAS,2025-12-10 11:55:00
00QPh00000fG0cMMAS,2025-12-09 16:12:00
00QPh00000fG97nMAC,2025-12-09 16:03:00
00QPh00000fGAwfMAG,2025-12-09 15:53:00
00QPh00000fGFmfMAG,2025-12-09 16:06:00
00QPh00000fGM4zMAG,2025-12-10 13:05:00
00QPh00000fGSAQMA4,2025-12-09 17:26:00
00QPh00000fGZBtMAO,2025-12-09 17:07:00
00QPh00000fGcOHMA0,2025-12-10 09:12:00
00QPh00000fGgi2MAC,2025-12-09 18:15:00
00QPh00000fGharMAC,2025-12-09 17:37:00
00QPh00000fGiVKMA0,2025-12-10 09:00:00
00QPh00000fGvPJMA0,2025-12-09 18:57:00
00QPh00000fGvh3MAC,2025-12-10 09:36:00
00QPh00000fH0yTMAS,2025-12-09 18:36:00
00QPh00000fH1JRMA0,2025-12-09 18:37:00
00QPh00000fH4KXMA0,2025-12-09 18:47:00
00QPh00000fH4sQMAS,2025-12-10 18:01:00
00QPh00000fHARZMA4,2025-12-11 18:05:00
00QPh00000fHCMvMAO,2025-12-10 08:34:00
00QPh00000fHFmEMAW,2025-12-10 14:40:00
00QPh00000fHLV5MAO,2025-12-10 15:26:00
00QPh00000fHNYUMA4,2025-12-10 09:04:00
00QPh00000fHX3DMAW,2025-12-10 08:34:00
00QPh00000fHZRZMA4,2025-12-10 13:07:00
00QPh00000fHcdyMAC,2025-12-10 12:10:00
00QPh00000fHh4EMAS,2025-12-31 14:49:00
00QPh00000fHi8IMAS,2025-12-10 08:33:00
00QPh00000fHiZhMAK,2025-12-11 08:58:00
00QPh00000fHjQwMAK,2025-12-10 12:10:00
00QPh00000fHoFKMA0,2025-12-10 11:45:00
00QPh00000fHvGnMAK,2025-12-10 11:41:00
00QPh00000fHwzFMAS,2025-12-10 09:00:00
00QPh00000fI2beMAC,2025-12-10 14:45:00
00QPh00000fI2jhMAC,2025-12-10 18:23:00
00QPh00000fI5UfMAK,2025-12-10 11:42:00
00QPh00000fIDVRMA4,2025-12-12 11:37:00
00QPh00000fIHUFMA4,2025-12-10 13:05:00
00QPh00000fIHXSMA4,2025-12-10 15:14:00
00QPh00000fIYLPMA4,2025-12-10 08:59:00
00QPh00000fIjOsMAK,2025-12-10 08:41:00
00QPh00000fIkrCMAS,2025-12-15 15:11:00
00QPh00000fIthaMAC,2025-12-10 14:50:00
00QPh00000fIwp7MAC,2025-12-10 14:36:00
00QPh00000fJC5tMAG,2025-12-10 09:05:00
00QPh00000fJFrmMAG,2025-12-10 09:30:00
00QPh00000fJMN3MAO,2025-12-10 10:18:00
00QPh00000fJN2vMAG,2025-12-10 09:23:00
00QPh00000fJQglMAG,2026-01-07 11:44:00
00QPh00000fJnOnMAK,2025-12-10 13:20:00
00QPh00000fJndKMAS,2025-12-10 16:47:00
00QPh00000fJpdWMAS,2025-12-10 12:06:00
00QPh00000fJtE6MAK,2025-12-16 09:58:00
00QPh00000fJumrMAC,2025-12-11 09:11:00
00QPh00000fJz8DMAS,2025-12-10 10:31:00
00QPh00000fJzkvMAC,2025-12-11 14:40:00
00QPh00000fK8pqMAC,2025-12-17 14:39:00
00QPh00000fKCn1MAG,2025-12-10 12:45:00
00QPh00000fKGfKMAW,2025-12-10 12:20:00
00QPh00000fKKHWMA4,2025-12-22 17:22:00
00QPh00000fKPsJMAW,2025-12-15 10:47:00
00QPh00000fKTKrMAO,2025-12-10 13:49:00
00QPh00000fKWk5MAG,2025-12-11 14:15:00
00QPh00000fKXTGMA4,2025-12-11 08:47:00
00QPh00000fKfiaMAC,2025-12-10 12:26:00
00QPh00000fKpI5MAK,2025-12-10 15:20:00
00QPh00000fKpTPMA0,2025-12-10 12:43:00
00QPh00000fKxkJMAS,2025-12-10 17:40:00
00QPh00000fLK2ZMAW,2025-12-15 15:00:00
00QPh00000fLNN0MAO,2025-12-10 13:25:00
00QPh00000fLNd7MAG,2025-12-10 13:24:00
00QPh00000fLOfgMAG,2025-12-10 15:00:00
00QPh00000fLR7KMAW,2025-12-19 09:26:00
00QPh00000fLSHpMAO,2025-12-10 14:30:00
00QPh00000fLSUlMAO,2025-12-10 13:34:00
00QPh00000fLjYnMAK,2026-01-06 14:35:00
00QPh00000fLoTfMAK,2025-12-10 15:11:00
00QPh00000fLolPMAS,2025-12-10 16:14:00
00QPh00000fLs2cMAC,2025-12-10 16:02:00
00QPh00000fLs5tMAC,2025-12-10 16:42:00
00QPh00000fLuHJMA0,2025-12-10 14:22:00
00QPh00000fLzk1MAC,2025-12-10 14:42:00
00QPh00000fLzs5MAC,2025-12-10 14:43:00
00QPh00000fM1gzMAC,2025-12-10 14:51:00
00QPh00000fM4zpMAC,2025-12-10 18:05:00
00QPh00000fM6aEMAS,2026-01-28 11:17:00
00QPh00000fM9cvMAC,2025-12-10 15:18:00
00QPh00000fMBlCMAW,2025-12-10 16:18:00
00QPh00000fMEj4MAG,2025-12-10 15:43:00
00QPh00000fMJUDMA4,2025-12-10 16:30:00
00QPh00000fMMrvMAG,2025-12-11 09:53:00
00QPh00000fMQNeMAO,2025-12-10 16:31:00
00QPh00000fMS7hMAG,2025-12-10 16:08:00
00QPh00000fMToZMAW,2025-12-10 16:14:00
00QPh00000fMTq9MAG,2025-12-10 16:12:00
00QPh00000fMTtNMAW,2025-12-10 16:13:00
00QPh00000fMWcjMAG,2025-12-10 16:21:00
00QPh00000fMWzJMAW,2025-12-10 16:21:00
00QPh00000fMYD7MAO,2025-12-10 16:25:00
00QPh00000fMaZtMAK,2025-12-10 16:31:00
00QPh00000fMcNCMA0,2025-12-10 16:47:00
00QPh00000fMe7GMAS,2025-12-10 17:48:00
00QPh00000fMjbZMAS,2025-12-10 16:56:00
00QPh00000fMrZ7MAK,2025-12-10 17:24:00
00QPh00000fMsrnMAC,2026-01-12 16:00:00
00QPh00000fMsuzMAC,2025-12-11 08:58:00
00QPh00000fMuOvMAK,2025-12-10 17:34:00
00QPh00000fMuwnMAC,2025-12-10 17:36:00
00QPh00000fMxugMAC,2025-12-15 14:46:00
00QPh00000fMyltMAC,2025-12-11 10:08:00
00QPh00000fN1yHMAS,2025-12-10 18:01:00
00QPh00000fN4CzMAK,2025-12-10 18:07:00
00QPh00000fN4g1MAC,2025-12-12 15:58:00
00QPh00000fNAogMAG,2025-12-11 08:46:00
00QPh00000fNCQfMAO,2025-12-10 18:30:00
00QPh00000fNEM1MAO,2025-12-10 18:34:00
00QPh00000fNEsHMAW,2025-12-10 18:36:00
00QPh00000fNG2sMAG,2025-12-11 08:43:00
00QPh00000fNJYcMAO,2025-12-11 12:00:00
00QPh00000fNJojMAG,2025-12-10 18:54:00
00QPh00000fNK01MAG,2025-12-11 12:00:00
00QPh00000fNKWHMA4,2025-12-11 10:00:00
00QPh00000fNMxtMAG,2025-12-11 08:33:00
00QPh00000fNRpVMAW,2025-12-11 08:38:00
00QPh00000fNSyVMAW,2025-12-11 12:19:00
00QPh00000fNT89MAG,2025-12-12 15:46:00
00QPh00000fNU10MAG,2025-12-12 14:47:00
00QPh00000fNamMMAS,2025-12-11 09:05:00
00QPh00000fNjJNMA0,2025-12-31 14:19:00
00QPh00000fNoHRMA0,2025-12-11 12:00:00
00QPh00000fNpDVMA0,2025-12-23 12:02:00
00QPh00000fNqXmMAK,2025-12-11 10:10:00
00QPh00000fNw5KMAS,2025-12-11 12:11:00
00QPh00000fNwwXMAS,2025-12-11 08:33:00
00QPh00000fNyjpMAC,2025-12-15 14:14:00
00QPh00000fOJOTMA4,2025-12-11 09:01:00
00QPh00000fOOb4MAG,2025-12-11 14:09:00
00QPh00000fOaKTMA0,2025-12-16 18:14:00
00QPh00000fOiRiMAK,2025-12-12 15:25:00
00QPh00000fOmVJMA0,2025-12-12 15:35:00
00QPh00000fOnMYMA0,2025-12-11 11:10:00
00QPh00000fOqttMAC,2025-12-15 14:10:00
00QPh00000fOtTaMAK,2025-12-11 09:04:00
00QPh00000fOtjiMAC,2025-12-11 14:45:00
00QPh00000fOtmvMAC,2025-12-11 14:49:00
00QPh00000fOvf3MAC,2025-12-11 08:44:00
00QPh00000fOy9tMAC,2025-12-11 15:40:00
00QPh00000fPHajMAG,2025-12-11 09:12:00
00QPh00000fPHndMAG,2025-12-11 09:13:00
00QPh00000fPYZyMAO,2025-12-11 17:21:00
00QPh00000fPZnmMAG,2025-12-11 11:34:00
00QPh00000fPaofMAC,2025-12-12 10:18:00
00QPh00000fPf8QMAS,2025-12-18 16:25:00
00QPh00000fPk6TMAS,2025-12-11 10:07:00
00QPh00000fPlP7MAK,2025-12-11 10:10:00
00QPh00000fPod8MAC,2025-12-12 14:07:00
00QPh00000fPq3pMAC,2025-12-11 10:19:00
00QPh00000fPxrhMAC,2025-12-11 10:40:00
00QPh00000fQ147MAC,2025-12-11 12:25:00
00QPh00000fQDIAMA4,2025-12-11 11:12:00
00QPh00000fQDWfMAO,2025-12-11 11:03:00
00QPh00000fQPRNMA4,2025-12-16 16:28:00
00QPh00000fQPUbMAO,2025-12-11 11:32:00
00QPh00000fQTl7MAG,2025-12-11 18:39:00
00QPh00000fQVBqMAO,2026-01-07 11:36:00
00QPh00000fQWcXMAW,2025-12-11 11:56:00
00QPh00000fQYpdMAG,2025-12-11 12:03:00
00QPh00000fQcejMAC,2025-12-11 16:30:00
00QPh00000fQdMIMA0,2025-12-11 13:07:00
00QPh00000fQhXyMAK,2025-12-11 15:35:00
00QPh00000fQiM0MAK,2025-12-11 14:08:00
00QPh00000fQjhqMAC,2025-12-11 13:06:00
00QPh00000fQmEIMA0,2025-12-11 12:46:00
00QPh00000fQnbmMAC,2025-12-15 09:41:00
00QPh00000fQnogMAC,2025-12-11 16:16:00
00QPh00000fQsLLMA0,2025-12-11 13:41:00
00QPh00000fQtE9MAK,2025-12-11 12:55:00
00QPh00000fQuTaMAK,2025-11-07 09:08:00
00QPh00000fQwdSMAS,2025-12-16 14:04:00
00QPh00000fQxsrMAC,2025-12-11 13:09:00
00QPh00000fQzY6MAK,2025-12-11 13:48:00
00QPh00000fQzgAMAS,2025-12-11 14:16:00
00QPh00000fR0IvMAK,2025-12-11 14:21:00
00QPh00000fR545MAC,2025-12-11 13:45:00
00QPh00000fR6ZaMAK,2025-12-17 14:44:00
00QPh00000fRDOCMA4,2025-12-16 09:54:00
00QPh00000fRK7uMAG,2025-12-11 14:40:00
00QPh00000fROxwMAG,2025-12-15 14:26:00
00QPh00000fRU5dMAG,2025-12-11 13:52:00
00QPh00000fRXxyMAG,2025-12-11 14:33:00
00QPh00000fRam9MAC,2025-12-11 14:06:00
00QPh00000fRb77MAC,2025-12-12 09:57:00
00QPh00000fRfcAMAS,2025-12-11 14:44:00
00QPh00000fRjEMMA0,2025-12-11 14:52:00
00QPh00000fRjJBMA0,2025-12-11 14:37:00
00QPh00000fRofSMAS,2025-12-11 15:32:00
00QPh00000fRsJFMA0,2025-12-11 15:02:00
00QPh00000fRuJSMA0,2025-12-11 15:32:00
00QPh00000fRvtqMAC,2025-12-15 14:37:00
00QPh00000fRxKXMA0,2025-12-15 09:57:00
00QPh00000fS0lRMAS,2025-12-11 15:27:00
00QPh00000fS246MAC,2025-12-18 15:37:00
00QPh00000fS3crMAC,2025-12-11 15:35:00
00QPh00000fS3mXMAS,2025-12-11 15:43:00
00QPh00000fS4QrMAK,2025-12-11 15:37:00
00QPh00000fS56nMAC,2025-12-17 10:39:00
00QPh00000fS64UMAS,2025-12-11 16:15:00
00QPh00000fS6VwMAK,2025-12-11 17:03:00
00QPh00000fSAODMA4,2025-12-12 10:30:00
00QPh00000fSAfyMAG,2025-12-12 10:23:00
00QPh00000fSFyzMAG,2025-12-11 16:09:00
00QPh00000fSJBOMA4,2025-12-11 17:00:00
00QPh00000fSJg2MAG,2025-12-11 16:24:00
00QPh00000fSJw9MAG,2025-12-11 17:30:00
00QPh00000fSLLHMA4,2025-12-12 15:12:00
00QPh00000fSM9HMAW,2025-12-11 17:37:00
00QPh00000fSMVpMAO,2025-12-11 16:28:00
00QPh00000fSNGbMAO,2025-12-11 16:31:00
00QPh00000fSNOfMAO,2025-12-11 16:32:00
00QPh00000fSNuvMAG,2025-12-11 16:33:00
00QPh00000fSOXdMAO,2025-12-11 16:35:00
00QPh00000fSQHkMAO,2025-12-11 18:37:00
00QPh00000fSSkvMAG,2025-12-11 16:46:00
00QPh00000fSTNdMAO,2025-12-11 16:48:00
00QPh00000fSTp3MAG,2025-12-11 16:50:00
00QPh00000fSkOUMA0,2025-12-11 18:08:00
00QPh00000fSmoTMAS,2025-12-12 09:12:00
00QPh00000fSreTMAS,2025-12-11 18:14:00
00QPh00000fSsSTMA0,2025-12-11 18:17:00
00QPh00000fSw1RMAS,2025-12-12 13:49:00
00QPh00000fSxQYMA0,2025-12-15 11:04:00
00QPh00000fSxqLMAS,2025-12-11 18:33:00
00QPh00000fSxwpMAC,2025-12-12 11:58:00
00QPh00000fSz90MAC,2025-12-19 11:50:00
00QPh00000fT0UvMAK,2025-12-12 09:14:00
00QPh00000fT1HGMA0,2025-12-17 12:20:00
00QPh00000fT1Z2MAK,2025-12-12 13:17:00
00QPh00000fT7ktMAC,2025-12-12 16:08:00
00QPh00000fTCvpMAG,2025-12-12 09:18:00
00QPh00000fTDjqMAG,2025-12-14 09:27:00
00QPh00000fTE1cMAG,2025-12-12 14:01:00
00QPh00000fTE4oMAG,2025-12-12 10:49:00
00QPh00000fTEw1MAG,2025-12-16 14:36:00
00QPh00000fTGHtMAO,2025-12-12 09:36:00
00QPh00000fTHVhMAO,2025-12-12 09:22:00
00QPh00000fTIgHMAW,2025-12-17 16:17:00
00QPh00000fTLizMAG,2025-12-12 09:15:00
00QPh00000fTMAQMA4,2025-12-12 10:17:00
00QPh00000fTOYnMAO,2025-12-15 09:42:00
00QPh00000fTU7xMAG,2025-12-12 10:06:00
00QPh00000fTX2bMAG,2025-12-29 13:35:00
00QPh00000fTXVeMAO,2025-12-13 09:31:00
00QPh00000fTdJJMA0,2025-12-12 10:00:00
00QPh00000fTdchMAC,2025-12-12 09:24:00
00QPh00000fTdzFMAS,2025-12-12 09:26:00
00QPh00000fTfwDMAS,2025-12-12 12:20:00
00QPh00000fToxtMAC,2025-12-12 09:21:00
00QPh00000fTwozMAC,2025-12-12 09:31:00
00QPh00000fU2BFMA0,2025-12-12 13:45:00
00QPh00000fU37JMAS,2025-12-18 11:29:00
00QPh00000fU5AnMAK,2025-12-12 09:21:00
00QPh00000fU6UzMAK,2025-12-12 09:27:00
00QPh00000fU8AGMA0,2025-12-12 09:53:00
00QPh00000fU8i5MAC,2025-12-15 14:20:00
00QPh00000fUAbqMAG,2025-12-12 09:56:00
00QPh00000fUAnAMAW,2025-12-12 17:01:00
00QPh00000fUHn0MAG,2025-12-16 10:15:00
00QPh00000fUkH8MAK,2025-12-12 16:43:00
00QPh00000fUlwMMAS,2025-12-12 10:13:00
00QPh00000fUpwjMAC,2025-12-12 13:26:00
00QPh00000fUsHtMAK,2025-12-12 16:44:00
00QPh00000fUzeLMAS,2025-12-15 17:41:00
00QPh00000fVQBVMA4,2025-12-30 13:14:00
00QPh00000fVTkUMAW,2025-12-17 09:41:00
00QPh00000fVYSQMA4,2025-12-12 09:53:00
00QPh00000fVa9HMAS,2025-12-12 10:51:00
00QPh00000fVby9MAC,2025-12-17 18:14:00
00QPh00000fVjxJMAS,2025-12-12 10:18:00
00QPh00000fVoTxMAK,2025-12-12 10:31:00
00QPh00000fVos9MAC,2025-12-13 15:20:00
00QPh00000fVrQFMA0,2025-12-16 13:41:00
00QPh00000fVwkrMAC,2025-12-13 15:09:00
00QPh00000fW1W1MAK,2025-12-12 11:10:00
00QPh00000fW3UdMAK,2025-12-12 12:58:00
00QPh00000fW4iPMAS,2025-12-12 11:19:00
00QPh00000fWFIrMAO,2025-12-12 11:47:00
00QPh00000fWGA5MAO,2025-12-12 11:49:00
00QPh00000fWHsYMAW,2025-12-13 15:03:00
00QPh00000fWLeQMAW,2025-12-12 12:16:00
00QPh00000fWNt7MAG,2025-12-12 12:12:00
00QPh00000fWPzmMAG,2025-12-12 12:29:00
00QPh00000fWRIQMA4,2025-12-12 15:09:00
00QPh00000fWRYXMA4,2025-12-12 12:21:00
00QPh00000fWV97MAG,2025-12-12 12:32:00
00QPh00000fWXPRMA4,2025-12-12 12:37:00
00QPh00000fWY6zMAG,2025-12-12 12:39:00
00QPh00000fWadRMAS,2025-12-12 16:06:00
00QPh00000fWbrFMAS,2025-12-12 12:49:00
00QPh00000fWhdJMAS,2025-12-12 13:07:00
00QPh00000fWoGbMAK,2025-12-13 10:34:00
00QPh00000fWp9SMAS,2025-12-12 14:03:00
00QPh00000fWpvpMAC,2025-12-12 13:33:00
00QPh00000fWtRZMA0,2025-12-12 13:41:00
00QPh00000fWtZdMAK,2025-12-15 14:48:00
00QPh00000fX5hGMAS,2025-12-12 14:37:00
00QPh00000fXCyuMAG,2025-12-12 15:41:00
00QPh00000fXIg5MAG,2025-12-12 14:05:00
00QPh00000fXKI5MAO,2025-12-12 14:12:00
00QPh00000fXLCXMA4,2025-12-16 14:20:00
00QPh00000fXSU9MAO,2025-12-12 14:45:00
00QPh00000fXWhRMAW,2025-12-12 15:01:00
00QPh00000fXZ2cMAG,2025-12-12 15:29:00
00QPh00000fXgtiMAC,2025-12-13 14:47:00
00QPh00000fXhEfMAK,2025-12-12 15:36:00
00QPh00000fXmcXMAS,2025-12-12 15:51:00
00QPh00000fXt6BMAS,2025-12-15 13:27:00
00QPh00000fY2J7MAK,2025-12-12 16:39:00
00QPh00000fYC8nMAG,2025-12-13 10:25:00
00QPh00000fYDo1MAG,2025-12-15 09:08:00
00QPh00000fYKSvMAO,2025-12-22 10:56:00
00QPh00000fYNc5MAG,2025-12-18 10:57:00
00QPh00000fYNvRMAW,2025-12-16 10:07:00
00QPh00000fYR4bMAG,2026-01-12 15:05:00
00QPh00000fYWdlMAG,2025-12-16 09:25:00
00QPh00000fYbwnMAC,2025-12-13 09:28:00
00QPh00000fYfNiMAK,2025-12-13 09:17:00
00QPh00000fYk41MAC,2026-01-07 10:56:00
00QPh00000fYoNlMAK,2025-12-30 10:59:00
00QPh00000fYqscMAC,2025-12-13 09:59:00
00QPh00000fYrK2MAK,2025-12-13 09:55:00
00QPh00000fYryLMAS,2025-12-24 11:36:00
00QPh00000fZ2AfMAK,2025-12-17 16:59:00
00QPh00000fZ4E3MAK,2025-12-15 16:28:00
00QPh00000fZ6R7MAK,2025-12-13 08:37:00
00QPh00000fZ9AWMA0,2025-12-15 12:01:00
00QPh00000fZ9NNMA0,2025-12-16 17:01:00
00QPh00000fZ9TpMAK,2025-12-13 11:20:00
00QPh00000fZFxRMAW,2025-12-13 13:47:00
00QPh00000fZN3lMAG,2025-12-13 11:59:00
00QPh00000fZSoDMAW,2025-12-16 09:36:00
00QPh00000fZaYyMAK,2025-12-13 11:00:00
00QPh00000fZhDlMAK,2025-12-16 13:04:00
00QPh00000faDIUMA2,2025-12-13 14:41:00
00QPh00000faEPsMAM,2025-12-13 13:23:00
00QPh00000faMs1MAE,2025-12-13 09:08:00
00QPh00000faOLxMAM,2025-12-13 09:45:00
00QPh00000faQysMAE,2025-12-15 11:30:00
00QPh00000faV5iMAE,2025-12-13 09:03:00
00QPh00000faWMlMAM,2026-01-06 15:34:00
00QPh00000faXSTMA2,2025-12-13 09:13:00
00QPh00000fabUTMAY,2025-12-13 16:42:00
00QPh00000fabnrMAA,2025-12-15 09:56:00
00QPh00000faiVxMAI,2025-12-13 10:19:00
00QPh00000fajv4MAA,2025-12-15 17:42:00
00QPh00000fakW9MAI,2025-12-13 10:30:00
00QPh00000famhdMAA,2025-12-13 10:46:00
00QPh00000faqRtMAI,2025-12-13 11:11:00
00QPh00000fasn4MAA,2025-12-15 15:41:00
00QPh00000faxLLMAY,2025-12-15 11:30:00
00QPh00000fay2vMAA,2025-12-13 13:50:00
00QPh00000fb24sMAA,2025-12-14 10:07:00
00QPh00000fb26TMAQ,2025-12-15 09:11:00
00QPh00000fb4HxMAI,2025-12-13 15:40:00
00QPh00000fb4OQMAY,2025-12-15 12:52:00
00QPh00000fb83pMAA,2025-12-14 14:31:00
00QPh00000fbNipMAE,2025-12-14 15:46:00
00QPh00000fbUE1MAM,2025-12-16 11:10:00
00QPh00000fbUltMAE,2025-12-16 14:31:00
00QPh00000fbYkfMAE,2025-12-13 16:01:00
00QPh00000fbb0zMAA,2025-12-14 15:53:00
00QPh00000fbeuvMAA,2025-12-13 17:00:00
00QPh00000fbpaFMAQ,2025-12-22 10:53:00
00QPh00000fbr0zMAA,2025-12-15 10:00:00
00QPh00000fc6SzMAI,2025-12-14 14:14:00
00QPh00000fc9InMAI,2025-12-15 17:58:00
00QPh00000fcA5BMAU,2025-12-16 08:47:00
00QPh00000fcALJMA2,2025-12-14 08:35:00
00QPh00000fcBUHMA2,2025-12-14 10:03:00
00QPh00000fcFMeMAM,2025-12-16 14:14:00
00QPh00000fcHbLMAU,2025-12-15 09:36:00
00QPh00000fcICPMA2,2025-12-16 14:30:00
00QPh00000fcJWfMAM,2025-12-15 10:30:00
00QPh00000fcN44MAE,2025-12-16 17:16:00
00QPh00000fcPAgMAM,2025-12-17 11:08:00
00QPh00000fcYXJMA2,2025-12-15 12:37:00
00QPh00000fcYx7MAE,2025-12-15 14:17:00
00QPh00000fca1GMAQ,2025-12-15 11:06:00
00QPh00000fcayxMAA,2025-12-16 16:17:00
00QPh00000fcfCDMAY,2025-12-14 16:35:00
00QPh00000fcqAsMAI,2025-12-15 12:36:00
00QPh00000fcrV9MAI,2025-12-14 15:30:00
00QPh00000fcw3OMAQ,2025-12-17 15:43:00
00QPh00000fd3uUMAQ,2025-12-14 09:02:00
00QPh00000fd9zyMAA,2025-12-14 09:16:00
00QPh00000fdCHrMAM,2025-12-14 09:14:00
00QPh00000fdGADMA2,2025-12-15 17:01:00
00QPh00000fdMieMAE,2025-12-14 10:36:00
00QPh00000fdPRzMAM,2025-12-14 11:05:00
00QPh00000fdS4tMAE,2025-12-14 11:24:00
00QPh00000fdVdrMAE,2025-12-14 13:33:00
00QPh00000fdaTrMAI,2025-12-14 11:12:00
00QPh00000fdb1hMAA,2025-12-19 15:30:00
00QPh00000fddecMAA,2025-12-15 14:00:00
00QPh00000fdeFjMAI,2025-12-14 12:51:00
00QPh00000fdjX7MAI,2025-12-14 11:30:00
00QPh00000fdkGHMAY,2025-12-14 11:39:00
00QPh00000fdllrMAA,2025-12-15 12:06:00
00QPh00000fdnJ2MAI,2025-12-15 09:39:00
00QPh00000fdnxJMAQ,2025-12-15 11:06:00
00QPh00000fdojlMAA,2025-12-15 16:54:00
00QPh00000fdq5ZMAQ,2025-12-15 09:30:00
00QPh00000fdr4sMAA,2026-01-08 15:53:00
00QPh00000fdtzaMAA,2025-12-14 14:51:00
00QPh00000fdz7IMAQ,2025-12-16 11:13:00
00QPh00000fe0rKMAQ,2025-12-19 12:03:00
00QPh00000fe7UcMAI,2025-12-14 16:23:00
00QPh00000fe8H0MAI,2025-12-15 12:40:00
00QPh00000fe9jLMAQ,2025-12-14 16:10:00
00QPh00000feAXLMA2,2025-12-14 16:12:00
00QPh00000feBLJMA2,2025-12-15 09:28:00
00QPh00000feDAEMA2,2025-12-15 09:18:00
00QPh00000feHs9MAE,2025-12-16 12:50:00
00QPh00000feNntMAE,2025-12-14 16:42:00
00QPh00000feOyVMAU,2025-12-15 13:30:00
00QPh00000feQc6MAE,2025-12-15 17:00:00
00QPh00000feRI3MAM,2025-12-15 09:28:00
00QPh00000feRJdMAM,2025-12-15 09:11:00
00QPh00000feViEMAU,2025-12-15 09:15:00
00QPh00000feW9eMAE,2026-01-06 15:29:00
00QPh00000feYEfMAM,2025-12-15 12:22:00
00QPh00000febZ9MAI,2025-12-16 10:00:00
00QPh00000fefJRMAY,2025-12-15 09:07:00
00QPh00000feiigMAA,2025-12-15 11:37:00
00QPh00000fem6MMAQ,2025-12-15 09:18:00
00QPh00000fennCMAQ,2025-12-15 12:30:00
00QPh00000feoPtMAI,2025-12-15 09:23:00
00QPh00000fepAfMAI,2025-12-15 12:17:00
00QPh00000fevkjMAA,2025-12-15 17:11:00
00QPh00000fewGzMAI,2025-12-15 10:17:00
00QPh00000fexucMAA,2025-12-15 11:19:00
00QPh00000feyXKMAY,2025-12-15 12:30:00
00QPh00000ff0ywMAA,2025-12-15 08:36:00
00QPh00000ff4rFMAQ,2025-12-15 09:09:00
00QPh00000ffBL0MAM,2025-12-15 11:01:00
00QPh00000ffEx4MAE,2025-12-17 11:08:00
00QPh00000ffI7qMAE,2025-12-17 18:30:00
00QPh00000ffPKbMAM,2025-12-15 09:05:00
00QPh00000ffXtGMAU,2025-12-15 10:00:00
00QPh00000ffYirMAE,2025-12-19 11:49:00
00QPh00000ffeoIMAQ,2025-12-15 08:40:00
00QPh00000ffnunMAA,2025-12-17 16:55:00
00QPh00000fgQbCMAU,2025-12-15 09:04:00
00QPh00000fgR7SMAU,2025-12-15 10:14:00
00QPh00000fgax9MAA,2025-12-15 09:50:00
00QPh00000fgfC1MAI,2025-12-15 09:14:00
00QPh00000fgtdEMAQ,2026-01-12 16:07:00
00QPh00000fguFtMAI,2025-12-15 09:53:00
00QPh00000fgv3wMAA,2025-12-15 10:52:00
00QPh00000fgw4nMAA,2025-12-15 09:57:00
00QPh00000fgzNdMAI,2025-12-15 10:06:00
00QPh00000fhAW3MAM,2025-12-15 12:08:00
00QPh00000fhFU3MAM,2025-12-15 11:45:00
00QPh00000fhHu1MAE,2025-12-15 10:58:00
00QPh00000fhILRMA2,2025-12-15 10:59:00
00QPh00000fhJiyMAE,2025-12-15 12:24:00
00QPh00000fhOicMAE,2025-12-19 11:44:00
00QPh00000fhfYAMAY,2025-12-15 14:35:00
00QPh00000fhh5JMAQ,2025-12-15 11:59:00
00QPh00000fhheoMAA,2025-12-17 09:41:00
00QPh00000fhifhMAA,2025-12-15 12:03:00
00QPh00000fhjWvMAI,2025-12-15 12:04:00
00QPh00000fht03MAA,2025-12-15 16:46:00
00QPh00000fhu4AMAQ,2025-12-15 12:31:00
00QPh00000fhugrMAA,2025-12-15 12:29:00
00QPh00000fhz74MAA,2025-12-15 12:39:00
00QPh00000fi2ksMAA,2025-12-15 12:53:00
00QPh00000fi2w9MAA,2025-12-15 12:49:00
00QPh00000fi4WZMAY,2025-12-15 13:52:00
00QPh00000fi6i5MAA,2025-12-15 14:27:00
00QPh00000fiBrPMAU,2025-12-11 15:14:00
00QPh00000fiCaaMAE,2025-12-15 13:36:00
00QPh00000fiIrHMAU,2025-12-15 14:22:00
00QPh00000fiQYgMAM,2025-12-15 14:28:00
00QPh00000fiiIfMAI,2025-12-15 13:58:00
00QPh00000fioJFMAY,2025-12-15 14:18:00
00QPh00000fivMLMAY,2025-12-15 18:34:00
00QPh00000fiwNHMAY,2025-12-15 16:11:00
00QPh00000fiygnMAA,2025-12-15 14:48:00
00QPh00000fiyk3MAA,2025-12-16 08:34:00
00QPh00000fj1Q9MAI,2025-12-15 14:56:00
00QPh00000fj4HcMAI,2025-12-16 15:56:00
00QPh00000fj4r3MAA,2025-12-17 16:04:00
00QPh00000fj5vBMAQ,2025-12-15 15:07:00
00QPh00000fj8Y9MAI,2025-12-15 17:22:00
00QPh00000fj8oDMAQ,2025-12-15 15:16:00
00QPh00000fjCGjMAM,2025-12-29 11:34:00
00QPh00000fjLdOMAU,2025-12-15 16:03:00
00QPh00000fjM1bMAE,2025-12-15 17:10:00
00QPh00000fjQErMAM,2025-12-15 16:15:00
00QPh00000fjSN9MAM,2025-12-17 09:40:00
00QPh00000fjUaFMAU,2025-12-16 09:30:00
00QPh00000fjVGAMA2,2025-12-15 16:30:00
00QPh00000fjZV3MAM,2025-12-15 16:20:00
00QPh00000fjeRXMAY,2025-12-18 17:51:00
00QPh00000fjgI1MAI,2025-12-15 16:41:00
00QPh00000fjh9FMAQ,2025-12-15 16:42:00
00QPh00000fjnL8MAI,2025-12-18 16:02:00
00QPh00000fjr6zMAA,2025-12-15 17:11:00
00QPh00000fjyurMAA,2025-12-15 17:38:00
00QPh00000fjzCbMAI,2025-12-15 17:39:00
00QPh00000fk6UDMAY,2025-12-15 18:19:00
00QPh00000fk81NMAQ,2025-12-15 18:09:00
00QPh00000fk9tVMAQ,2025-12-15 18:14:00
00QPh00000fkCzRMAU,2025-12-18 12:43:00
00QPh00000fkJfxMAE,2025-12-15 18:53:00
00QPh00000fkKiWMAU,2025-12-16 13:06:00
00QPh00000fkKoxMAE,2025-12-16 12:06:00
00QPh00000fkVIwMAM,2025-12-17 13:00:00
00QPh00000fkkcvMAA,2025-12-16 11:02:00
00QPh00000fklsLMAQ,2025-12-16 08:31:00
00QPh00000fkoDVMAY,2025-12-30 10:48:00
00QPh00000fkpazMAA,2025-12-16 08:35:00
00QPh00000fky6RMAQ,2025-12-16 15:00:00
00QPh00000fl2egMAA,2025-12-16 08:35:00
00QPh00000fl43lMAA,2025-12-17 16:12:00
00QPh00000flC69MAE,2025-12-17 15:43:00
00QPh00000flaekMAA,2025-12-17 12:31:00
00QPh00000flph4MAA,2025-12-16 09:11:00
00QPh00000fltuKMAQ,2025-12-16 09:01:00
00QPh00000fmIr4MAE,2025-12-16 08:34:00
00QPh00000fmK4tMAE,2025-12-23 11:46:00
00QPh00000fmN2jMAE,2025-12-16 08:38:00
00QPh00000fmNkJMAU,2025-12-16 09:32:00
00QPh00000fmPFpMAM,2025-12-16 09:00:00
00QPh00000fmPe2MAE,2026-01-06 16:00:00
00QPh00000fmRPhMAM,2025-11-14 09:20:00
00QPh00000fmYqzMAE,2025-12-16 08:59:00
00QPh00000fmaUbMAI,2025-12-16 11:01:00
00QPh00000fmaZRMAY,2025-12-16 09:02:00
00QPh00000fmdXJMAY,2025-12-16 09:10:00
00QPh00000fmg70MAA,2025-12-16 09:47:00
00QPh00000fmhRKMAY,2025-12-16 14:06:00
00QPh00000fmjuTMAQ,2025-12-16 09:35:00
00QPh00000fmnbVMAQ,2026-01-12 11:57:00
00QPh00000fmpa5MAA,2025-12-17 16:17:00
00QPh00000fmsL3MAI,2025-12-16 09:56:00
00QPh00000fmyopMAA,2025-12-16 10:50:00
00QPh00000fn0X7MAI,2025-12-17 09:22:00
00QPh00000fn1L7MAI,2025-12-18 16:06:00
00QPh00000fn5gTMAQ,2025-12-16 10:32:00
00QPh00000fn7DdMAI,2025-12-16 10:33:00
00QPh00000fnHMfMAM,2025-12-16 10:44:00
00QPh00000fnPyYMAU,2025-12-16 10:58:00
00QPh00000fnR2kMAE,2025-12-16 12:09:00
00QPh00000fnTkTMAU,2025-12-16 11:11:00
00QPh00000fnoTvMAI,2025-12-16 11:08:00
00QPh00000fnu4gMAA,2025-12-22 10:49:00
00QPh00000fnyQ3MAI,2025-12-16 11:58:00
00QPh00000fnzyqMAA,2025-12-16 12:21:00
00QPh00000fo2dOMAQ,2025-12-16 14:09:00
00QPh00000fo4dZMAQ,2025-12-16 17:46:00
00QPh00000fo4jzMAA,2025-12-16 12:45:00
00QPh00000foAfjMAE,2025-12-16 12:51:00
00QPh00000foBbnMAE,2025-12-16 12:19:00
00QPh00000foDiVMAU,2025-12-23 11:22:00
00QPh00000foJeEMAU,2025-12-16 13:19:00
00QPh00000foSazMAE,2025-12-16 12:13:00
00QPh00000foaLdMAI,2025-12-16 12:36:00
00QPh00000fobsnMAA,2025-12-17 09:30:00
00QPh00000foe5tMAA,2025-12-16 15:55:00
00QPh00000fofOYMAY,2025-12-16 13:06:00
00QPh00000foiEPMAY,2025-12-05 09:31:00
00QPh00000fokEaMAI,2025-12-17 13:41:00
00QPh00000folDpMAI,2025-12-16 13:04:00
00QPh00000fopnqMAA,2025-12-16 14:32:00
00QPh00000foqLZMAY,2025-11-13 09:01:00
00QPh00000fotw9MAA,2025-12-16 13:23:00
00QPh00000fouKmMAI,2025-12-17 13:34:00
00QPh00000fousDMAQ,2025-12-16 13:25:00
00QPh00000foykXMAQ,2025-12-17 09:10:00
00QPh00000fp15hMAA,2025-12-16 13:39:00
00QPh00000fp1dbMAA,2025-12-16 15:06:00
00QPh00000fp4ErMAI,2025-12-17 11:24:00
00QPh00000fpEapMAE,2025-12-18 08:48:00
00QPh00000fpJ10MAE,2026-01-05 09:06:00
00QPh00000fpLxFMAU,2025-12-17 16:18:00
00QPh00000fpRRZMA2,2026-01-12 15:13:00
00QPh00000fpetRMAQ,2025-12-16 15:02:00
00QPh00000fphjIMAQ,2025-12-18 10:00:00
00QPh00000fpmMLMAY,2025-12-16 15:21:00
00QPh00000fpn8jMAA,2025-12-16 15:26:00
00QPh00000fpouQMAQ,2025-12-16 16:28:00
00QPh00000fprInMAI,2025-12-16 15:33:00
00QPh00000fq1mpMAA,2025-12-16 16:49:00
00QPh00000fq57FMAQ,2025-12-16 16:12:00
00QPh00000fq7iYMAQ,2025-12-16 16:58:00
00QPh00000fq8d2MAA,2025-12-16 17:07:00
00QPh00000fqARuMAM,2025-12-18 11:03:00
00QPh00000fqBHVMA2,2025-12-16 16:29:00
00QPh00000fqBRBMA2,2025-12-16 16:30:00
00QPh00000fqGfNMAU,2025-12-16 16:42:00
00QPh00000fqTSvMAM,2025-12-22 10:42:00
00QPh00000fqYafMAE,2025-12-22 15:13:00
00QPh00000fqZZxMAM,2025-12-18 17:45:00
00QPh00000fqZuvMAE,2025-12-16 17:41:00
00QPh00000fqaSnMAI,2025-11-14 11:01:00
00QPh00000fqcO9MAI,2025-12-17 08:39:00
00QPh00000fqgRlMAI,2025-12-16 18:04:00
00QPh00000fqii5MAA,2025-12-17 10:59:00
00QPh00000fqkjtMAA,2025-12-16 18:16:00
00QPh00000fqlOEMAY,2025-12-17 11:02:00
00QPh00000fqqxNMAQ,2025-12-16 18:35:00
00QPh00000fqu06MAA,2025-12-17 09:02:00
00QPh00000fqxvdMAA,2025-12-17 10:30:00
00QPh00000fqyA9MAI,2025-12-17 08:36:00
00QPh00000fqyJpMAI,2025-12-17 17:03:00
00QPh00000fr4qfMAA,2025-12-17 10:01:00
00QPh00000frA04MAE,2025-12-17 11:01:00
00QPh00000frMCVMA2,2025-11-19 12:08:00
00QPh00000frNjdMAE,2025-12-17 15:50:00
00QPh00000frPlRMAU,2025-12-18 09:09:00
00QPh00000frQklMAE,2025-12-17 08:35:00
00QPh00000frT4KMAU,2025-12-17 08:32:00
00QPh00000frXCkMAM,2025-12-17 14:00:00
00QPh00000frdbZMAQ,2025-12-17 08:36:00
00QPh00000frfwhMAA,2025-12-18 11:01:00
00QPh00000frj7SMAQ,2025-12-17 09:04:00
00QPh00000frjyhMAA,2025-12-17 11:01:00
00QPh00000frnB5MAI,2025-12-17 12:08:00
00QPh00000fryZaMAI,2025-12-17 18:47:00
00QPh00000fs1ypMAA,2025-12-22 14:50:00
00QPh00000fs5hRMAQ,2025-12-23 15:54:00
00QPh00000fs9MrMAI,2025-12-18 17:26:00
00QPh00000fsA2nMAE,2025-11-30 14:19:00
00QPh00000fsBdDMAU,2025-12-17 08:59:00
00QPh00000fsBy9MAE,2025-12-17 11:00:00
00QPh00000fsCEHMA2,2025-12-17 14:40:00
00QPh00000fsKjhMAE,2025-12-02 09:00:00
00QPh00000fsQ64MAE,2025-12-17 18:48:00
00QPh00000fsmG9MAI,2025-12-17 09:04:00
00QPh00000fsnTxMAI,2025-12-19 10:27:00
00QPh00000fszeoMAA,2025-12-22 14:02:00
00QPh00000ftAFHMA2,2025-12-19 10:33:00
00QPh00000ftC2YMAU,2025-12-17 09:02:00
00QPh00000ftESbMAM,2025-12-17 16:35:00
00QPh00000ftHWrMAM,2025-12-17 09:00:00
00QPh00000ftJ2PMAU,2025-12-17 12:07:00
00QPh00000ftLdkMAE,2025-12-17 10:29:00
00QPh00000ftOGbMAM,2025-12-17 09:13:00
00QPh00000ftTucMAE,2025-12-17 10:28:00
00QPh00000ftVd3MAE,2025-12-17 09:32:00
00QPh00000fthUZMAY,2025-12-17 10:30:00
00QPh00000ftjGEMAY,2025-12-18 16:52:00
00QPh00000ftplSMAQ,2025-12-17 10:31:00
00QPh00000ftrCAMAY,2025-12-17 11:09:00
00QPh00000fu0CEMAY,2025-12-17 11:10:00
00QPh00000fu3N0MAI,2025-12-17 15:00:00
00QPh00000fu4CbMAI,2025-12-17 10:46:00
00QPh00000fu4UMMAY,2025-12-17 16:00:00
00QPh00000fu5v5MAA,2025-12-18 09:13:00
00QPh00000fuDEIMA2,2025-12-17 13:19:00
00QPh00000fuHGHMA2,2025-12-17 11:17:00
00QPh00000fuHOLMA2,2025-12-17 11:20:00
00QPh00000fuHwDMAU,2025-12-17 11:19:00
00QPh00000fuN8nMAE,2025-12-17 14:37:00
00QPh00000fuOEYMA2,2025-12-17 12:53:00
00QPh00000fuQ8IMAU,2025-12-17 12:09:00
00QPh00000fuT2vMAE,2025-12-22 16:43:00
00QPh00000fuTSjMAM,2025-12-17 12:09:00
00QPh00000fuUBtMAM,2025-12-17 11:55:00
00QPh00000fuUjlMAE,2025-12-18 17:19:00
00QPh00000fuVuLMAU,2025-12-17 12:00:00
00QPh00000fuYnPMAU,2025-12-29 11:17:00
00QPh00000fuZebMAE,2026-01-09 13:18:00
00QPh00000fuePlMAI,2025-12-17 12:26:00
00QPh00000fuj65MAA,2025-12-17 12:44:00
00QPh00000fuueDMAQ,2025-12-19 10:18:00
00QPh00000fuzpGMAQ,2025-12-17 15:24:00
00QPh00000fv0baMAA,2025-12-29 10:47:00
00QPh00000fv4LqMAI,2025-12-17 16:46:00
00QPh00000fvJ6MMAU,2025-12-17 13:59:00
00QPh00000fvJnuMAE,2025-12-17 14:54:00
00QPh00000fvLwDMAU,2025-12-17 14:15:00
00QPh00000fvZflMAE,2025-12-17 14:16:00
00QPh00000fvbuVMAQ,2025-12-17 15:34:00
00QPh00000fvcYoMAI,2025-12-19 10:18:00
00QPh00000fvgvnMAA,2025-12-17 15:12:00
00QPh00000fviXnMAI,2025-12-17 15:00:00
00QPh00000fvnR1MAI,2025-12-17 16:01:00
00QPh00000fvoTVMAY,2025-12-17 15:01:00
00QPh00000fvrb3MAA,2025-12-17 15:16:00
00QPh00000fvt1lMAA,2025-12-23 11:43:00
00QPh00000fvtL7MAI,2025-12-17 15:20:00
00QPh00000fvuqfMAA,2025-12-17 15:25:00
00QPh00000fvv8PMAQ,2025-12-17 15:26:00
00QPh00000fvxoXMAQ,2025-12-17 15:34:00
00QPh00000fw20FMAQ,2025-12-17 17:46:00
00QPh00000fw8vGMAQ,2025-12-17 16:44:00
00QPh00000fwHDmMAM,2025-12-17 16:30:00
00QPh00000fwRwHMAU,2025-12-17 17:01:00
00QPh00000fwdMLMAY,2025-12-19 14:21:00
00QPh00000fwdSoMAI,2025-12-17 18:48:00
00QPh00000fweDbMAI,2025-12-17 18:27:00
00QPh00000fwfBFMAY,2025-12-17 17:50:00
00QPh00000fwlBpMAI,2025-12-17 18:15:00
00QPh00000fwvRLMAY,2025-12-18 08:47:00
00QPh00000fwzecMAA,2025-12-18 08:34:00
00QPh00000fx1WjMAI,2025-12-18 14:00:00
00QPh00000fx7AlMAI,2025-12-29 14:33:00
00QPh00000fx7YvMAI,2025-12-18 08:44:00
00QPh00000fx85BMAQ,2025-12-18 16:00:00
00QPh00000fxCK6MAM,2025-12-18 11:02:00
00QPh00000fxEXCMA2,2025-12-22 14:13:00
00QPh00000fxGfTMAU,2025-12-18 08:33:00
00QPh00000fxHWfMAM,2025-12-18 09:10:00
00QPh00000fxLnDMAU,2025-12-19 13:42:00
00QPh00000fxSDbMAM,2025-12-18 14:02:00
00QPh00000fxUKEMA2,2025-12-18 09:07:00
00QPh00000fxX0MMAU,2025-12-17 10:55:00
00QPh00000fxavuMAA,2025-12-18 09:10:00
00QPh00000fxbvBMAQ,2025-12-18 08:32:00
00QPh00000fxkonMAA,2025-12-18 08:56:00
00QPh00000fxwpyMAA,2025-12-18 13:27:00
00QPh00000fy49BMAQ,2025-12-18 15:18:00
00QPh00000fyK13MAE,2025-12-18 11:52:00
00QPh00000fyTp9MAE,2025-12-18 08:58:00
00QPh00000fyXUZMA2,2025-12-19 13:01:00
00QPh00000fyXZOMA2,2025-12-22 17:05:00
00QPh00000fyfAMMAY,2025-12-18 08:43:00
00QPh00000fyfGnMAI,2025-12-18 11:00:00
00QPh00000fyfOxMAI,2025-12-19 15:12:00
00QPh00000fyhc0MAA,2025-12-18 15:52:00
00QPh00000fyjibMAA,2025-12-18 09:20:00
00QPh00000fymbeMAA,2025-12-30 16:54:00
00QPh00000fyphZMAQ,2025-12-18 08:36:00
00QPh00000fywvxMAA,2025-12-18 15:50:00
00QPh00000fz0jRMAQ,2025-12-22 09:36:00
00QPh00000fz4v8MAA,2025-12-18 09:56:00
00QPh00000fzEJOMA2,2025-12-18 10:27:00
00QPh00000fzGzVMAU,2025-12-18 14:08:00
00QPh00000fzNCzMAM,2025-12-18 10:34:00
00QPh00000fzTVKMA2,2025-12-18 11:20:00
00QPh00000fzVSHMA2,2025-12-19 13:42:00
00QPh00000fzWoAMAU,2025-12-18 11:35:00
00QPh00000fza3lMAA,2025-12-18 11:13:00
00QPh00000fzcGrMAI,2025-12-18 11:18:00
00QPh00000fzd01MAA,2025-12-24 10:48:00
00QPh00000fzm07MAA,2025-12-18 11:51:00
00QPh00000fzoOTMAY,2025-12-22 09:32:00
00QPh00000fzy7hMAA,2025-12-18 12:21:00
00QPh00000g08NBMAY,2025-12-22 17:08:00
00QPh00000g08gXMAQ,2025-12-18 15:59:00
00QPh00000g0AFJMA2,2025-12-19 13:17:00
00QPh00000g0DDBMA2,2025-12-18 13:03:00
00QPh00000g0TpqMAE,2025-12-18 14:44:00
00QPh00000g0YEQMA2,2025-12-29 14:03:00
00QPh00000g0aD1MAI,2025-12-18 13:47:00
00QPh00000g0b5qMAA,2025-12-18 15:14:00
00QPh00000g0eN4MAI,2026-01-02 11:34:00
00QPh00000g0kp4MAA,2025-12-18 13:58:00
00QPh00000g0sQ3MAI,2025-12-18 15:27:00
00QPh00000g0sufMAA,2025-12-18 14:26:00
00QPh00000g0tluMAA,2025-12-18 14:39:00
00QPh00000g0xmHMAQ,2025-12-18 14:32:00
00QPh00000g11y0MAA,2025-12-18 15:57:00
00QPh00000g129FMAQ,2025-12-18 14:58:00
00QPh00000g15gcMAA,2025-12-18 18:36:00
00QPh00000g1JZtMAM,2025-12-24 13:09:00
00QPh00000g1JwTMAU,2025-12-18 15:52:00
00QPh00000g1N2QMAU,2025-12-18 16:35:00
00QPh00000g1PYrMAM,2025-12-23 10:40:00
00QPh00000g1PqbMAE,2025-12-18 16:11:00
00QPh00000g1UtWMAU,2025-12-22 13:36:00
00QPh00000g1ktRMAQ,2025-12-18 17:23:00
00QPh00000g1oYrMAI,2025-12-18 17:35:00
00QPh00000g1p0HMAQ,2025-12-18 17:37:00
00QPh00000g22C1MAI,2025-12-18 18:25:00
00QPh00000g23KzMAI,2025-12-19 14:04:00
00QPh00000g25RdMAI,2025-12-19 13:23:00
00QPh00000g2JsnMAE,2025-12-19 12:02:00
00QPh00000g2KleMAE,2026-01-21 16:17:00
00QPh00000g2LhhMAE,2025-12-26 12:04:00
00QPh00000g2N1yMAE,2025-12-29 13:47:00
00QPh00000g2NErMAM,2025-12-19 14:03:00
00QPh00000g2PF3MAM,2025-12-19 09:19:00
00QPh00000g2QeAMAU,2025-12-19 09:20:00
00QPh00000g2SckMAE,2025-12-19 09:31:00
00QPh00000g2aC5MAI,2025-12-19 10:01:00
00QPh00000g2bPtMAI,2025-12-22 13:03:00
00QPh00000g2dpuMAA,2025-12-19 11:01:00
00QPh00000g2hFDMAY,2025-12-08 09:01:00
00QPh00000g2iKwMAI,2025-12-19 13:01:00
00QPh00000g2lInMAI,2025-12-20 12:30:00
00QPh00000g2lh0MAA,2025-12-21 11:28:00
00QPh00000g2mJkMAI,2025-12-22 09:42:00
00QPh00000g2n7hMAA,2026-01-05 11:13:00
00QPh00000g2nAvMAI,2025-12-30 11:43:00
00QPh00000g2qqLMAQ,2025-12-22 09:25:00
00QPh00000g2rT4MAI,2025-12-19 09:18:00
00QPh00000g2s7PMAQ,2025-12-19 11:30:00
00QPh00000g2siTMAQ,2025-12-19 09:21:00
00QPh00000g2uxBMAQ,2025-12-20 15:11:00
00QPh00000g2xVFMAY,2025-12-22 16:35:00
00QPh00000g317RMAQ,2025-12-19 09:19:00
00QPh00000g38yXMAQ,2025-12-22 13:07:00
00QPh00000g3AvVMAU,2025-12-19 11:02:00
00QPh00000g3DbdMAE,2025-12-19 15:40:00
00QPh00000g3WnyMAE,2025-12-19 09:22:00
00QPh00000g3kPWMAY,2025-12-22 16:49:00
00QPh00000g3oePMAQ,2025-12-22 16:30:00
00QPh00000g43jwMAA,2025-12-19 14:23:00
00QPh00000g48dBMAQ,2025-12-19 11:21:00
00QPh00000g48wVMAQ,2025-12-19 11:09:00
00QPh00000g4G2pMAE,2025-12-19 11:33:00
00QPh00000g4GlzMAE,2025-12-19 10:33:00
00QPh00000g4IKlMAM,2025-12-19 11:02:00
00QPh00000g4JQTMA2,2025-12-19 10:05:00
00QPh00000g4OoLMAU,2025-12-24 09:27:00
00QPh00000g4OwPMAU,2025-12-19 10:18:00
00QPh00000g4VzVMAU,2025-12-19 14:03:00
00QPh00000g4XhyMAE,2025-12-19 10:59:00
00QPh00000g4Za6MAE,2025-12-19 10:56:00
00QPh00000g4ZlNMAU,2025-12-19 10:50:00
00QPh00000g4bDlMAI,2025-12-19 12:34:00
00QPh00000g4cEcMAI,2025-12-22 12:31:00
00QPh00000g4f7eMAA,2025-12-19 15:43:00
00QPh00000g4jCrMAI,2025-12-22 09:20:00
00QPh00000g4jG5MAI,2025-12-19 11:19:00
00QPh00000g4jMXMAY,2025-12-19 11:20:00
00QPh00000g4lZdMAI,2026-01-21 14:02:00
00QPh00000g4mFbMAI,2025-12-24 13:51:00
00QPh00000g4nhtMAA,2025-12-23 10:41:00
00QPh00000g4rlVMAQ,2025-12-19 11:46:00
00QPh00000g4seLMAQ,2026-01-05 10:54:00
00QPh00000g4spdMAA,2025-12-19 11:54:00
00QPh00000g4ttlMAA,2025-12-31 11:17:00
00QPh00000g4u0DMAQ,2025-12-19 11:52:00
00QPh00000g51uYMAQ,2025-12-19 13:21:00
00QPh00000g59nFMAQ,2025-12-19 12:39:00
00QPh00000g5CJhMAM,2025-12-22 10:03:00
00QPh00000g5GdTMAU,2025-12-19 14:47:00
00QPh00000g5IXbMAM,2025-12-19 13:22:00
00QPh00000g5JzXMAU,2025-12-23 14:03:00
00QPh00000g5L0PMAU,2025-12-22 08:59:00
00QPh00000g5MZCMA2,2025-12-19 14:07:00
00QPh00000g5OmHMAU,2025-12-19 13:20:00
00QPh00000g5P2RMAU,2025-12-19 15:30:00
00QPh00000g5W5VMAU,2025-12-22 09:32:00
00QPh00000g5c2tMAA,2025-12-19 14:20:00
00QPh00000g5d5NMAQ,2025-12-19 13:44:00
00QPh00000g60unMAA,2025-12-19 14:35:00
00QPh00000g6BiAMAU,2025-12-23 10:24:00
00QPh00000g6O5tMAE,2025-12-19 15:53:00
00QPh00000g6OInMAM,2025-12-23 14:34:00
00QPh00000g6alQMAQ,2025-12-21 10:44:00
00QPh00000g6vReMAI,2025-12-31 10:51:00
00QPh00000g6xbVMAQ,2025-12-22 13:26:00
00QPh00000g6xoPMAQ,2025-12-22 16:04:00
00QPh00000g70O5MAI,2025-12-20 16:29:00
00QPh00000g78TiMAI,2025-12-20 10:05:00
00QPh00000g7Fq9MAE,2025-12-22 12:40:00
00QPh00000g7bgzMAA,2025-12-22 13:09:00
00QPh00000g7cEsMAI,2025-12-29 10:15:00
00QPh00000g7l6tMAA,2025-12-26 13:00:00
00QPh00000g7lmnMAA,2025-12-20 15:31:00
00QPh00000g89AnMAI,2025-12-22 15:46:00
00QPh00000g89cFMAQ,2025-12-24 11:13:00
00QPh00000g8FT8MAM,2025-12-24 12:21:00
00QPh00000g8hKXMAY,2025-12-20 08:51:00
00QPh00000g8lb3MAA,2025-12-20 08:40:00
00QPh00000g8sMRMAY,2025-12-20 10:41:00
00QPh00000g8spRMAQ,2025-12-20 09:27:00
00QPh00000g8u85MAA,2025-12-20 09:55:00
00QPh00000g8xlvMAA,2026-01-05 16:36:00
00QPh00000g97WjMAI,2025-12-20 11:16:00
00QPh00000g97dBMAQ,2025-12-20 11:08:00
00QPh00000g98FtMAI,2025-12-20 11:11:00
00QPh00000g9BP8MAM,2025-12-20 16:37:00
00QPh00000g9BTtMAM,2025-12-21 13:43:00
00QPh00000g9IqLMAU,2025-12-24 13:42:00
00QPh00000g9JG9MAM,2025-12-22 14:17:00
00QPh00000g9OEDMA2,2025-12-20 13:03:00
00QPh00000g9eFlMAI,2025-12-23 14:40:00
00QPh00000g9hDgMAI,2025-12-20 14:43:00
00QPh00000g9kt3MAA,2025-12-20 15:07:00
00QPh00000g9mmnMAA,2025-12-23 14:18:00
00QPh00000g9nR7MAI,2025-12-22 09:03:00
00QPh00000g9phRMAQ,2025-12-21 10:57:00
00QPh00000gA1M1MAK,2025-12-20 17:22:00
00QPh00000gA2A1MAK,2025-12-22 12:47:00
00QPh00000gA2ZpMAK,2025-12-21 08:40:00
00QPh00000gA4etMAC,2025-12-22 09:29:00
00QPh00000gA8vNMAS,2025-12-22 13:46:00
00QPh00000gABTSMA4,2026-01-07 10:36:00
00QPh00000gAKjdMAG,2025-12-24 13:39:00
00QPh00000gANpZMAW,2025-12-21 11:03:00
00QPh00000gAO8vMAG,2025-12-22 12:43:00
00QPh00000gARI6MAO,2025-12-21 09:17:00
00QPh00000gARpxMAG,2025-12-21 09:34:00
00QPh00000gAU7tMAG,2025-12-21 13:06:00
00QPh00000gAUPdMAO,2025-12-23 14:54:00
00QPh00000gAUW5MAO,2025-12-22 12:47:00
00QPh00000gAWT3MAO,2025-12-21 14:23:00
00QPh00000gAcyHMAS,2025-12-21 09:05:00
00QPh00000gAf05MAC,2025-12-23 09:39:00
00QPh00000gAhl3MAC,2025-12-22 14:16:00
00QPh00000gAjRtMAK,2025-12-22 15:47:00
00QPh00000gAjmtMAC,2025-12-29 14:47:00
00QPh00000gAk4fMAC,2025-12-22 11:01:00
00QPh00000gAn8vMAC,2025-12-23 13:25:00
00QPh00000gB5H9MAK,2025-12-21 09:09:00
00QPh00000gB9r0MAC,2025-12-11 17:22:00
00QPh00000gBFmkMAG,2025-12-21 08:50:00
00QPh00000gBHuzMAG,2025-12-21 08:47:00
00QPh00000gBIizMAG,2025-12-21 08:54:00
00QPh00000gBLXCMA4,2025-12-23 10:28:00
00QPh00000gBRPiMAO,2025-12-21 14:39:00
00QPh00000gBT3MMAW,2025-12-16 14:38:00
00QPh00000gBWPNMA4,2025-12-21 11:09:00
00QPh00000gBYvpMAG,2025-12-21 11:31:00
00QPh00000gBcjKMAS,2025-12-21 16:20:00
00QPh00000gBd2fMAC,2025-12-21 14:01:00
00QPh00000gBj4sMAC,2025-12-30 10:35:00
00QPh00000gBpK0MAK,2025-12-21 15:18:00
00QPh00000gBuRjMAK,2025-12-23 10:06:00
00QPh00000gBvytMAC,2025-12-23 11:05:00
00QPh00000gBygbMAC,2025-12-22 11:01:00
00QPh00000gC0gnMAC,2025-12-22 15:37:00
00QPh00000gC5esMAC,2025-12-22 08:53:00
00QPh00000gCH89MAG,2025-12-22 09:04:00
00QPh00000gCNgbMAG,2025-12-22 11:30:00
00QPh00000gCVO2MAO,2025-12-29 11:09:00
00QPh00000gCyRfMAK,2025-12-22 09:00:00
00QPh00000gCzSZMA0,2025-12-23 14:21:00
00QPh00000gD4DhMAK,2025-12-22 12:35:00
00QPh00000gD89HMAS,2025-12-22 12:08:00
00QPh00000gDYWjMAO,2025-12-22 13:00:00
00QPh00000gDq3pMAC,2025-12-22 09:01:00
00QPh00000gDslbMAC,2025-12-22 16:30:00
00QPh00000gDxJrMAK,2025-12-22 10:06:00
00QPh00000gE083MAC,2025-12-22 12:34:00
00QPh00000gE6GgMAK,2025-12-22 09:55:00
00QPh00000gE6mwMAC,2025-12-22 12:41:00
00QPh00000gEAKHMA4,2025-12-22 09:14:00
00QPh00000gECM5MAO,2025-12-22 11:01:00
00QPh00000gEH0nMAG,2025-12-22 09:39:00
00QPh00000gEIHpMAO,2026-01-07 10:48:00
00QPh00000gEMq5MAG,2025-12-22 10:00:00
00QPh00000gEYKzMAO,2025-12-22 10:25:00
00QPh00000gEnA7MAK,2025-12-22 12:08:00
00QPh00000gEsDGMA0,2025-12-22 13:11:00
00QPh00000gEtm1MAC,2025-12-22 11:30:00
00QPh00000gF2R7MAK,2025-12-22 11:57:00
00QPh00000gFAq6MAG,2025-12-22 12:47:00
00QPh00000gFG4IMAW,2026-01-21 11:41:00
00QPh00000gFHraMAG,2025-12-22 12:59:00
00QPh00000gFHwPMAW,2025-12-22 12:37:00
00QPh00000gFMXwMAO,2025-12-22 13:42:00
00QPh00000gFRxQMAW,2025-12-22 15:00:00
00QPh00000gFSa5MAG,2025-12-23 09:52:00
00QPh00000gFTkfMAG,2025-12-22 16:20:00
00QPh00000gFoQzMAK,2025-12-22 14:46:00
00QPh00000gFqvlMAC,2025-12-22 13:29:00
00QPh00000gFvp3MAC,2025-12-22 14:56:00
00QPh00000gG0qIMAS,2025-12-22 13:47:00
00QPh00000gG4SVMA0,2025-12-22 14:09:00
00QPh00000gG9FFMA0,2025-12-22 14:02:00
00QPh00000gGA01MAG,2025-12-22 14:05:00
00QPh00000gGBqXMAW,2025-12-22 17:55:00
00QPh00000gGHCnMAO,2025-12-23 11:05:00
00QPh00000gGIYhMAO,2025-12-22 15:37:00
00QPh00000gGIvGMAW,2025-12-22 15:02:00
00QPh00000gGMyrMAG,2025-12-22 14:48:00
00QPh00000gGOB5MAO,2025-12-22 15:50:00
00QPh00000gGUZrMAO,2025-12-22 15:53:00
00QPh00000gGehFMAS,2025-12-22 15:42:00
00QPh00000gGjU1MAK,2025-12-30 11:44:00
00QPh00000gGjaUMAS,2025-12-22 16:35:00
00QPh00000gH2A8MAK,2025-12-23 11:14:00
00QPh00000gH5CnMAK,2025-12-23 11:30:00
00QPh00000gHCqzMAG,2025-12-22 17:36:00
00QPh00000gHEuPMAW,2025-12-22 17:44:00
00QPh00000gHG09MAG,2025-12-22 17:48:00
00QPh00000gHLELMA4,2026-01-02 10:33:00
00QPh00000gHUeGMAW,2025-12-23 09:42:00
00QPh00000gHYhpMAG,2025-12-23 11:10:00
00QPh00000gHa0UMAS,2025-12-26 11:21:00
00QPh00000gHbfiMAC,2025-12-23 09:43:00
00QPh00000gHhhuMAC,2025-12-23 09:44:00
00QPh00000gHk34MAC,2025-12-23 09:01:00
00QPh00000gHxzaMAC,2025-12-23 09:45:00
00QPh00000gIF0QMAW,2026-01-08 16:43:00
00QPh00000gIO25MAG,2025-12-23 14:11:00
00QPh00000gIParMAG,2025-12-23 11:03:00
00QPh00000gIwJtMAK,2025-12-29 12:45:00
00QPh00000gJ5n1MAC,2025-12-23 09:27:00
00QPh00000gJ6mJMAS,2025-12-23 09:47:00
00QPh00000gJ7QcMAK,2025-12-23 09:49:00
00QPh00000gJBE6MAO,2025-12-23 10:00:00
00QPh00000gJCq5MAG,2025-12-23 10:02:00
00QPh00000gJH3NMAW,2026-01-06 13:06:00
00QPh00000gJLBqMAO,2025-12-23 08:51:00
00QPh00000gJPXCMA4,2025-12-23 09:40:00
00QPh00000gJaduMAC,2026-01-05 14:28:00
00QPh00000gJmaEMAS,2026-01-06 12:18:00
00QPh00000gJpY9MAK,2025-12-23 10:31:00
00QPh00000gJupYMAS,2025-12-23 11:05:00
00QPh00000gKMnOMAW,2025-12-23 11:38:00
00QPh00000gKNLFMA4,2025-12-23 10:59:00
00QPh00000gKPmtMAG,2025-12-23 12:25:00
00QPh00000gKWOMMA4,2025-12-23 13:03:00
00QPh00000gKXMGMA4,2025-12-23 12:38:00
00QPh00000gKaDdMAK,2025-12-23 11:38:00
00QPh00000gKg1MMAS,2025-12-23 13:33:00
00QPh00000gKhNDMA0,2025-12-23 12:40:00
00QPh00000gKkPuMAK,2025-12-23 12:04:00
00QPh00000gKvEzMAK,2025-12-23 13:45:00
00QPh00000gL82PMAS,2025-12-23 12:55:00
00QPh00000gL8f8MAC,2025-12-23 13:10:00
00QPh00000gLAc6MAG,2025-12-23 13:25:00
00QPh00000gLg8wMAC,2025-12-23 18:16:00
00QPh00000gLih0MAC,2025-12-23 14:39:00
00QPh00000gLlRzMAK,2025-12-23 15:47:00
00QPh00000gLohZMAS,2025-12-23 14:58:00
00QPh00000gLuQPMA0,2025-12-29 10:02:00
00QPh00000gLyx4MAC,2025-12-23 15:41:00
00QPh00000gM6wDMAS,2025-12-23 16:05:00
00QPh00000gME5mMAG,2025-12-26 10:19:00
00QPh00000gMR1NMAW,2025-12-29 11:06:00
00QPh00000gMUQfMAO,2025-12-30 11:19:00
00QPh00000gMVubMAG,2025-12-23 17:42:00
00QPh00000gMiS4MAK,2026-01-07 16:44:00
00QPh00000gMk0oMAC,2025-12-26 12:00:00
00QPh00000gMkC8MAK,2025-12-29 14:29:00
00QPh00000gMnmfMAC,2026-01-16 12:01:00
00QPh00000gMwd4MAC,2025-12-19 18:34:00
00QPh00000gMwunMAC,2025-12-29 15:55:00
00QPh00000gMyrlMAC,2026-01-07 10:13:00
00QPh00000gMzpVMAS,2025-12-31 13:37:00
00QPh00000gN4PJMA0,2025-12-30 12:08:00
00QPh00000gN8EPMA0,2025-12-24 11:51:00
00QPh00000gN8JGMA0,2025-12-24 08:46:00
00QPh00000gNCbOMAW,2025-12-24 09:00:00
00QPh00000gNM4UMAW,2025-12-24 12:24:00
00QPh00000gNNa1MAG,2025-12-26 10:04:00
00QPh00000gNWLZMA4,2025-12-29 16:31:00
00QPh00000gNfngMAC,2025-12-26 14:00:00
00QPh00000gOZyvMAG,2025-12-24 09:00:00
00QPh00000gOcX1MAK,2025-12-24 11:14:00
00QPh00000gOeIhMAK,2025-12-24 09:53:00
00QPh00000gOgAnMAK,2025-12-26 10:18:00
00QPh00000gOnIkMAK,2025-12-24 10:30:00
00QPh00000gOoEnMAK,2025-12-24 10:22:00
00QPh00000gOqN3MAK,2025-12-24 10:26:00
00QPh00000gOr7rMAC,2025-12-26 09:53:00
00QPh00000gOzAFMA0,2025-12-24 12:03:00
00QPh00000gP7MKMA0,2025-12-24 12:32:00
00QPh00000gPIzFMAW,2026-01-13 16:07:00
00QPh00000gPMZpMAO,2025-12-24 13:03:00
00QPh00000gPOdFMAW,2025-12-27 12:39:00
00QPh00000gPXS5MAO,2025-12-26 09:01:00
00QPh00000gPa06MAC,2025-12-24 14:15:00
00QPh00000gPbNaMAK,2025-12-24 14:06:00
00QPh00000gPfcVMAS,2025-12-24 14:15:00
00QPh00000gPg3vMAC,2025-12-24 15:03:00
00QPh00000gPgFBMA0,2026-01-05 16:50:00
00QPh00000gPkkDMAS,2025-12-30 09:22:00
00QPh00000gPloNMAS,2025-12-26 11:34:00
00QPh00000gPo9VMAS,2025-12-27 16:20:00
00QPh00000gPpGrMAK,2025-12-24 14:56:00
00QPh00000gPuZtMAK,2025-12-08 16:19:00
00QPh00000gPxG3MAK,2025-12-30 11:52:00
00QPh00000gPxmIMAS,2025-12-26 10:00:00
00QPh00000gQ8xpMAC,2025-12-26 09:18:00
00QPh00000gQD1RMAW,2025-12-26 08:56:00
00QPh00000gQO3LMAW,2025-12-26 08:52:00
00QPh00000gQSbZMAW,2025-12-29 08:50:00
00QPh00000gQT9RMAW,2025-12-26 14:16:00
00QPh00000gQTkXMAW,2025-12-29 14:15:00
00QPh00000gQUv8MAG,2025-12-27 17:23:00
00QPh00000gQzqrMAC,2025-12-26 08:54:00
00QPh00000gRTAcMAO,2025-12-29 08:54:00
00QPh00000gRt0FMAS,2025-12-29 08:37:00
00QPh00000gRufRMAS,2025-12-26 09:36:00
00QPh00000gRzYfMAK,2025-12-29 09:42:00
00QPh00000gS17RMAS,2025-12-26 10:10:00
00QPh00000gS4RvMAK,2025-12-26 12:10:00
00QPh00000gS5RCMA0,2025-12-27 15:15:00
00QPh00000gS5iyMAC,2025-12-26 15:43:00
00QPh00000gS8YoMAK,2025-12-26 09:01:00
00QPh00000gSCCYMA4,2026-01-12 11:16:00
00QPh00000gSJp7MAG,2025-12-30 09:06:00
00QPh00000gSKICMA4,2025-12-26 12:18:00
00QPh00000gSRWXMA4,2025-12-26 09:16:00
00QPh00000gSU7qMAG,2025-12-26 11:00:00
00QPh00000gSVDZMA4,2025-12-26 10:31:00
00QPh00000gScrlMAC,2025-12-26 09:04:00
00QPh00000gSidpMAC,2025-12-27 13:02:00
00QPh00000gSvWEMA0,2025-12-30 08:55:00
00QPh00000gSwNSMA0,2025-11-20 16:19:00
00QPh00000gT6ZiMAK,2026-01-02 10:32:00
00QPh00000gTB37MAG,2026-01-06 11:09:00
00QPh00000gTFxyMAG,2025-12-31 09:36:00
00QPh00000gTIfiMAG,2025-12-26 10:08:00
00QPh00000gTJNGMA4,2025-12-26 10:01:00
00QPh00000gTpGfMAK,2025-12-26 09:19:00
00QPh00000gUEYPMA4,2025-12-26 13:01:00
00QPh00000gUFaxMAG,2025-12-26 15:34:00
00QPh00000gUHkoMAG,2025-12-28 16:56:00
00QPh00000gUIIgMAO,2025-12-27 11:29:00
00QPh00000gUJ1rMAG,2025-12-26 09:28:00
00QPh00000gUJgAMAW,2025-12-26 12:34:00
00QPh00000gUMJ4MAO,2025-12-26 15:11:00
00QPh00000gUNgZMAW,2025-12-26 10:03:00
00QPh00000gUUDNMA4,2025-12-29 09:48:00
00QPh00000gUXXqMAO,2025-12-26 11:05:00
00QPh00000gUaXKMA0,2025-12-26 10:24:00
00QPh00000gUcvjMAC,2025-12-29 10:01:00
00QPh00000gUhaPMAS,2026-01-04 15:42:00
00QPh00000gUsCUMA0,2025-11-18 14:47:00
00QPh00000gUuxUMAS,2025-12-26 12:19:00
00QPh00000gUvDeMAK,2025-12-26 14:07:00
00QPh00000gUxGzMAK,2025-12-28 10:09:00
00QPh00000gUy4zMAC,2025-12-26 11:32:00
00QPh00000gV0GVMA0,2025-12-26 15:31:00
00QPh00000gV1XWMA0,2025-12-26 13:11:00
00QPh00000gV4VNMA0,2025-12-26 15:05:00
00QPh00000gV9hxMAC,2025-12-26 12:13:00
00QPh00000gVAHTMA4,2025-12-26 13:02:00
00QPh00000gVAanMAG,2025-12-28 10:49:00
00QPh00000gVCEPMA4,2025-12-26 12:22:00
00QPh00000gVHkNMAW,2026-01-02 15:13:00
00QPh00000gVNg5MAG,2025-12-27 10:25:00
00QPh00000gVSpRMAW,2025-12-28 11:01:00
00QPh00000gVhN3MAK,2025-12-26 13:31:00
00QPh00000gVnQrMAK,2025-12-26 13:58:00
00QPh00000gVnqhMAC,2025-12-26 15:41:00
00QPh00000gVs8oMAC,2025-12-26 14:27:00
00QPh00000gVxZtMAK,2025-12-26 14:47:00
00QPh00000gW7e7MAC,2025-12-26 15:47:00
00QPh00000gW8OsMAK,2025-12-27 11:01:00
00QPh00000gW9pZMAS,2025-12-26 15:35:00
00QPh00000gWBjJMAW,2025-12-26 15:55:00
00QPh00000gWDA3MAO,2025-12-30 12:42:00
00QPh00000gWNisMAG,2025-12-27 12:01:00
00QPh00000gWObhMAG,2025-12-28 16:24:00
00QPh00000gWTjRMAW,2025-12-29 11:58:00
00QPh00000gWTzZMAW,2025-12-27 08:51:00
00QPh00000gWaEfMAK,2025-12-27 08:38:00
00QPh00000gWc6oMAC,2025-12-27 08:41:00
00QPh00000gWfeAMAS,2025-12-27 16:05:00
00QPh00000gWiiTMAS,2025-12-27 10:00:00
00QPh00000gWs6jMAC,2025-12-29 15:26:00
00QPh00000gWz4zMAC,2025-12-29 08:35:00
00QPh00000gX07VMAS,2025-12-27 10:00:00
00QPh00000gXBxOMAW,2025-12-27 11:49:00
00QPh00000gXFhdMAG,2025-12-29 12:31:00
00QPh00000gXkVMMA0,2025-12-28 13:27:00
00QPh00000gXmtjMAC,2025-12-27 13:14:00
00QPh00000gXzsXMAS,2025-12-29 11:59:00
00QPh00000gYPQPMA4,2025-12-27 09:00:00
00QPh00000gYPezMAG,2025-12-30 09:42:00
00QPh00000gYTLyMAO,2025-12-27 09:01:00
00QPh00000gYVlyMAG,2025-12-27 15:32:00
00QPh00000gYX4cMAG,2025-12-27 09:30:00
00QPh00000gYZuRMAW,2025-12-27 09:24:00
00QPh00000gYfgTMAS,2025-12-27 09:53:00
00QPh00000gYg33MAC,2025-12-29 11:00:00
00QPh00000gYk54MAC,2025-12-27 11:42:00
00QPh00000gYkbJMAS,2025-12-27 10:27:00
00QPh00000gYkxwMAC,2026-01-06 10:52:00
00QPh00000gYqX3MAK,2026-01-14 13:08:00
00QPh00000gYsIjMAK,2025-12-28 13:00:00
00QPh00000gYtY9MAK,2025-12-29 09:51:00
00QPh00000gYwnmMAC,2025-12-27 12:50:00
00QPh00000gYxGnMAK,2026-01-12 11:47:00
00QPh00000gZ0g9MAC,2026-02-02 17:22:00
00QPh00000gZ6iHMAS,2025-12-29 15:04:00
00QPh00000gZ9kzMAC,2025-12-27 13:16:00
00QPh00000gZNsoMAG,2025-12-28 09:25:00
00QPh00000gZSXVMA4,2025-12-29 16:55:00
00QPh00000gZdW9MAK,2025-12-27 15:55:00
00QPh00000gZhDDMA0,2026-01-05 11:24:00
00QPh00000gZkhJMAS,2025-12-28 16:35:00
00QPh00000gZm4nMAC,2026-01-08 12:12:00
00QPh00000gZpM1MAK,2025-12-29 12:00:00
00QPh00000gZuFFMA0,2025-12-29 11:05:00
00QPh00000gZwlhMAC,2025-12-28 09:05:00
00QPh00000gZynVMAS,2025-12-28 12:00:00
00QPh00000gZzzhMAC,2025-12-28 15:01:00
00QPh00000ga489MAA,2025-12-29 09:01:00
00QPh00000gaAFCMA2,2025-12-31 12:50:00
00QPh00000gaCAXMA2,2025-12-28 15:07:00
00QPh00000gaGNpMAM,2025-12-28 15:47:00
00QPh00000gaICjMAM,2025-12-29 11:01:00
00QPh00000gaN5xMAE,2025-12-28 14:05:00
00QPh00000gaZzxMAE,2025-12-28 11:36:00
00QPh00000gbC5IMAU,2025-12-29 08:46:00
00QPh00000gbKahMAE,2025-12-28 09:38:00
00QPh00000gbNgcMAE,2025-12-29 08:45:00
00QPh00000gbPFNMA2,2025-12-28 09:21:00
00QPh00000gbQ6cMAE,2026-01-06 10:33:00
00QPh00000gbQMjMAM,2025-12-28 09:31:00
00QPh00000gbULXMA2,2025-12-28 12:00:00
00QPh00000gbVnqMAE,2025-12-29 09:00:00
00QPh00000gbW8nMAE,2025-12-28 10:33:00
00QPh00000gbbtFMAQ,2025-12-31 14:29:00
00QPh00000gbd5SMAQ,2025-12-28 12:04:00
00QPh00000gbhH8MAI,2025-12-28 13:09:00
00QPh00000gbhdhMAA,2025-12-29 08:42:00
00QPh00000gbk8ZMAQ,2025-12-28 14:12:00
00QPh00000gbkIDMAY,2025-12-28 12:39:00
00QPh00000gbnOCMAY,2025-12-30 08:40:00
00QPh00000gbsqsMAA,2025-12-28 14:20:00
00QPh00000gbuXmMAI,2025-12-29 12:10:00
00QPh00000gbx0wMAA,2025-12-28 17:14:00
00QPh00000gbzKUMAY,2025-12-29 12:46:00
00QPh00000gc0BiMAI,2025-12-29 08:34:00
00QPh00000gc4onMAA,2025-12-28 14:36:00
00QPh00000gc694MAA,2026-01-07 13:35:00
00QPh00000gcE50MAE,2025-12-29 12:14:00
00QPh00000gcEZfMAM,2025-12-29 11:01:00
00QPh00000gcI0XMAU,2026-01-02 11:24:00
00QPh00000gcIN7MAM,2026-01-16 12:01:00
00QPh00000gcR2DMAU,2025-12-29 09:32:00
00QPh00000gcW3VMAU,2025-12-30 14:05:00
00QPh00000gcWt7MAE,2025-12-29 12:11:00
00QPh00000gceHBMAY,2025-12-29 11:40:00
00QPh00000gcq3pMAA,2025-12-31 14:09:00
00QPh00000gcqF7MAI,2025-12-29 17:00:00
00QPh00000gctL3MAI,2025-12-29 12:55:00
00QPh00000gd59LMAQ,2025-12-29 12:11:00
00QPh00000gdDmnMAE,2025-12-29 13:03:00
00QPh00000gdO3tMAE,2025-12-29 18:02:00
00QPh00000gdeAKMAY,2025-12-29 10:30:00
00QPh00000ge8ZoMAI,2025-12-29 12:44:00
00QPh00000geCLfMAM,2025-12-29 08:52:00
00QPh00000geHl7MAE,2025-12-29 08:55:00
00QPh00000geLrxMAE,2025-12-29 09:08:00
00QPh00000gec3CMAQ,2025-12-29 10:21:00
00QPh00000gegQBMAY,2025-12-29 13:04:00
00QPh00000geqSlMAI,2025-12-29 11:38:00
00QPh00000geriBMAQ,2025-12-29 17:43:00
00QPh00000gesXlMAI,2026-01-05 10:31:00
00QPh00000getFMMAY,2025-12-29 11:19:00
00QPh00000gf8r3MAA,2025-12-30 11:56:00
00QPh00000gfWtNMAU,2025-12-29 12:50:00
00QPh00000gfXRIMA2,2025-12-29 13:54:00
00QPh00000gfXSrMAM,2025-12-29 12:51:00
00QPh00000gfjsDMAQ,2026-01-05 15:29:00
00QPh00000gflE7MAI,2025-11-14 15:43:00
00QPh00000gfs99MAA,2025-12-29 17:15:00
00QPh00000gg4OnMAI,2025-12-29 13:49:00
00QPh00000gg4v3MAA,2025-12-29 13:51:00
00QPh00000gg8lmMAA,2025-12-30 08:40:00
00QPh00000ggOoxMAE,2025-12-29 15:30:00
00QPh00000ggQ17MAE,2025-12-29 14:59:00
00QPh00000gga3lMAA,2026-01-06 10:18:00
00QPh00000ggbhOMAQ,2025-12-29 16:13:00
00QPh00000ggtceMAA,2025-12-29 16:58:00
00QPh00000ggxbOMAQ,2025-12-29 17:05:00
00QPh00000gh3LqMAI,2025-12-29 17:26:00
00QPh00000gh5YvMAI,2025-12-30 16:01:00
00QPh00000ghHmzMAE,2025-12-30 11:00:00
00QPh00000ghY33MAE,2025-12-30 11:01:00
00QPh00000ghmZ7MAI,2025-12-30 15:24:00
00QPh00000gho9RMAQ,2025-12-31 09:35:00
00QPh00000ghr7KMAQ,2025-12-31 09:17:00
00QPh00000ghzfyMAA,2025-12-30 17:50:00
00QPh00000gi00vMAA,2025-12-30 12:04:00
00QPh00000gi2IsMAI,2025-12-30 09:30:00
00QPh00000giLJvMAM,2025-12-30 11:00:00
00QPh00000gibBlMAI,2025-12-30 12:00:00
00QPh00000gitdOMAQ,2025-12-30 09:00:00
00QPh00000gjHz0MAE,2025-12-30 14:31:00
00QPh00000gjLuXMAU,2025-12-30 11:35:00
00QPh00000gjMsEMAU,2025-12-30 12:22:00
00QPh00000gjYTZMA2,2025-12-30 09:05:00
00QPh00000gjZ9VMAU,2026-01-05 10:20:00
00QPh00000gjbjBMAQ,2025-12-30 09:12:00
00QPh00000gjbzKMAQ,2025-12-31 09:22:00
00QPh00000gjmzZMAQ,2026-01-06 09:21:00
00QPh00000gjo3hMAA,2026-01-02 12:53:00
00QPh00000gjrBFMAY,2025-12-30 10:13:00
00QPh00000gjrpZMAQ,2025-12-30 10:14:00
00QPh00000gk0L0MAI,2025-12-30 10:47:00
00QPh00000gk51KMAQ,2025-12-30 11:55:00
00QPh00000gk6DVMAY,2025-12-30 10:56:00
00QPh00000gk6obMAA,2025-12-30 10:58:00
00QPh00000gkDuwMAE,2026-01-02 15:26:00
00QPh00000gkExRMAU,2025-12-30 11:23:00
00QPh00000gkHYkMAM,2025-12-30 11:42:00
00QPh00000gkHyXMAU,2025-12-30 11:34:00
00QPh00000gkIEgMAM,2025-12-30 11:47:00
00QPh00000gkNZJMA2,2025-12-30 12:04:00
00QPh00000gkOFFMA2,2025-12-30 11:51:00
00QPh00000gkW1WMAU,2025-12-30 13:14:00
00QPh00000gka1tMAA,2025-12-30 12:26:00
00QPh00000gkahtMAA,2025-12-30 13:08:00
00QPh00000gkbcKMAQ,2025-12-30 12:50:00
00QPh00000gkfXpMAI,2026-01-06 16:33:00
00QPh00000gkip4MAA,2025-12-30 13:26:00
00QPh00000gkivVMAQ,2026-01-02 12:53:00
00QPh00000gklgTMAQ,2025-12-30 13:03:00
00QPh00000gknLhMAI,2025-12-30 16:09:00
00QPh00000gl4KwMAI,2025-12-30 13:33:00
00QPh00000gl5NTMAY,2025-12-30 14:48:00
00QPh00000glG4LMAU,2025-12-30 13:51:00
00QPh00000glGvbMAE,2025-12-30 16:00:00
00QPh00000glH21MAE,2025-12-30 13:55:00
00QPh00000glJTeMAM,2025-12-30 14:22:00
00QPh00000glKXlMAM,2025-12-30 14:12:00
00QPh00000glLVRMA2,2025-12-30 14:16:00
00QPh00000glLYfMAM,2025-12-30 14:17:00
00QPh00000glNqdMAE,2026-01-02 11:09:00
00QPh00000glOJfMAM,2026-01-02 12:45:00
00QPh00000gliWrMAI,2025-12-30 15:37:00
00QPh00000glnuoMAA,2025-12-30 18:44:00
00QPh00000glosPMAQ,2026-01-05 10:12:00
00QPh00000gltaLMAQ,2025-12-31 09:10:00
00QPh00000glya4MAA,2026-01-06 09:58:00
00QPh00000gm0S9MAI,2026-01-06 09:47:00
00QPh00000gm8RJMAY,2026-01-12 17:05:00
00QPh00000gm9TqMAI,2026-01-07 16:00:00
00QPh00000gmCMrMAM,2026-01-07 13:31:00
00QPh00000gmInFMAU,2026-01-05 15:12:00
00QPh00000gmJmYMAU,2025-12-30 18:23:00
00QPh00000gmLgIMAU,2025-12-31 09:04:00
00QPh00000gmOmDMAU,2025-12-30 18:03:00
00QPh00000gmV7lMAE,2025-12-30 18:34:00
00QPh00000gmYs1MAE,2025-12-30 18:53:00
00QPh00000gmaH8MAI,2026-01-05 15:12:00
00QPh00000gmmrmMAA,2026-01-02 13:01:00
00QPh00000gmxdVMAQ,2025-12-31 09:00:00
00QPh00000gnBlJMAU,2025-12-31 08:50:00
00QPh00000gnDqLMAU,2025-12-31 09:10:00
00QPh00000gnFtmMAE,2026-01-02 14:50:00
00QPh00000gnHQxMAM,2025-12-31 11:02:00
00QPh00000gnTQVMA2,2026-01-02 12:56:00
00QPh00000gnXp3MAE,2025-12-31 11:01:00
00QPh00000gnazpMAA,2025-12-31 12:02:00
00QPh00000gnbFyMAI,2026-01-02 15:03:00
00QPh00000go1QZMAY,2025-12-31 11:00:00
00QPh00000go4oEMAQ,2026-01-06 16:53:00
00QPh00000go7NvMAI,2025-12-31 09:30:00
00QPh00000goOrmMAE,2025-12-31 09:40:00
00QPh00000goPvwMAE,2025-12-31 13:16:00
00QPh00000goTRfMAM,2026-01-05 09:44:00
00QPh00000goZVTMA2,2025-12-31 10:07:00
00QPh00000gohj7MAA,2026-01-06 17:37:00
00QPh00000golpxMAA,2026-01-06 16:19:00
00QPh00000gotxEMAQ,2025-12-31 11:33:00
00QPh00000goy8uMAA,2025-12-31 10:52:00
00QPh00000gp8pnMAA,2026-01-05 17:05:00
00QPh00000gpEYbMAM,2025-12-31 14:15:00
00QPh00000gpHZkMAM,2025-12-31 15:13:00
00QPh00000gpMkhMAE,2025-12-31 12:38:00
00QPh00000gpcxWMAQ,2026-01-02 12:42:00
00QPh00000gpje2MAA,2026-01-02 10:53:00
00QPh00000gpmX4MAI,2026-01-05 13:48:00
00QPh00000gpuHjMAI,2025-12-31 15:21:00
00QPh00000gpw3TMAQ,2025-12-31 14:30:00
00QPh00000gqCcpMAE,2025-12-31 14:35:00
00QPh00000gqEJeMAM,2025-12-31 16:01:00
00QPh00000gqO1FMAU,2025-12-31 14:21:00
00QPh00000gqR2LMAU,2025-12-31 14:36:00
00QPh00000gqSckMAE,2026-01-13 10:56:00
00QPh00000gqVPKMA2,2026-01-05 08:58:00
00QPh00000gqctpMAA,2026-01-05 13:44:00
00QPh00000gqecJMAQ,2026-01-06 09:40:00
00QPh00000gqpJBMAY,2026-01-02 14:30:00
00QPh00000gqpizMAA,2026-01-02 12:05:00
00QPh00000gqqX0MAI,2026-01-05 09:23:00
00QPh00000gqstmMAA,2026-01-02 12:46:00
00QPh00000gr5EHMAY,2026-01-02 09:02:00
00QPh00000grlF7MAI,2026-01-06 16:13:00
00QPh00000grq9yMAA,2026-01-02 09:09:00
00QPh00000gs2mFMAQ,2026-01-05 11:21:00
00QPh00000gs5nKMAQ,2026-01-05 13:45:00
00QPh00000gsA5RMAU,2026-01-05 09:08:00
00QPh00000gsAVHMA2,2026-01-02 13:52:00
00QPh00000gsEdhMAE,2026-01-02 09:04:00
00QPh00000gsGSbMAM,2026-01-02 09:30:00
00QPh00000gsIiwMAE,2026-01-02 10:42:00
00QPh00000gsLwwMAE,2026-01-02 10:45:00
00QPh00000gsZ5RMAU,2026-01-05 13:31:00
00QPh00000gsa37MAA,2026-01-05 09:35:00
00QPh00000gsjG5MAI,2026-01-02 14:05:00
00QPh00000gskqTMAQ,2026-01-05 13:34:00
00QPh00000gslUnMAI,2026-01-02 09:52:00
00QPh00000gsmNfMAI,2026-01-02 10:36:00
00QPh00000gsoKfMAI,2026-01-02 10:00:00
00QPh00000gsuxtMAA,2026-01-02 10:10:00
00QPh00000gtBx8MAE,2026-01-02 12:04:00
00QPh00000gtCA2MAM,2026-01-02 12:11:00
00QPh00000gtFvtMAE,2026-01-06 16:59:00
00QPh00000gtGLhMAM,2026-01-06 08:53:00
00QPh00000gtSzaMAE,2026-01-06 13:41:00
00QPh00000gtcPRMAY,2026-01-02 10:50:00
00QPh00000gtgZWMAY,2026-01-02 10:25:00
00QPh00000gtiMoMAI,2026-01-08 14:49:00
00QPh00000gtmQPMAY,2026-01-05 09:06:00
00QPh00000gtp4vMAA,2026-01-02 09:42:00
00QPh00000gtxaMMAQ,2026-01-13 10:50:00
00QPh00000guC9bMAE,2026-01-02 10:53:00
00QPh00000guSmDMAU,2026-01-02 09:08:00
00QPh00000guZpMMAU,2026-01-02 09:06:00
00QPh00000gukj9MAA,2026-01-02 10:30:00
00QPh00000guouoMAA,2026-01-02 09:30:00
00QPh00000gurcYMAQ,2026-01-02 09:10:00
00QPh00000guyB0MAI,2026-01-05 13:14:00
00QPh00000gv3KLMAY,2026-01-03 10:57:00
00QPh00000gv3YrMAI,2026-01-02 09:04:00
00QPh00000gvHjvMAE,2026-01-05 12:52:00
00QPh00000gvVJpMAM,2026-01-02 10:39:00
00QPh00000gvZP5MAM,2026-01-05 13:57:00
00QPh00000gvaUnMAI,2026-01-02 14:18:00
00QPh00000gvkUAMAY,2026-01-05 11:47:00
00QPh00000gvlYHMAY,2026-01-05 08:43:00
00QPh00000gvmsXMAQ,2026-01-02 11:31:00
00QPh00000gvn75MAA,2026-01-07 08:59:00
00QPh00000gvuRuMAI,2026-01-02 12:13:00
00QPh00000gvuzmMAA,2026-01-05 11:47:00
00QPh00000gw0U6MAI,2026-01-02 13:10:00
00QPh00000gw35NMAQ,2026-01-02 12:16:00
00QPh00000gw6D1MAI,2026-01-02 14:08:00
00QPh00000gw9FdMAI,2026-01-03 13:05:00
00QPh00000gwLblMAE,2026-01-02 13:11:00
00QPh00000gwTeBMAU,2026-01-02 14:02:00
00QPh00000gwe07MAA,2026-01-02 14:03:00
00QPh00000gwiDQMAY,2026-01-02 14:36:00
00QPh00000gwlZRMAY,2026-01-02 13:52:00
00QPh00000gwmiRMAQ,2026-01-05 13:55:00
00QPh00000gx87pMAA,2026-01-02 15:12:00
00QPh00000gxNRqMAM,2026-01-12 11:08:00
00QPh00000gxNreMAE,2026-01-04 16:58:00
00QPh00000gxOz0MAE,2026-01-04 12:17:00
00QPh00000gyIhqMAE,2026-01-03 09:08:00
00QPh00000gyNj8MAE,2026-01-03 12:39:00
00QPh00000gyRpzMAE,2026-01-03 08:49:00
00QPh00000gySviMAE,2026-01-06 09:05:00
00QPh00000gyXlhMAE,2026-01-04 09:30:00
00QPh00000gyZM6MAM,2026-01-04 17:27:00
00QPh00000gyqmlMAA,2026-01-03 09:08:00
00QPh00000gyuOvMAI,2026-01-03 09:12:00
00QPh00000gz0VxMAI,2026-01-09 15:05:00
00QPh00000gz6wLMAQ,2026-01-05 09:01:00
00QPh00000gz7nZMAQ,2026-01-07 14:39:00
00QPh00000gzTGEMA2,2026-01-04 16:52:00
00QPh00000gzU93MAE,2026-01-03 08:44:00
00QPh00000gzXdCMAU,2026-01-03 09:05:00
00QPh00000gzYMNMA2,2026-01-03 10:42:00
00QPh00000gzcEgMAI,2026-01-05 09:35:00
00QPh00000gzdx7MAA,2026-01-06 09:35:00
00QPh00000gzhpRMAQ,2026-01-03 09:36:00
00QPh00000gzpDVMAY,2026-01-03 10:26:00
00QPh00000gzpTeMAI,2026-01-03 10:48:00
00QPh00000gzsRWMAY,2025-12-11 13:17:00
00QPh00000h005iMAA,2026-01-05 15:48:00
00QPh00000h08swMAA,2026-01-03 14:41:00
00QPh00000h0GwwMAE,2026-02-12 12:00:00
00QPh00000h0KioMAE,2026-01-03 14:05:00
00QPh00000h0OkmMAE,2026-01-03 14:02:00
00QPh00000h0YljMAE,2026-01-03 14:53:00
00QPh00000h0chFMAQ,2026-01-03 15:21:00
00QPh00000h0cnjMAA,2026-01-04 11:40:00
00QPh00000h0pY1MAI,2026-01-07 13:06:00
00QPh00000h0rErMAI,2026-01-13 11:24:00
00QPh00000h0roLMAQ,2026-01-05 16:25:00
00QPh00000h0uvuMAA,2026-01-05 15:31:00
00QPh00000h0uz7MAA,2026-01-03 17:22:00
00QPh00000h0v5bMAA,2026-01-06 12:38:00
00QPh00000h0vDdMAI,2026-01-05 08:45:00
00QPh00000h0xdeMAA,2026-01-05 15:31:00
00QPh00000h0zKTMAY,2026-01-05 12:02:00
00QPh00000h0zsLMAQ,2026-01-04 17:01:00
00QPh00000h14K9MAI,2026-01-06 16:50:00
00QPh00000h1A4bMAE,2026-01-06 18:56:00
00QPh00000h1HviMAE,2026-01-04 14:56:00
00QPh00000h1JmDMAU,2026-01-05 13:11:00
00QPh00000h1LzJMAU,2026-01-04 09:01:00
00QPh00000h1MnKMAU,2026-01-05 10:01:00
00QPh00000h1XCTMA2,2026-01-05 15:16:00
00QPh00000h1nHFMAY,2026-01-04 10:01:00
00QPh00000h2HoqMAE,2026-01-04 10:12:00
00QPh00000h2KOTMA2,2026-01-04 09:05:00
00QPh00000h2L4PMAU,2026-01-04 09:13:00
00QPh00000h2LPNMA2,2025-12-23 12:19:00
00QPh00000h2LXRMA2,2026-01-04 09:18:00
00QPh00000h2LcIMAU,2026-01-05 09:16:00
00QPh00000h2MwYMAU,2026-01-04 09:50:00
00QPh00000h2OrtMAE,2026-01-04 09:51:00
00QPh00000h2PmLMAU,2026-01-04 16:24:00
00QPh00000h2QiTMAU,2026-01-04 11:21:00
00QPh00000h2SPGMA2,2026-01-05 09:11:00
00QPh00000h2UxNMAU,2026-01-05 12:32:00
00QPh00000h2WsfMAE,2026-01-05 13:42:00
00QPh00000h2YsrMAE,2026-01-04 11:18:00
00QPh00000h2ZSLMA2,2026-01-05 08:41:00
00QPh00000h2bp8MAA,2026-01-04 13:08:00
00QPh00000h2fpVMAQ,2026-01-04 12:15:00
00QPh00000h2j9xMAA,2026-01-05 11:57:00
00QPh00000h2nS5MAI,2026-01-06 16:32:00
00QPh00000h2nyNMAQ,2026-01-05 11:00:00
00QPh00000h2ulOMAQ,2026-01-04 14:43:00
00QPh00000h2w5cMAA,2026-01-09 14:54:00
00QPh00000h31ObMAI,2026-01-04 14:03:00
00QPh00000h344jMAA,2026-01-04 16:12:00
00QPh00000h34ROMAY,2026-01-05 14:41:00
00QPh00000h34r8MAA,2026-01-04 16:11:00
00QPh00000h39E5MAI,2026-01-04 15:38:00
00QPh00000h3AOfMAM,2026-01-05 08:33:00
00QPh00000h3BW1MAM,2026-01-06 11:43:00
00QPh00000h3C78MAE,2026-01-05 08:36:00
00QPh00000h3C8jMAE,2026-01-04 16:06:00
00QPh00000h3DPlMAM,2026-01-06 16:13:00
00QPh00000h3I4TMAU,2026-01-05 12:14:00
00QPh00000h3IXVMA2,2026-01-04 16:56:00
00QPh00000h3KcXMAU,2026-01-04 17:16:00
00QPh00000h3MRRMA2,2026-01-05 13:10:00
00QPh00000h3PYzMAM,2026-01-05 09:07:00
00QPh00000h3l3GMAQ,2026-01-07 18:31:00
00QPh00000h3uePMAQ,2026-01-05 13:42:00
00QPh00000h3vozMAA,2026-01-06 11:41:00
00QPh00000h3vsDMAQ,2026-01-06 13:47:00
00QPh00000h3yLRMAY,2026-01-06 11:16:00
00QPh00000h455CMAQ,2026-01-06 16:15:00
00QPh00000h4BXCMA2,2026-01-05 14:51:00
00QPh00000h4ETRMA2,2026-01-06 12:15:00
00QPh00000h4QWDMA2,2026-01-05 08:30:00
00QPh00000h4mLUMAY,2026-01-05 10:55:00
00QPh00000h51qkMAA,2026-01-05 09:15:00
00QPh00000h52LOMAY,2026-01-05 09:31:00
00QPh00000h52oQMAQ,2026-01-05 12:29:00
00QPh00000h56H4MAI,2026-01-05 10:03:00
00QPh00000h5FLqMAM,2026-01-05 10:03:00
00QPh00000h5GrNMAU,2026-01-05 09:03:00
00QPh00000h5MlXMAU,2026-01-06 15:40:00
00QPh00000h5QdqMAE,2025-11-13 08:54:00
00QPh00000h5TWsMAM,2026-01-05 13:17:00
00QPh00000h5V2PMAU,2026-01-05 09:45:00
00QPh00000h5VtdMAE,2026-01-05 12:36:00
00QPh00000h5jdFMAQ,2026-01-05 10:25:00
00QPh00000h5jzpMAA,2026-02-10 14:02:00
00QPh00000h5pysMAA,2026-01-05 12:05:00
00QPh00000h5sBuMAI,2026-01-05 10:51:00
00QPh00000h5t9aMAA,2025-12-17 12:05:00
00QPh00000h5u2PMAQ,2026-01-13 10:26:00
00QPh00000h612HMAQ,2026-01-05 11:07:00
00QPh00000h61IPMAY,2026-01-05 11:07:00
00QPh00000h62WDMAY,2026-01-05 11:10:00
00QPh00000h62hVMAQ,2026-01-05 11:10:00
00QPh00000h69FyMAI,2026-01-05 11:50:00
00QPh00000h6BuUMAU,2026-01-05 11:53:00
00QPh00000h6HBvMAM,2026-01-06 08:45:00
00QPh00000h6I9aMAE,2026-01-05 13:06:00
00QPh00000h6NhAMAU,2026-01-05 13:01:00
00QPh00000h6ZQYMA2,2026-01-05 13:21:00
00QPh00000h6eV4MAI,2026-01-05 13:52:00
00QPh00000h6iopMAA,2026-01-05 14:47:00
00QPh00000h6kKLMAY,2026-01-05 13:01:00
00QPh00000h6oMLMAY,2026-01-05 13:11:00
00QPh00000h6oizMAA,2026-01-05 13:59:00
00QPh00000h6rLpMAI,2026-01-05 16:38:00
00QPh00000h6rP6MAI,2026-01-06 09:13:00
00QPh00000h6tPHMAY,2026-01-06 14:35:00
00QPh00000h73GcMAI,2026-01-05 15:05:00
00QPh00000h74feMAA,2026-01-05 13:45:00
00QPh00000h75DYMAY,2026-01-05 16:39:00
00QPh00000h76JIMAY,2026-01-12 14:39:00
00QPh00000h7NIVMA2,2026-01-06 11:09:00
00QPh00000h7QY5MAM,2026-01-09 11:13:00
00QPh00000h7QjNMAU,2026-01-05 14:14:00
00QPh00000h7bN3MAI,2026-01-05 14:45:00
00QPh00000h7igIMAQ,2026-01-05 16:29:00
00QPh00000h7rgLMAQ,2026-01-05 15:28:00
00QPh00000h7wo5MAA,2026-01-05 15:41:00
00QPh00000h8025MAA,2026-01-06 11:30:00
00QPh00000h8Fh4MAE,2026-01-06 17:42:00
00QPh00000h8HNuMAM,2026-01-08 13:09:00
00QPh00000h8OXSMA2,2026-01-05 17:03:00
00QPh00000h8UeVMAU,2026-01-07 09:51:00
00QPh00000h8W0LMAU,2026-01-05 17:18:00
00QPh00000h8XVtMAM,2026-01-05 17:22:00
00QPh00000h8XinMAE,2026-01-06 09:10:00
00QPh00000h8Y29MAE,2026-01-05 17:24:00
00QPh00000h8ekIMAQ,2026-01-12 14:29:00
00QPh00000h8fI9MAI,2026-01-06 08:36:00
00QPh00000h8fhxMAA,2026-01-06 08:31:00
00QPh00000h8g9NMAQ,2026-01-05 18:01:00
00QPh00000h8nZ4MAI,2026-01-06 11:04:00
00QPh00000h8pZFMAY,2026-01-05 18:28:00
00QPh00000h8rftMAA,2026-01-05 18:32:00
00QPh00000h8vDGMAY,2026-01-07 16:11:00
00QPh00000h8xJtMAI,2026-01-08 13:43:00
00QPh00000h93FdMAI,2026-01-06 11:00:00
00QPh00000h9AIoMAM,2026-01-06 11:44:00
00QPh00000h9BI1MAM,2026-01-06 18:58:00
00QPh00000h9GZSMA2,2026-01-07 09:05:00
00QPh00000h9GnzMAE,2026-01-06 16:33:00
00QPh00000h9HaLMAU,2026-01-06 10:00:00
00QPh00000h9IY3MAM,2026-01-06 15:12:00
00QPh00000h9MN7MAM,2026-01-06 11:58:00
00QPh00000h9RLBMA2,2026-01-06 12:12:00
00QPh00000h9a8MMAQ,2026-01-06 14:01:00
00QPh00000h9kCXMAY,2026-01-08 14:59:00
00QPh00000h9mEMMAY,2026-01-06 10:30:00
00QPh00000h9yaTMAQ,2026-01-06 09:42:00
00QPh00000hA9VtMAK,2026-01-06 11:51:00
00QPh00000hAQN5MAO,2026-01-08 13:46:00
00QPh00000hAYIzMAO,2026-01-06 16:31:00
00QPh00000hAZrmMAG,2026-01-06 09:01:00
00QPh00000hAoHKMA0,2026-01-06 10:01:00
00QPh00000hB3Q6MAK,2026-01-06 10:40:00
00QPh00000hB5jZMAS,2026-01-06 09:11:00
00QPh00000hB6voMAC,2026-01-06 10:57:00
00QPh00000hB9wsMAC,2026-01-06 11:01:00
00QPh00000hBChpMAG,2026-01-06 09:34:00
00QPh00000hBEznMAG,2026-01-06 09:49:00
00QPh00000hBH1cMAG,2026-01-06 11:35:00
00QPh00000hBHnxMAG,2026-01-06 09:51:00
00QPh00000hBQMcMAO,2026-01-06 10:21:00
00QPh00000hBUbVMAW,2026-01-06 10:28:00
00QPh00000hBX38MAG,2026-01-06 10:57:00
00QPh00000hBXUXMA4,2026-01-12 10:45:00
00QPh00000hBbEoMAK,2026-01-06 10:55:00
00QPh00000hBcIvMAK,2026-01-06 11:01:00
00QPh00000hBfOrMAK,2026-01-06 10:55:00
00QPh00000hBqNnMAK,2026-01-06 11:22:00
00QPh00000hBycnMAC,2026-01-12 14:28:00
00QPh00000hC01tMAC,2026-01-06 11:29:00
00QPh00000hC54nMAC,2026-01-07 10:00:00
00QPh00000hC5PlMAK,2026-01-06 11:45:00
00QPh00000hC7rNMAS,2026-01-06 11:52:00
00QPh00000hC9oLMAS,2026-01-08 16:37:00
00QPh00000hCA65MAG,2026-01-06 11:59:00
00QPh00000hCHtxMAG,2026-01-08 16:45:00
00QPh00000hCauzMAC,2026-01-06 13:11:00
00QPh00000hCbnqMAC,2026-01-06 13:16:00
00QPh00000hCr7rMAC,2026-01-07 08:36:00
00QPh00000hCyalMAC,2026-02-12 16:46:00
00QPh00000hDCU2MAO,2026-01-06 14:25:00
00QPh00000hDDY9MAO,2026-01-12 10:39:00
00QPh00000hDEafMAG,2026-01-06 14:07:00
00QPh00000hDJaLMAW,2026-01-08 12:02:00
00QPh00000hDL5uMAG,2026-01-09 10:19:00
00QPh00000hDNqsMAG,2026-01-06 16:14:00
00QPh00000hDO0ZMAW,2026-01-07 11:30:00
00QPh00000hDUM7MAO,2026-01-07 08:37:00
00QPh00000hDW1KMAW,2026-01-06 15:19:00
00QPh00000hDbU1MAK,2026-01-06 15:22:00
00QPh00000hDiqUMAS,2026-01-06 16:05:00
00QPh00000hDmFlMAK,2026-01-06 15:53:00
00QPh00000hDoHZMA0,2026-01-06 15:57:00
00QPh00000hDtZ0MAK,2026-01-06 16:29:00
00QPh00000hDubVMAS,2026-01-06 16:12:00
00QPh00000hDw2DMAS,2026-01-06 16:16:00
00QPh00000hDwVFMA0,2026-01-09 11:06:00
00QPh00000hDwgXMAS,2026-01-06 16:17:00
00QPh00000hEB9JMAW,2026-01-06 17:00:00
00QPh00000hEBMFMA4,2026-01-12 10:21:00
00QPh00000hEOo5MAG,2026-01-07 08:30:00
00QPh00000hEnL5MAK,2026-01-07 08:31:00
00QPh00000hEuROMA0,2026-01-07 14:56:00
00QPh00000hF4NVMA0,2026-01-07 11:54:00
00QPh00000hFCePMAW,2026-01-09 10:11:00
00QPh00000hFUoDMAW,2025-12-20 10:30:00
00QPh00000hFqYbMAK,2026-01-07 09:00:00
00QPh00000hGLEDMA4,2026-01-07 08:38:00
00QPh00000hGUcWMAW,2026-01-16 09:26:00
00QPh00000hGahwMAC,2026-01-07 13:12:00
00QPh00000hGbNpMAK,2026-01-07 15:22:00
00QPh00000hGcbfMAC,2026-01-07 10:06:00
00QPh00000hGgvPMAS,2026-01-13 14:21:00
00QPh00000hGiSXMA0,2026-01-07 12:10:00
00QPh00000hGk4YMAS,2026-01-07 09:15:00
00QPh00000hGkhHMAS,2026-01-07 14:59:00
00QPh00000hGptqMAC,2026-01-07 10:07:00
00QPh00000hGq6lMAC,2026-01-07 09:57:00
00QPh00000hGtJAMA0,2026-01-07 10:18:00
00QPh00000hGxD7MAK,2026-01-07 12:04:00
00QPh00000hGzEsMAK,2026-01-07 10:29:00
00QPh00000hH1WoMAK,2026-01-07 09:57:00
00QPh00000hH35ZMAS,2026-01-07 09:58:00
00QPh00000hH3C1MAK,2026-01-12 10:35:00
00QPh00000hH60GMAS,2026-01-07 15:29:00
00QPh00000hH79BMAS,2026-01-07 14:10:00
00QPh00000hH7HFMA0,2026-01-07 10:06:00
00QPh00000hH7M7MAK,2026-01-07 10:29:00
00QPh00000hH7VlMAK,2026-01-07 10:12:00
00QPh00000hH7VmMAK,2026-01-07 11:00:00
00QPh00000hH7cDMAS,2026-01-07 10:46:00
00QPh00000hH7kHMAS,2026-01-08 16:30:00
00QPh00000hH7xBMAS,2026-01-12 18:19:00
00QPh00000hH7ynMAC,2026-01-08 17:45:00
00QPh00000hH83dMAC,2026-01-08 10:17:00
00QPh00000hH86rMAC,2026-01-07 10:06:00
00QPh00000hHDkrMAG,2026-01-14 16:33:00
00QPh00000hHF8LMAW,2026-01-07 10:26:00
00QPh00000hHPZ7MAO,2026-01-07 10:54:00
00QPh00000hHQa1MAG,2026-01-07 10:58:00
00QPh00000hHQtQMAW,2026-01-07 12:21:00
00QPh00000hHRr9MAG,2026-01-16 14:37:00
00QPh00000hHUtoMAG,2026-01-28 09:45:00
00QPh00000hHWfRMAW,2026-01-07 11:17:00
00QPh00000hHYULMA4,2026-01-07 11:22:00
00QPh00000hHapXMAS,2026-01-14 10:55:00
00QPh00000hHcOIMA0,2026-01-13 09:45:00
00QPh00000hHcOJMA0,2026-01-15 11:43:00
00QPh00000hHezaMAC,2026-01-07 12:06:00
00QPh00000hHg8aMAC,2026-01-09 10:26:00
00QPh00000hHhvpMAC,2026-01-07 11:49:00
00QPh00000hHo4eMAC,2026-01-15 10:57:00
00QPh00000hHpRxMAK,2026-01-07 12:05:00
00QPh00000hHqJEMA0,2026-01-13 16:33:00
00QPh00000hHrToMAK,2026-01-08 14:43:00
00QPh00000hHt5oMAC,2026-01-13 11:00:00
00QPh00000hHtSLMA0,2026-01-22 09:15:00
00QPh00000hHvZ3MAK,2026-01-07 14:01:00
00QPh00000hHwJlMAK,2026-01-21 12:09:00
00QPh00000hHwRpMAK,2026-01-29 17:17:00
00QPh00000hHwZtMAK,2026-01-29 16:19:00
00QPh00000hHylQMAS,2026-01-07 14:02:00
00QPh00000hHzkiMAC,2026-01-30 12:54:00
00QPh00000hHzuNMAS,2026-01-14 14:50:00
00QPh00000hI0GxMAK,2026-01-22 16:42:00
00QPh00000hI0SDMA0,2025-11-12 09:35:00
00QPh00000hI0wtMAC,2026-01-20 09:05:00
00QPh00000hI189MAC,2026-01-15 16:25:00
00QPh00000hI1MgMAK,2026-01-07 17:46:00
00QPh00000hI1OHMA0,2026-01-07 12:24:00
00QPh00000hI1mVMAS,2026-01-21 12:27:00
00QPh00000hI2lmMAC,2026-01-13 09:37:00
00QPh00000hI3ptMAC,2026-01-29 08:44:00
00QPh00000hI5LVMA0,2026-01-27 15:00:00
00QPh00000hI5LXMA0,2026-01-13 16:58:00
00QPh00000hI6RDMA0,2026-01-14 09:24:00
00QPh00000hI6ivMAC,2026-01-29 13:05:00
00QPh00000hI7ofMAC,2026-01-15 10:36:00
00QPh00000hI8KzMAK,2026-01-15 16:11:00
00QPh00000hI8OCMA0,2026-01-07 13:54:00
00QPh00000hI9nFMAS,2026-01-07 12:36:00
00QPh00000hIAONMA4,2026-01-29 08:31:00
00QPh00000hIAZfMAO,2026-01-07 16:20:00
00QPh00000hIBHDMA4,2026-01-14 08:47:00
00QPh00000hIBtvMAG,2026-01-15 11:08:00
00QPh00000hIChwMAG,2026-01-12 11:01:00
00QPh00000hICq0MAG,2026-01-26 12:20:00
00QPh00000hIETZMA4,2026-01-07 16:05:00
00QPh00000hIETaMAO,2026-01-15 09:31:00
00QPh00000hIF1TMAW,2026-01-14 15:57:00
00QPh00000hIGjuMAG,2026-01-26 14:59:00
00QPh00000hIILyMAO,2026-01-14 16:19:00
00QPh00000hIIowMAG,2026-01-15 17:28:00
00QPh00000hIIvOMAW,2026-01-20 13:07:00
00QPh00000hIJufMAG,2026-01-15 09:43:00
00QPh00000hIK4LMAW,2026-01-12 10:10:00
00QPh00000hIKKTMA4,2026-01-28 13:07:00
00QPh00000hIKVpMAO,2026-01-12 10:31:00
00QPh00000hIL0PMAW,2026-01-13 14:49:00
00QPh00000hIPKCMA4,2026-01-14 11:59:00
00QPh00000hIPk0MAG,2026-02-10 10:05:00
00QPh00000hIQ1iMAG,2026-01-12 17:02:00
00QPh00000hIRPBMA4,2026-01-26 12:38:00
00QPh00000hIRVdMAO,2026-01-15 11:52:00
00QPh00000hITNlMAO,2026-01-27 08:59:00
00QPh00000hITVqMAO,2026-01-28 10:32:00
00QPh00000hIUWjMAO,2026-01-15 11:22:00
00QPh00000hIUbZMAW,2026-01-20 14:54:00
00QPh00000hIUuwMAG,2026-01-28 09:29:00
00QPh00000hIVMLMA4,2026-01-15 12:24:00
00QPh00000hIVSnMAO,2025-11-18 12:17:00
00QPh00000hIVW3MAO,2026-01-07 14:03:00
00QPh00000hIW5VMAW,2026-01-23 15:26:00
00QPh00000hIYX9MAO,2026-01-13 16:03:00
00QPh00000hIYosMAG,2026-01-21 11:12:00
00QPh00000hIZBTMA4,2026-01-21 14:14:00
00QPh00000hIaPGMA0,2026-01-30 11:03:00
00QPh00000hIaXJMA0,2026-01-20 09:21:00
00QPh00000hIbYFMA0,2026-01-23 12:41:00
00QPh00000hIc68MAC,2026-01-07 15:08:00
00QPh00000hIcpFMAS,2026-01-12 13:33:00
00QPh00000hIe4gMAC,2026-01-15 09:09:00
00QPh00000hIenqMAC,2026-01-20 17:13:00
00QPh00000hIfSAMA0,2026-01-08 12:18:00
00QPh00000hIfYbMAK,2026-01-14 16:42:00
00QPh00000hIfYdMAK,2026-01-09 12:46:00
00QPh00000hIflVMAS,2026-01-13 14:39:00
00QPh00000hIfqMMAS,2026-01-12 15:35:00
00QPh00000hIhtlMAC,2026-01-12 17:18:00
00QPh00000hIiGLMA0,2026-01-15 12:27:00
00QPh00000hIil0MAC,2026-01-07 14:09:00
00QPh00000hIiuhMAC,2026-01-22 16:26:00
00QPh00000hIjXQMA0,2026-01-07 14:07:00
00QPh00000hIjqnMAC,2026-01-27 10:32:00
00QPh00000hIlxQMAS,2026-01-20 12:41:00
00QPh00000hImjnMAC,2026-01-26 17:03:00
00QPh00000hImztMAC,2026-01-07 13:48:00
00QPh00000hInJIMA0,2026-01-12 15:18:00
00QPh00000hIoYmMAK,2026-01-14 11:41:00
00QPh00000hIpD0MAK,2026-01-07 17:20:00
00QPh00000hIq12MAC,2026-01-13 09:28:00
00QPh00000hIsKbMAK,2026-01-21 15:05:00
00QPh00000hItDRMA0,2026-01-08 08:46:00
00QPh00000hItN4MAK,2026-01-07 13:56:00
00QPh00000hIupNMAS,2026-01-07 13:55:00
00QPh00000hIxiSMAS,2026-01-07 15:00:00
00QPh00000hIyD4MAK,2026-01-09 13:35:00
00QPh00000hJ0JhMAK,2026-01-12 15:31:00
00QPh00000hJ3JCMA0,2026-01-27 11:44:00
00QPh00000hJ5EYMA0,2026-01-14 15:21:00
00QPh00000hJ5xiMAC,2026-01-26 12:11:00
00QPh00000hJ9d7MAC,2026-01-07 14:15:00
00QPh00000hJAMHMA4,2026-01-14 08:44:00
00QPh00000hJBa5MAG,2026-01-09 14:19:00
00QPh00000hJBtRMAW,2026-01-26 15:22:00
00QPh00000hJCSwMAO,2026-01-12 14:16:00
00QPh00000hJEhdMAG,2026-01-30 15:20:00
00QPh00000hJEksMAG,2026-01-14 13:57:00
00QPh00000hJExlMAG,2026-01-13 14:40:00
00QPh00000hJF11MAG,2026-01-07 18:00:00
00QPh00000hJFllMAG,2026-01-13 09:41:00
00QPh00000hJG6kMAG,2026-01-30 14:49:00
00QPh00000hJGwLMAW,2026-01-22 16:04:00
00QPh00000hJGwMMAW,2026-01-21 15:27:00
00QPh00000hJH9FMAW,2026-01-23 09:36:00
00QPh00000hJHCWMA4,2026-01-07 16:38:00
00QPh00000hJIenMAG,2026-01-15 17:17:00
00QPh00000hJKn7MAG,2026-01-13 14:04:00
00QPh00000hJNkvMAG,2026-01-12 13:17:00
00QPh00000hJNt0MAG,2026-01-22 12:20:00
00QPh00000hJONdMAO,2026-01-14 09:36:00
00QPh00000hJQE9MAO,2026-01-09 14:30:00
00QPh00000hJQajMAG,2026-01-22 14:27:00
00QPh00000hJRGfMAO,2026-01-16 14:13:00
00QPh00000hJTFGMA4,2026-01-07 16:33:00
00QPh00000hJTiIMAW,2026-01-07 15:52:00
00QPh00000hJWmcMAG,2026-01-22 10:19:00
00QPh00000hJWxtMAG,2026-01-07 15:22:00
00QPh00000hJbfqMAC,2026-01-20 16:19:00
00QPh00000hJcTqMAK,2026-01-07 16:03:00
00QPh00000hJcf9MAC,2026-01-07 17:36:00
00QPh00000hJdbCMAS,2026-01-07 15:47:00
00QPh00000hJfDBMA0,2026-01-07 15:49:00
00QPh00000hJgCUMA0,2026-01-28 08:59:00
00QPh00000hJgQzMAK,2026-01-21 14:33:00
00QPh00000hJhDPMA0,2026-01-12 10:26:00
00QPh00000hJn2gMAC,2026-01-07 16:35:00
00QPh00000hJoTNMA0,2026-01-07 16:16:00
00QPh00000hJvugMAC,2026-01-07 16:47:00
00QPh00000hJxWfMAK,2026-01-07 16:47:00
00QPh00000hJxbVMAS,2026-01-07 16:47:00
00QPh00000hK49zMAC,2026-01-07 17:52:00
00QPh00000hK6lGMAS,2026-01-13 10:19:00
00QPh00000hK7m9MAC,2026-01-07 17:21:00
00QPh00000hK9mNMAS,2026-01-12 16:59:00
00QPh00000hKDTNMA4,2026-01-07 17:41:00
00QPh00000hKMlBMAW,2026-01-07 18:17:00
00QPh00000hKOWrMAO,2025-11-24 09:48:00
00QPh00000hKOjlMAG,2026-01-07 18:26:00
00QPh00000hKSx3MAG,2026-01-08 11:02:00
00QPh00000hKXzxMAG,2026-01-08 11:03:00
00QPh00000hKZyXMAW,2026-01-08 10:33:00
00QPh00000hKa4zMAC,2026-01-08 10:14:00
00QPh00000hKdAvMAK,2026-01-09 09:24:00
00QPh00000hKf4fMAC,2026-01-08 08:41:00
00QPh00000hKheLMAS,2026-01-08 11:45:00
00QPh00000hKkcDMAS,2026-01-08 11:36:00
00QPh00000hKlA7MAK,2026-01-08 08:34:00
00QPh00000hKlWiMAK,2026-01-08 14:41:00
00QPh00000hKnexMAC,2026-01-08 14:20:00
00QPh00000hKr93MAC,2026-01-08 10:37:00
00QPh00000hKtXSMA0,2026-01-15 12:54:00
00QPh00000hKwv7MAC,2026-01-08 14:05:00
00QPh00000hL2KbMAK,2026-01-09 09:45:00
00QPh00000hLBZCMA4,2026-01-08 10:50:00
00QPh00000hLEgjMAG,2026-01-09 09:27:00
00QPh00000hLFMfMAO,2026-01-08 13:13:00
00QPh00000hLIKXMA4,2026-01-08 11:01:00
00QPh00000hLKHWMA4,2026-01-10 16:33:00
00QPh00000hLMPmMAO,2026-01-13 09:30:00
00QPh00000hLOhiMAG,2026-01-13 17:13:00
00QPh00000hLRFmMAO,2026-01-08 10:53:00
00QPh00000hLTizMAG,2026-01-08 11:01:00
00QPh00000hLU7BMAW,2026-01-08 08:33:00
00QPh00000hLWXEMA4,2026-01-08 12:03:00
00QPh00000hLY19MAG,2026-01-08 14:58:00
00QPh00000hLexlMAC,2026-01-12 14:19:00
00QPh00000hM6UGMA0,2026-01-12 11:00:00
00QPh00000hMKvNMAW,2026-01-12 10:27:00
00QPh00000hMOSnMAO,2026-01-08 10:00:00
00QPh00000hMaiPMAS,2026-01-08 10:31:00
00QPh00000hMesTMAS,2026-01-12 10:15:00
00QPh00000hMgavMAC,2026-01-12 11:05:00
00QPh00000hMhASMA0,2026-01-08 16:35:00
00QPh00000hMhgfMAC,2026-01-09 12:53:00
00QPh00000hMmbWMAS,2026-01-09 15:59:00
00QPh00000hMo77MAC,2026-01-08 11:34:00
00QPh00000hMqVRMA0,2026-01-08 10:03:00
00QPh00000hMsiXMAS,2025-12-30 17:02:00
00QPh00000hMtMrMAK,2026-01-08 10:12:00
00QPh00000hN1AlMAK,2026-01-12 17:12:00
00QPh00000hN3cLMAS,2026-01-08 11:49:00
00QPh00000hN5ClMAK,2026-01-08 17:00:00
00QPh00000hNQcAMAW,2026-01-08 11:59:00
00QPh00000hNTVCMA4,2026-01-08 11:56:00
00QPh00000hNV2MMAW,2026-01-08 11:47:00
00QPh00000hNZqlMAG,2026-01-08 12:25:00
00QPh00000hNfzOMAS,2026-01-08 13:00:00
00QPh00000hNpvVMAS,2026-01-08 15:27:00
00QPh00000hNsBtMAK,2026-01-08 13:24:00
00QPh00000hNtB7MAK,2026-01-08 12:27:00
00QPh00000hNuGsMAK,2026-01-08 13:07:00
00QPh00000hNxD7MAK,2026-01-08 12:34:00
00QPh00000hO5H7MAK,2026-01-08 12:51:00
00QPh00000hO6EpMAK,2026-01-08 14:27:00
00QPh00000hO99RMAS,2026-01-08 13:00:00
00QPh00000hO9vqMAC,2026-01-08 16:18:00
00QPh00000hOCgnMAG,2026-01-08 13:08:00
00QPh00000hODMnMAO,2026-01-13 14:59:00
00QPh00000hOIshMAG,2026-01-16 12:08:00
00QPh00000hOMZjMAO,2026-01-08 13:48:00
00QPh00000hOO3dMAG,2026-01-08 13:30:00
00QPh00000hOQVHMA4,2026-01-08 13:53:00
00QPh00000hORJJMA4,2026-01-08 15:22:00
00QPh00000hOXBnMAO,2026-01-08 14:13:00
00QPh00000hOfsWMAS,2026-01-08 16:16:00
00QPh00000hOiomMAC,2026-01-08 14:20:00
00QPh00000hOjmVMAS,2026-01-14 12:59:00
00QPh00000hOlxuMAC,2026-01-08 14:06:00
00QPh00000hOnbYMAS,2026-01-08 15:34:00
00QPh00000hP1ZdMAK,2026-01-08 14:37:00
00QPh00000hP3y1MAC,2026-01-09 09:26:00
00QPh00000hP5OpMAK,2026-01-13 16:32:00
00QPh00000hP7NLMA0,2026-01-08 16:59:00
00QPh00000hP7taMAC,2026-01-16 12:32:00
00QPh00000hPDcQMAW,2026-01-08 15:54:00
00QPh00000hPFXmMAO,2026-01-08 16:05:00
00QPh00000hPIllMAG,2026-01-08 15:25:00
00QPh00000hPKZ4MAO,2026-01-09 12:36:00
00QPh00000hPKpBMAW,2026-01-08 15:32:00
00QPh00000hPMr0MAG,2026-01-08 16:53:00
00QPh00000hPNIQMA4,2026-01-13 08:48:00
00QPh00000hPNiDMAW,2026-01-08 15:42:00
00QPh00000hPPdZMAW,2026-01-08 15:48:00
00QPh00000hPThBMAW,2026-01-08 15:59:00
00QPh00000hPn00MAC,2026-01-08 18:44:00
00QPh00000hPsAvMAK,2026-02-09 15:54:00
00QPh00000hPvOxMAK,2026-01-09 11:01:00
00QPh00000hPxfHMAS,2026-01-08 17:11:00
00QPh00000hQ0WfMAK,2026-01-09 09:18:00
00QPh00000hQ28iMAC,2026-01-12 14:34:00
00QPh00000hQ7jSMAS,2026-01-08 17:54:00
00QPh00000hQFp3MAG,2026-01-09 09:38:00
00QPh00000hQG3ZMAW,2026-01-08 17:45:00
00QPh00000hQNbLMAW,2026-01-08 18:30:00
00QPh00000hQPtFMAW,2026-01-09 13:04:00
00QPh00000hQT8rMAG,2026-01-08 18:28:00
00QPh00000hQlQjMAK,2026-01-09 09:17:00
00QPh00000hQliUMAS,2026-01-13 16:33:00
00QPh00000hQvJeMAK,2026-02-04 17:19:00
00QPh00000hQxIDMA0,2026-01-11 08:54:00
00QPh00000hR318MAC,2026-01-15 11:38:00
00QPh00000hRC7bMAG,2025-12-04 14:22:00
00QPh00000hRF5RMAW,2026-01-13 16:21:00
00QPh00000hRV3lMAG,2026-01-09 15:33:00
00QPh00000hRYg1MAG,2026-01-12 16:58:00
00QPh00000hRc3dMAC,2026-01-09 09:09:00
00QPh00000hRfZPMA0,2026-01-09 14:37:00
00QPh00000hRgQcMAK,2026-01-09 11:00:00
00QPh00000hRgSDMA0,2026-01-09 11:04:00
00QPh00000hS13dMAC,2026-01-14 12:14:00
00QPh00000hSENSMA4,2026-01-09 09:10:00
00QPh00000hSXbOMAW,2026-01-12 09:59:00
00QPh00000hSa30MAC,2026-01-09 09:27:00
00QPh00000hSdAXMA0,2026-01-09 11:43:00
00QPh00000hSf5uMAC,2026-01-09 10:00:00
00QPh00000hSi0YMAS,2026-01-09 12:37:00
00QPh00000hSjRFMA0,2026-01-10 10:51:00
00QPh00000hSpemMAC,2026-01-13 12:43:00
00QPh00000hStDiMAK,2026-01-09 10:57:00
00QPh00000hSzr1MAC,2026-01-09 10:07:00
00QPh00000hT4vYMAS,2026-01-09 09:50:00
00QPh00000hT7zrMAC,2026-01-09 13:35:00
00QPh00000hTA9jMAG,2026-01-09 10:14:00
00QPh00000hTDSZMA4,2026-01-09 10:19:00
00QPh00000hTDZ3MAO,2026-01-09 13:04:00
00QPh00000hTEA7MAO,2026-01-09 10:56:00
00QPh00000hTKQoMAO,2026-01-09 11:01:00
00QPh00000hTOHWMA4,2026-01-09 10:10:00
00QPh00000hTSRZMA4,2026-01-09 10:16:00
00QPh00000hTWerMAG,2026-02-09 15:43:00
00QPh00000hTZJOMA4,2026-01-09 10:34:00
00QPh00000hTa8zMAC,2026-01-09 12:31:00
00QPh00000hTeEGMA0,2026-01-09 11:52:00
00QPh00000hTjSPMA0,2026-01-11 11:00:00
00QPh00000hTq8wMAC,2026-01-09 12:02:00
00QPh00000hTrjKMAS,2026-01-09 15:09:00
00QPh00000hTsaXMAS,2026-01-09 11:13:00
00QPh00000hTvdFMAS,2026-01-09 11:20:00
00QPh00000hU8FWMA0,2026-01-09 15:25:00
00QPh00000hU9OTMA0,2026-01-09 11:54:00
00QPh00000hUDQTMA4,2026-01-10 10:56:00
00QPh00000hUKDTMA4,2026-01-09 13:46:00
00QPh00000hUKwdMAG,2026-01-09 13:06:00
00QPh00000hUNsrMAG,2026-01-12 10:01:00
00QPh00000hURy9MAG,2026-01-09 14:30:00
00QPh00000hUaLTMA0,2026-01-09 13:50:00
00QPh00000hUfjMMAS,2026-01-09 14:54:00
00QPh00000hUocwMAC,2026-01-09 14:22:00
00QPh00000hUuX3MAK,2026-01-09 13:39:00
00QPh00000hUuyTMAS,2026-01-09 13:40:00
00QPh00000hV3KDMA0,2026-01-12 16:17:00
00QPh00000hV4hhMAC,2026-02-05 10:25:00
00QPh00000hVBjBMAW,2026-01-09 14:00:00
00QPh00000hVCtlMAG,2026-01-09 14:07:00
00QPh00000hVGe3MAG,2026-01-14 17:09:00
00QPh00000hVH73MAG,2026-01-11 15:39:00
00QPh00000hVHztMAG,2025-11-24 08:38:00
00QPh00000hVKxlMAG,2026-01-09 14:38:00
00QPh00000hVM0HMAW,2026-01-09 14:41:00
00QPh00000hVMgDMAW,2026-01-09 14:44:00
00QPh00000hVYZKMA4,2026-01-09 15:55:00
00QPh00000hVeLNMA0,2026-01-12 17:20:00
00QPh00000hVoEHMA0,2026-01-11 14:16:00
00QPh00000hVwyEMAS,2026-01-10 12:23:00
00QPh00000hW5dKMAS,2026-01-10 14:27:00
00QPh00000hWLVBMA4,2026-01-12 14:11:00
00QPh00000hWcasMAC,2026-01-12 10:07:00
00QPh00000hWddNMAS,2026-01-10 10:05:00
00QPh00000hWeWDMA0,2026-01-10 09:28:00
00QPh00000hWgWTMA0,2026-01-15 11:29:00
00QPh00000hWhSUMA0,2026-01-10 08:50:00
00QPh00000hWiWdMAK,2026-01-13 09:51:00
00QPh00000hWkyDMAS,2026-01-12 09:59:00
00QPh00000hWs7mMAC,2026-01-10 10:00:00
00QPh00000hWsW6MAK,2026-01-10 12:01:00
00QPh00000hWvglMAC,2026-01-10 13:57:00
00QPh00000hWw89MAC,2026-01-14 09:35:00
00QPh00000hXBS9MAO,2026-01-10 10:00:00
00QPh00000hXFSXMA4,2026-01-10 10:08:00
00QPh00000hXItRMAW,2026-01-12 12:04:00
00QPh00000hXjX3MAK,2026-01-10 08:42:00
00QPh00000hXvtEMAS,2026-01-10 10:36:00
00QPh00000hXwVxMAK,2026-01-10 09:17:00
00QPh00000hXz42MAC,2026-01-10 11:00:00
00QPh00000hY2D7MAK,2026-01-10 08:31:00
00QPh00000hY2l0MAC,2026-01-10 09:11:00
00QPh00000hYCdtMAG,2026-01-10 09:31:00
00QPh00000hYHDlMAO,2026-01-27 09:32:00
00QPh00000hYQfGMAW,2026-01-10 10:50:00
00QPh00000hYReYMAW,2026-01-11 09:13:00
00QPh00000hYRzVMAW,2026-01-11 09:19:00
00QPh00000hYTWfMAO,2026-02-09 11:36:00
00QPh00000hYW6OMAW,2026-01-10 12:11:00
00QPh00000hYWEPMA4,2026-01-16 15:34:00
00QPh00000hYgvJMAS,2026-01-10 11:57:00
00QPh00000hYiDyMAK,2026-01-10 12:49:00
00QPh00000hYmUUMA0,2026-01-10 15:50:00
00QPh00000hYsIDMA0,2026-01-10 15:30:00
00QPh00000hYsLOMA0,2026-01-10 12:50:00
00QPh00000hYujmMAC,2026-01-10 12:38:00
00QPh00000hYw7IMAS,2026-01-12 10:17:00
00QPh00000hYx08MAC,2026-01-10 13:22:00
00QPh00000hYygwMAC,2026-01-10 13:19:00
00QPh00000hZ6HtMAK,2026-01-13 08:57:00
00QPh00000hZBvuMAG,2026-01-10 13:41:00
00QPh00000hZDZYMA4,2026-01-12 13:21:00
00QPh00000hZLLoMAO,2026-01-10 15:35:00
00QPh00000hZNcCMAW,2026-01-10 16:35:00
00QPh00000hZPkNMAW,2026-01-10 14:29:00
00QPh00000hZSFFMA4,2026-01-10 15:26:00
00QPh00000hZXJhMAO,2026-01-10 14:52:00
00QPh00000hZibjMAC,2026-01-11 08:57:00
00QPh00000hZjhSMAS,2026-01-14 13:16:00
00QPh00000hZlxoMAC,2026-02-04 17:26:00
00QPh00000hZnbPMAS,2026-01-10 16:08:00
00QPh00000ha5A6MAI,2026-01-12 14:19:00
00QPh00000haD9IMAU,2026-01-11 12:12:00
00QPh00000haHMXMA2,2026-01-11 12:01:00
00QPh00000haHO9MAM,2026-01-12 16:22:00
00QPh00000haO4gMAE,2026-01-12 16:18:00
00QPh00000haPyPMAU,2026-01-13 16:30:00
00QPh00000haYSEMA2,2026-01-11 15:48:00
00QPh00000hauULMAY,2026-01-13 14:25:00
00QPh00000hauqvMAA,2026-01-11 11:50:00
00QPh00000havJyMAI,2026-01-11 11:52:00
00QPh00000hb9bRMAQ,2026-01-11 08:41:00
00QPh00000hbNZdMAM,2026-01-12 14:15:00
00QPh00000hbPEoMAM,2026-01-11 08:31:00
00QPh00000hbQNnMAM,2026-01-11 08:38:00
00QPh00000hbRJqMAM,2026-01-12 15:23:00
00QPh00000hbUUcMAM,2026-01-12 08:48:00
00QPh00000hbWkvMAE,2026-01-11 08:37:00
00QPh00000hbdeLMAQ,2026-01-11 10:05:00
00QPh00000hbe2XMAQ,2026-01-11 09:52:00
00QPh00000hbfmbMAA,2026-01-11 13:23:00
00QPh00000hbhOdMAI,2026-01-15 10:34:00
00QPh00000hbicQMAQ,2026-01-12 09:15:00
00QPh00000hbk4nMAA,2026-01-11 13:19:00
00QPh00000hbl8rMAA,2026-01-12 12:32:00
00QPh00000hbn7SMAQ,2026-01-11 11:35:00
00QPh00000hbohqMAA,2026-01-12 09:10:00
00QPh00000hbqJpMAI,2026-01-14 15:48:00
00QPh00000hbrmBMAQ,2026-01-11 14:02:00
00QPh00000hbypFMAQ,2026-01-11 12:54:00
00QPh00000hbz0XMAQ,2026-01-12 15:43:00
00QPh00000hbzq9MAA,2026-01-11 13:02:00
00QPh00000hc2jCMAQ,2026-01-11 13:52:00
00QPh00000hc4UrMAI,2026-01-11 13:39:00
00QPh00000hc6mrMAA,2026-01-12 12:13:00
00QPh00000hcAC5MAM,2026-01-12 12:49:00
00QPh00000hcFa0MAE,2026-01-11 14:39:00
00QPh00000hcH0iMAE,2026-01-12 09:07:00
00QPh00000hcICsMAM,2026-01-12 09:55:00
00QPh00000hcIJKMA2,2026-01-12 11:02:00
00QPh00000hcJVWMA2,2026-01-11 15:57:00
00QPh00000hcPO1MAM,2026-01-12 17:00:00
00QPh00000hcVDJMA2,2026-01-11 16:28:00
00QPh00000hcWvmMAE,2026-01-11 17:02:00
00QPh00000hcXztMAE,2026-01-13 12:25:00
00QPh00000hcZDiMAM,2026-01-12 11:00:00
00QPh00000hcbIkMAI,2026-01-13 14:48:00
00QPh00000hcgFBMAY,2026-01-12 11:00:00
00QPh00000hcjcsMAA,2026-01-12 12:01:00
00QPh00000hcqWHMAY,2026-01-13 12:44:00
00QPh00000hcsl0MAA,2026-01-12 09:04:00
00QPh00000hcureMAA,2026-01-13 15:50:00
00QPh00000hd1BaMAI,2026-01-12 12:00:00
00QPh00000hd3dCMAQ,2026-01-12 11:00:00
00QPh00000hd3i1MAA,2026-01-12 09:25:00
00QPh00000hdAV0MAM,2026-01-12 10:30:00
00QPh00000hdG5lMAE,2026-01-12 16:15:00
00QPh00000hdPvRMAU,2026-01-12 09:04:00
00QPh00000hdUDZMA2,2026-01-12 11:01:00
00QPh00000hdVBFMA2,2026-01-12 09:02:00
00QPh00000hda1FMAQ,2026-01-14 15:45:00
00QPh00000he5t3MAA,2026-01-14 14:14:00
00QPh00000heD11MAE,2026-01-27 10:26:00
00QPh00000heIThMAM,2026-01-12 08:46:00
00QPh00000heMdnMAE,2026-01-12 09:19:00
00QPh00000heNOZMA2,2026-01-12 09:58:00
00QPh00000heVQwMAM,2026-01-14 15:53:00
00QPh00000heWwTMAU,2026-01-12 09:15:00
00QPh00000heXMHMA2,2026-01-15 10:42:00
00QPh00000heYJxMAM,2026-01-12 14:00:00
00QPh00000heaC5MAI,2026-01-12 09:05:00
00QPh00000hedTJMAY,2026-01-12 15:41:00
00QPh00000heikjMAA,2026-01-12 09:57:00
00QPh00000heqWzMAI,2026-01-13 09:09:00
00QPh00000herJNMAY,2026-01-12 09:55:00
00QPh00000herknMAA,2026-01-12 09:56:00
00QPh00000heyKuMAI,2026-01-12 12:24:00
00QPh00000heyj4MAA,2026-01-13 14:39:00
00QPh00000hfBmjMAE,2026-01-12 13:50:00
00QPh00000hfCdxMAE,2026-02-10 16:16:00
00QPh00000hfDBpMAM,2026-01-16 10:53:00
00QPh00000hfDjhMAE,2026-01-13 12:46:00
00QPh00000hfOdWMAU,2026-01-12 11:31:00
00QPh00000hfSCVMA2,2026-01-12 14:51:00
00QPh00000hfTIFMA2,2026-01-12 17:08:00
00QPh00000hfWUbMAM,2026-01-13 13:15:00
00QPh00000hfYmZMAU,2026-01-12 13:12:00
00QPh00000hfb9JMAQ,2026-01-13 08:42:00
00QPh00000hfcmxMAA,2026-01-12 13:15:00
00QPh00000hfjZuMAI,2026-01-13 18:47:00
00QPh00000hfjbVMAQ,2026-01-12 13:00:00
00QPh00000hfkqzMAA,2026-01-12 13:19:00
00QPh00000hfmCoMAI,2026-01-30 14:11:00
00QPh00000hfnIYMAY,2026-01-12 13:22:00
00QPh00000hfomUMAQ,2026-01-12 12:58:00
00QPh00000hftUPMAY,2026-01-14 12:26:00
00QPh00000hfudOMAQ,2026-01-12 13:36:00
00QPh00000hfuyLMAQ,2026-01-12 12:38:00
00QPh00000hg0Z7MAI,2026-01-12 12:53:00
00QPh00000hg5XBMAY,2026-01-12 13:22:00
00QPh00000hg5YoMAI,2026-01-12 13:15:00
00QPh00000hg821MAA,2026-01-12 13:11:00
00QPh00000hg9vlMAA,2026-01-12 13:17:00
00QPh00000hgIKlMAM,2026-01-12 15:01:00
00QPh00000hgKkjMAE,2026-01-12 13:44:00
00QPh00000hgLqTMAU,2026-01-12 13:46:00
00QPh00000hgOtBMAU,2026-01-12 17:00:00
00QPh00000hgP2rMAE,2026-01-12 13:51:00
00QPh00000hgPajMAE,2026-01-12 13:52:00
00QPh00000hgVTFMA2,2026-01-12 13:59:00
00QPh00000hgWM5MAM,2025-12-05 13:37:00
00QPh00000hgX23MAE,2026-01-13 12:18:00
00QPh00000hgXEvMAM,2026-01-12 14:02:00
00QPh00000hgacdMAA,2026-01-12 15:05:00
00QPh00000hgf4QMAQ,2026-01-12 14:41:00
00QPh00000hgjb4MAA,2026-01-12 14:30:00
00QPh00000hgjuPMAQ,2026-01-12 14:14:00
00QPh00000hgmsIMAQ,2026-01-12 15:11:00
00QPh00000hgn5CMAQ,2026-01-12 14:57:00
00QPh00000hgpF4MAI,2026-01-12 14:24:00
00QPh00000hgpIIMAY,2026-01-12 14:22:00
00QPh00000hgqsgMAA,2026-01-12 16:36:00
00QPh00000hgx1JMAQ,2026-01-12 15:41:00
00QPh00000hgxCbMAI,2026-01-12 14:46:00
00QPh00000hgy7HMAQ,2026-01-13 09:06:00
00QPh00000hgzr9MAA,2026-02-04 14:25:00
00QPh00000hh0ooMAA,2026-01-12 17:07:00
00QPh00000hh1MhMAI,2026-01-12 15:30:00
00QPh00000hh2SSMAY,2026-01-12 15:40:00
00QPh00000hh8O9MAI,2026-01-12 15:20:00
00QPh00000hhCI5MAM,2026-01-12 15:31:00
00QPh00000hhM4YMAU,2026-01-12 16:23:00
00QPh00000hhPtfMAE,2026-01-13 17:33:00
00QPh00000hhUenMAE,2026-01-12 16:21:00
00QPh00000hhUeoMAE,2026-01-12 16:22:00
00QPh00000hhUq6MAE,2026-01-12 16:53:00
00QPh00000hhW0iMAE,2026-01-12 18:27:00
00QPh00000hhXrBMAU,2026-01-12 16:30:00
00QPh00000hhZkwMAE,2026-01-12 16:40:00
00QPh00000hhbd4MAA,2026-01-13 12:19:00
00QPh00000hhe6IMAQ,2026-01-12 18:09:00
00QPh00000hhg01MAA,2026-01-12 16:54:00
00QPh00000hhg85MAA,2026-01-12 16:54:00
00QPh00000hhhovMAA,2026-01-12 18:06:00
00QPh00000hhjihMAA,2026-01-13 12:05:00
00QPh00000hhlXZMAY,2026-01-12 17:09:00
00QPh00000hhnSvMAI,2026-01-12 17:15:00
00QPh00000hhsxFMAQ,2026-01-12 17:32:00
00QPh00000hhxLpMAI,2026-01-12 17:46:00
00QPh00000hi2lKMAQ,2025-12-09 08:42:00
00QPh00000hi7Y5MAI,2026-01-16 11:58:00
00QPh00000hiASjMAM,2026-01-13 08:45:00
00QPh00000hiF7RMAU,2026-01-13 15:11:00
00QPh00000hiG9yMAE,2026-01-13 15:02:00
00QPh00000hiJasMAE,2026-01-28 11:57:00
00QPh00000hiMgoMAE,2026-01-13 08:38:00
00QPh00000hiNEfMAM,2026-01-13 08:31:00
00QPh00000hiQ9JMAU,2026-01-13 08:31:00
00QPh00000hiQ9KMAU,2026-01-13 13:44:00
00QPh00000hiWl0MAE,2026-01-13 09:03:00
00QPh00000hiX17MAE,2026-01-13 08:33:00
00QPh00000hiXE3MAM,2026-01-13 10:00:00
00QPh00000higcIMAQ,2026-01-13 16:49:00
00QPh00000hijgbMAA,2026-01-13 14:35:00
00QPh00000hioefMAA,2026-01-14 16:07:00
00QPh00000hisS9MAI,2026-01-13 11:41:00
00QPh00000hitb8MAA,2026-01-13 12:09:00
00QPh00000hix5FMAQ,2026-01-13 09:37:00
00QPh00000hj4l3MAA,2026-01-13 11:01:00
00QPh00000hj5nZMAQ,2026-01-13 09:02:00
00QPh00000hj65LMAQ,2026-01-13 10:35:00
00QPh00000hjC13MAE,2026-01-14 17:38:00
00QPh00000hjMjaMAE,2026-01-13 15:57:00
00QPh00000hjPXnMAM,2026-01-13 09:32:00
00QPh00000hjUVqMAM,2026-01-13 09:03:00
00QPh00000hjb7XMAQ,2026-01-18 15:01:00
00QPh00000hjknZMAQ,2026-01-15 17:01:00
00QPh00000hjvPaMAI,2026-01-13 08:37:00
00QPh00000hjy5hMAA,2026-01-13 09:01:00
00QPh00000hk75oMAA,2026-01-13 08:59:00
00QPh00000hk7grMAA,2026-01-13 09:05:00
00QPh00000hkFhfMAE,2026-01-13 14:16:00
00QPh00000hkLruMAE,2026-01-13 10:50:00
00QPh00000hkMMaMAM,2026-01-13 10:05:00
00QPh00000hkSWnMAM,2026-01-13 09:17:00
00QPh00000hkYxBMAU,2026-01-13 09:39:00
00QPh00000hkZA5MAM,2026-01-13 09:39:00
00QPh00000hkbNEMAY,2026-01-13 10:14:00
00QPh00000hkdLmMAI,2026-01-15 11:42:00
00QPh00000hkpYDMAY,2026-01-13 10:25:00
00QPh00000hks6JMAQ,2026-01-13 11:47:00
00QPh00000hkvTxMAI,2026-01-13 10:42:00
00QPh00000hkxHGMAY,2026-01-13 15:33:00
00QPh00000hkxUAMAY,2026-01-13 11:06:00
00QPh00000hkze3MAA,2026-01-16 11:28:00
00QPh00000hl0BuMAI,2026-01-13 11:42:00
00QPh00000hl0LZMAY,2026-02-12 15:09:00
00QPh00000hl0jlMAA,2026-02-04 13:37:00
00QPh00000hl2qQMAQ,2026-01-13 12:05:00
00QPh00000hl3zQMAQ,2025-11-20 13:17:00
00QPh00000hl4dhMAA,2026-01-13 11:07:00
00QPh00000hl5Q5MAI,2026-01-14 09:13:00
00QPh00000hl5hrMAA,2026-02-02 15:41:00
00QPh00000hl9jpMAA,2026-01-13 11:20:00
00QPh00000hlBtiMAE,2026-01-13 11:33:00
00QPh00000hlCGIMA2,2026-01-13 16:06:00
00QPh00000hlEGUMA2,2026-01-13 12:00:00
00QPh00000hlEunMAE,2026-01-13 15:02:00
00QPh00000hlLwIMAU,2026-01-13 15:34:00
00QPh00000hlO7oMAE,2026-01-20 11:37:00
00QPh00000hlOAzMAM,2026-01-13 11:55:00
00QPh00000hlQUXMA2,2026-01-13 15:24:00
00QPh00000hlX7pMAE,2026-01-16 10:00:00
00QPh00000hlc99MAA,2026-01-13 14:45:00
00QPh00000hlgz7MAA,2026-01-13 12:42:00
00QPh00000hli3GMAQ,2026-01-14 13:57:00
00QPh00000hlmfiMAA,2026-01-13 13:27:00
00QPh00000hlnB2MAI,2026-01-29 09:08:00
00QPh00000hlrheMAA,2026-01-13 13:28:00
00QPh00000hlrxlMAA,2026-01-13 13:07:00
00QPh00000hlusRMAQ,2026-01-13 13:31:00
00QPh00000hm21xMAA,2026-01-13 13:30:00
00QPh00000hm37kMAA,2026-01-13 13:58:00
00QPh00000hmDrrMAE,2026-01-13 13:42:00
00QPh00000hmE9aMAE,2026-01-13 13:46:00
00QPh00000hmFs4MAE,2026-01-13 15:50:00
00QPh00000hmHLyMAM,2026-01-13 14:08:00
00QPh00000hmJsSMAU,2026-01-14 09:58:00
00QPh00000hmKYLMA2,2026-01-13 13:43:00
00QPh00000hmMOtMAM,2026-01-13 14:45:00
00QPh00000hmPkvMAE,2026-01-14 15:58:00
00QPh00000hmRBdMAM,2026-01-13 13:57:00
00QPh00000hmSalMAE,2026-01-27 15:07:00
00QPh00000hmVtZMAU,2026-01-13 14:14:00
00QPh00000hmYOPMA2,2026-01-13 14:27:00
00QPh00000hmglmMAA,2026-01-14 09:08:00
00QPh00000hmj5JMAQ,2026-01-13 14:52:00
00QPh00000hmjEzMAI,2026-01-14 12:37:00
00QPh00000hmmfuMAA,2026-01-13 16:02:00
00QPh00000hmq1yMAA,2026-01-13 15:26:00
00QPh00000hmsdFMAQ,2026-01-13 15:18:00
00QPh00000hmvL0MAI,2026-01-14 15:10:00
00QPh00000hmx1pMAA,2026-01-13 15:31:00
00QPh00000hmzmnMAA,2026-01-13 15:37:00
00QPh00000hn1a6MAA,2026-02-04 16:14:00
00QPh00000hn2G1MAI,2026-01-14 09:03:00
00QPh00000hn3aHMAQ,2026-01-13 16:09:00
00QPh00000hn3vFMAQ,2026-01-13 15:46:00
00QPh00000hnAK1MAM,2026-01-13 16:04:00
00QPh00000hnAOsMAM,2026-01-13 16:29:00
00QPh00000hnCqVMAU,2026-01-13 17:31:00
00QPh00000hnDGHMA2,2026-01-13 16:12:00
00QPh00000hnEaXMAU,2026-01-13 16:15:00
00QPh00000hnFBfMAM,2026-01-13 18:03:00
00QPh00000hnFYDMA2,2026-01-16 15:50:00
00QPh00000hnIPdMAM,2026-01-13 16:25:00
00QPh00000hnKZVMA2,2026-01-14 10:01:00
00QPh00000hnMjOMAU,2026-01-13 18:03:00
00QPh00000hnN5yMAE,2026-02-06 11:31:00
00QPh00000hnYarMAE,2026-01-13 17:15:00
00QPh00000hnZK1MAM,2026-01-13 17:16:00
00QPh00000hncjJMAQ,2026-01-13 17:28:00
00QPh00000hnfu5MAA,2026-01-13 17:39:00
00QPh00000hnhhNMAQ,2026-01-13 17:45:00
00QPh00000hnjWIMAY,2026-01-13 18:44:00
00QPh00000hnkCDMAY,2026-01-13 17:53:00
00QPh00000hnqMTMAY,2026-01-13 18:17:00
00QPh00000hnsjFMAQ,2026-01-13 18:29:00
00QPh00000hntfKMAQ,2026-01-14 11:38:00
00QPh00000hnuOTMAY,2026-01-27 12:40:00
00QPh00000hnxFtMAI,2026-01-13 18:51:00
00QPh00000hnzeKMAQ,2026-01-14 11:41:00
00QPh00000ho30LMAQ,2026-01-14 15:32:00
00QPh00000ho53lMAA,2026-01-14 15:30:00
00QPh00000ho6nsMAA,2026-01-14 11:40:00
00QPh00000ho77EMAQ,2026-01-16 09:56:00
00QPh00000ho7ghMAA,2026-01-14 16:36:00
00QPh00000ho9AbMAI,2026-01-16 15:37:00
00QPh00000hoAppMAE,2026-01-14 15:48:00
00QPh00000hoAxuMAE,2026-01-15 10:52:00
00QPh00000hoE2DMAU,2026-01-15 15:54:00
00QPh00000hoEn1MAE,2026-01-20 14:30:00
00QPh00000hoGVTMA2,2026-01-14 09:07:00
00QPh00000hoGoqMAE,2026-01-14 10:03:00
00QPh00000hoJRhMAM,2026-01-15 09:20:00
00QPh00000hoKpCMAU,2026-01-15 10:50:00
00QPh00000hoLoUMAU,2026-01-15 18:49:00
00QPh00000hoNIPMA2,2026-01-14 08:30:00
00QPh00000hoPKEMA2,2026-01-14 08:36:00
00QPh00000hoSQ9MAM,2026-01-20 11:18:00
00QPh00000hoZg9MAE,2026-01-16 11:39:00
00QPh00000hodOnMAI,2026-01-14 11:45:00
00QPh00000hog4xMAA,2026-01-23 10:58:00
00QPh00000hoguXMAQ,2026-01-15 10:25:00
00QPh00000hohYrMAI,2026-01-15 09:02:00
00QPh00000hoj1BMAQ,2026-01-14 12:10:00
00QPh00000hoyJZMAY,2026-01-16 10:52:00
00QPh00000hp0BhMAI,2026-01-14 13:21:00
00QPh00000hp0BjMAI,2026-01-14 11:42:00
00QPh00000hp7ZlMAI,2026-01-14 09:14:00
00QPh00000hp8FhMAI,2026-01-14 08:34:00
00QPh00000hpCXqMAM,2026-01-14 13:05:00
00QPh00000hpN9uMAE,2026-01-14 11:45:00
00QPh00000hpOCQMA2,2026-01-14 12:07:00
00QPh00000hpP6sMAE,2026-01-05 08:34:00
00QPh00000hpPYrMAM,2026-01-14 11:59:00
00QPh00000hpYQJMA2,2026-01-14 09:01:00
00QPh00000hpfgJMAQ,2026-01-14 10:05:00
00QPh00000hpjvCMAQ,2026-01-14 09:11:00
00QPh00000hpmjOMAQ,2026-01-14 09:03:00
00QPh00000hppEDMAY,2025-12-11 10:53:00
00QPh00000hppcQMAQ,2026-01-14 08:35:00
00QPh00000hppxNMAQ,2026-01-14 12:02:00
00QPh00000hpreGMAQ,2026-01-14 10:02:00
00QPh00000hpv6jMAA,2026-01-15 08:59:00
00QPh00000hpvhqMAA,2026-01-14 09:49:00
00QPh00000hq3ViMAI,2026-01-14 09:01:00
00QPh00000hq74gMAA,2026-01-14 09:35:00
00QPh00000hq7XhMAI,2026-01-21 15:11:00
00QPh00000hq8n9MAA,2026-01-02 11:43:00
00QPh00000hq9eLMAQ,2026-01-14 09:07:00
00QPh00000hq9uWMAQ,2026-01-14 11:41:00
00QPh00000hqDlBMAU,2026-01-14 10:44:00
00QPh00000hqKl4MAE,2026-01-20 15:17:00
00QPh00000hqNivMAE,2026-01-14 12:55:00
00QPh00000hqQLrMAM,2026-01-14 11:01:00
00QPh00000hqQyZMAU,2025-11-13 09:33:00
00QPh00000hqReXMAU,2026-01-30 11:30:00
00QPh00000hqWXhMAM,2026-01-14 10:14:00
00QPh00000hqWXiMAM,2026-01-14 13:16:00
00QPh00000hqaLCMAY,2026-01-26 15:44:00
00QPh00000hqdFqMAI,2026-01-14 10:44:00
00QPh00000hqjGPMAY,2026-01-14 10:47:00
00QPh00000hqnaAMAQ,2026-01-14 15:20:00
00QPh00000hqpwxMAA,2026-01-14 12:13:00
00QPh00000hqpyXMAQ,2026-01-15 10:15:00
00QPh00000hqqplMAA,2026-02-04 16:37:00
00QPh00000hr0Z0MAI,2026-01-14 13:06:00
00QPh00000hr5vHMAQ,2026-01-20 11:27:00
00QPh00000hr9CTMAY,2026-01-14 14:59:00
00QPh00000hrDJJMA2,2026-01-14 13:26:00
00QPh00000hrLf3MAE,2026-01-14 12:20:00
00QPh00000hrRMHMA2,2026-01-14 12:35:00
00QPh00000hrSILMA2,2026-01-14 12:37:00
00QPh00000hrU43MAE,2026-01-15 09:37:00
00QPh00000hrY9FMAU,2026-01-14 16:06:00
00QPh00000hrm8zMAA,2026-01-14 13:29:00
00QPh00000hrmNVMAY,2026-01-14 13:34:00
00QPh00000hrnGLMAY,2026-01-14 13:31:00
00QPh00000hrnI0MAI,2026-01-14 14:35:00
00QPh00000hroHFMAY,2026-01-14 16:43:00
00QPh00000hrvgyMAA,2026-01-14 16:12:00
00QPh00000hryN5MAI,2026-01-22 10:30:00
00QPh00000hs0ezMAA,2026-01-14 13:51:00
00QPh00000hs25jMAA,2026-02-02 10:20:00
00QPh00000hs8axMAA,2026-01-14 14:00:00
00QPh00000hsCugMAE,2026-01-15 11:58:00
00QPh00000hsGewMAE,2026-01-14 15:20:00
00QPh00000hsI0oMAE,2026-01-14 14:33:00
00QPh00000hsKVeMAM,2026-01-15 11:13:00
00QPh00000hsMAuMAM,2026-01-14 16:47:00
00QPh00000hsMCYMA2,2026-01-14 15:56:00
00QPh00000hsMkLMAU,2026-01-14 14:27:00
00QPh00000hsPS5MAM,2026-01-16 15:28:00
00QPh00000hsQb5MAE,2026-01-14 15:14:00
00QPh00000hsRKEMA2,2026-01-14 15:01:00
00QPh00000hsVECMA2,2026-01-15 16:42:00
00QPh00000hsWJtMAM,2026-01-14 14:58:00
00QPh00000hsXr3MAE,2026-01-14 15:04:00
00QPh00000hscabMAA,2026-01-14 15:16:00
00QPh00000hsiXxMAI,2026-01-14 15:31:00
00QPh00000hslSbMAI,2026-01-16 10:31:00
00QPh00000hsqlfMAA,2026-02-05 14:58:00
00QPh00000hsrMkMAI,2026-01-14 16:02:00
00QPh00000hsrhiMAA,2026-01-14 16:17:00
00QPh00000hsvRyMAI,2026-01-14 16:41:00
00QPh00000hsz5lMAA,2026-01-14 16:21:00
00QPh00000ht7w9MAA,2026-01-16 10:34:00
00QPh00000htBtJMAU,2026-01-15 08:58:00
00QPh00000htC4bMAE,2026-01-14 16:58:00
00QPh00000htCCfMAM,2026-01-14 17:22:00
00QPh00000htDv7MAE,2026-01-14 17:05:00
00QPh00000htEmLMAU,2026-01-14 17:07:00
00QPh00000htLfmMAE,2026-01-22 16:20:00
00QPh00000htOybMAE,2026-01-18 08:51:00
00QPh00000htSZEMA2,2026-01-15 08:40:00
00QPh00000htUJFMA2,2026-01-14 17:58:00
00QPh00000htWXyMAM,2026-01-23 15:39:00
00QPh00000htWePMAU,2026-01-15 13:43:00
00QPh00000htXLzMAM,2026-01-15 15:29:00
00QPh00000htctVMAQ,2026-01-14 18:41:00
00QPh00000htfwDMAQ,2026-01-14 18:46:00
00QPh00000hthQ9MAI,2026-01-16 14:00:00
00QPh00000htkRFMAY,2025-12-11 18:33:00
00QPh00000htrXZMAY,2026-01-22 10:24:00
00QPh00000httG1MAI,2026-01-15 17:30:00
00QPh00000httvyMAA,2026-01-15 08:42:00
00QPh00000htu8rMAA,2026-01-15 13:08:00
00QPh00000htuLmMAI,2026-02-03 10:14:00
00QPh00000htvT8MAI,2026-01-15 10:01:00
00QPh00000htvUlMAI,2026-01-15 09:10:00
00QPh00000htvXyMAI,2026-01-15 08:55:00
00QPh00000htwLyMAI,2026-01-16 13:45:00
00QPh00000htxBbMAI,2026-01-15 09:28:00
00QPh00000htyE7MAI,2026-01-15 10:22:00
00QPh00000htyNnMAI,2026-01-15 08:37:00
00QPh00000htyXRMAY,2026-01-15 09:00:00
00QPh00000hu0W1MAI,2026-01-15 08:51:00
00QPh00000hu3k2MAA,2026-01-15 08:43:00
00QPh00000hu3s5MAA,2026-01-16 14:34:00
00QPh00000hu4bHMAQ,2026-01-15 08:30:00
00QPh00000huAvCMAU,2026-01-15 10:30:00
00QPh00000huDGNMA2,2026-01-21 12:04:00
00QPh00000huDUvMAM,2026-01-16 10:23:00
00QPh00000huGUNMA2,2026-01-15 09:06:00
00QPh00000huHv4MAE,2026-01-16 14:44:00
00QPh00000huIPkMAM,2026-01-26 12:15:00
00QPh00000huK4xMAE,2026-01-15 09:21:00
00QPh00000huNPOMA2,2026-01-16 14:14:00
00QPh00000huP9UMAU,2026-01-15 09:11:00
00QPh00000huRUdMAM,2026-01-15 10:00:00
00QPh00000huV8PMAU,2026-01-15 18:30:00
00QPh00000hubaTMAQ,2026-01-22 13:04:00
00QPh00000hubgrMAA,2026-01-15 14:29:00
00QPh00000hucufMAA,2026-01-15 11:01:00
00QPh00000hue8TMAQ,2026-01-15 11:42:00
00QPh00000hufFuMAI,2026-01-15 14:00:00
00QPh00000hugDVMAY,2026-01-15 09:32:00
00QPh00000huxJCMAY,2026-01-15 09:09:00
00QPh00000hv22oMAA,2026-01-15 12:05:00
00QPh00000hv3oQMAQ,2026-01-20 13:09:00
00QPh00000hvDHXMA2,2026-01-15 12:26:00
00QPh00000hvTHWMA2,2026-01-16 10:25:00
00QPh00000hvjMGMAY,2026-01-26 15:36:00
00QPh00000hvjvjMAA,2026-01-15 09:53:00
00QPh00000hvlhVMAQ,2026-01-15 11:26:00
00QPh00000hvuKtMAI,2026-01-22 14:13:00
00QPh00000hvvouMAA,2026-01-15 15:00:00
00QPh00000hw4iTMAQ,2026-01-15 13:15:00
00QPh00000hw89LMAQ,2026-01-15 11:50:00
00QPh00000hwPV7MAM,2026-01-15 08:58:00
00QPh00000hwR5VMAU,2026-01-15 09:03:00
00QPh00000hwRFBMA2,2026-01-15 09:03:00
00QPh00000hwTs7MAE,2026-01-15 09:22:00
00QPh00000hwdRgMAI,2026-01-15 10:15:00
00QPh00000hwfTTMAY,2026-01-15 10:51:00
00QPh00000hwfejMAA,2026-02-06 14:30:00
00QPh00000hwhodMAA,2026-01-26 11:28:00
00QPh00000hwicbMAA,2026-01-15 09:55:00
00QPh00000hwkeRMAQ,2026-01-15 11:04:00
00QPh00000hwko8MAA,2026-01-15 13:41:00
00QPh00000hwkswMAA,2026-01-22 12:33:00
00QPh00000hwkznMAA,2026-01-15 14:53:00
00QPh00000hwlCHMAY,2026-01-15 14:48:00
00QPh00000hwpHsMAI,2026-01-21 17:08:00
00QPh00000hwsovMAA,2026-01-15 11:59:00
00QPh00000hwwVzMAI,2026-01-26 16:54:00
00QPh00000hwwalMAA,2026-01-30 10:52:00
00QPh00000hwyz7MAA,2026-01-15 10:31:00
00QPh00000hwzDdMAI,2026-01-28 09:51:00
00QPh00000hx3HIMAY,2026-01-15 11:20:00
00QPh00000hx3R1MAI,2026-01-15 13:10:00
00QPh00000hxASPMA2,2026-01-15 10:55:00
00QPh00000hxAnRMAU,2026-01-15 11:08:00
00QPh00000hxAvRMAU,2026-01-16 09:30:00
00QPh00000hxBRiMAM,2026-01-15 11:02:00
00QPh00000hxEmAMAU,2026-01-15 12:43:00
00QPh00000hxGuQMAU,2026-01-15 11:17:00
00QPh00000hxQVZMA2,2026-01-21 14:39:00
00QPh00000hxR6iMAE,2026-01-15 12:18:00
00QPh00000hxT0RMAU,2026-01-15 16:10:00
00QPh00000hxWntMAE,2026-01-15 11:33:00
00QPh00000hxXQcMAM,2026-01-15 12:10:00
00QPh00000hxeQTMAY,2026-01-15 12:30:00
00QPh00000hxervMAA,2026-01-20 15:11:00
00QPh00000hxfKwMAI,2026-02-02 10:45:00
00QPh00000hxgQfMAI,2026-01-15 11:57:00
00QPh00000hxjmkMAA,2026-01-15 12:34:00
00QPh00000hxmENMAY,2026-01-15 12:23:00
00QPh00000hxn3yMAA,2026-01-15 15:00:00
00QPh00000hxuqDMAQ,2026-01-15 16:01:00
00QPh00000hxx6XMAQ,2026-01-15 12:36:00
00QPh00000hy2ZFMAY,2026-01-15 16:01:00
00QPh00000hy2arMAA,2026-01-15 12:47:00
00QPh00000hy3dQMAQ,2026-01-26 16:44:00
00QPh00000hy5vOMAQ,2026-02-04 10:36:00
00QPh00000hy9fZMAQ,2026-01-27 10:56:00
00QPh00000hyD4sMAE,2026-01-15 13:10:00
00QPh00000hyDPrMAM,2026-01-15 13:51:00
00QPh00000hyHy6MAE,2026-01-15 14:43:00
00QPh00000hyJQPMA2,2026-01-15 13:24:00
00QPh00000hyNKNMA2,2026-01-15 15:28:00
00QPh00000hyNsDMAU,2026-01-15 13:33:00
00QPh00000hyOwLMAU,2026-01-15 13:35:00
00QPh00000hySNFMA2,2026-01-16 13:16:00
00QPh00000hyXZqMAM,2026-01-15 15:41:00
00QPh00000hybtZMAQ,2026-01-20 09:46:00
00QPh00000hychdMAA,2026-01-16 13:59:00
00QPh00000hycjDMAQ,2026-01-16 09:37:00
00QPh00000hydLxMAI,2026-02-05 11:33:00
00QPh00000hygV6MAI,2026-01-15 14:30:00
00QPh00000hyggLMAQ,2026-01-15 13:53:00
00QPh00000hyqqzMAA,2026-01-16 09:33:00
00QPh00000hyuEkMAI,2026-02-13 12:04:00
00QPh00000hyuxpMAA,2026-01-15 14:24:00
00QPh00000hyy5QMAQ,2026-01-15 16:09:00
00QPh00000hyydIMAQ,2026-01-16 09:19:00
00QPh00000hyz1SMAQ,2026-01-15 15:07:00
00QPh00000hyzELMAY,2026-01-15 17:46:00
00QPh00000hz5oQMAQ,2026-01-15 15:11:00
00QPh00000hz8SwMAI,2025-11-17 13:45:00
00QPh00000hzBFWMA2,2026-01-15 16:02:00
00QPh00000hzFkZMAU,2026-01-15 17:26:00
00QPh00000hzGruMAE,2026-01-15 15:18:00
00QPh00000hzIDnMAM,2026-01-15 16:02:00
00QPh00000hzMdzMAE,2026-01-16 11:28:00
00QPh00000hzT60MAE,2026-01-20 11:00:00
00QPh00000hzTkHMAU,2026-01-15 15:51:00
00QPh00000hzUWiMAM,2026-01-15 16:42:00
00QPh00000hzVcSMAU,2026-01-16 09:21:00
00QPh00000hzVsYMAU,2026-01-22 12:00:00
00QPh00000hzX6LMAU,2026-01-15 15:51:00
00QPh00000hzehJMAQ,2026-01-15 16:06:00
00QPh00000hzftVMAQ,2026-01-16 09:28:00
00QPh00000hznHZMAY,2026-01-16 13:04:00
00QPh00000hzo8nMAA,2026-01-16 12:26:00
00QPh00000hzoOxMAI,2026-02-03 15:42:00
00QPh00000hzoQaMAI,2026-01-20 10:46:00
00QPh00000hzoX1MAI,2026-01-17 10:40:00
00QPh00000hzq5lMAA,2026-01-15 16:31:00
00QPh00000hzrY5MAI,2026-01-15 16:34:00
00QPh00000hzxgjMAA,2026-01-16 09:42:00
00QPh00000hzy3KMAQ,2026-01-15 18:32:00
00QPh00000hzyrJMAQ,2026-01-15 16:56:00
00QPh00000hzzaTMAQ,2026-01-15 16:59:00
00QPh00000hzzfJMAQ,2026-01-15 16:59:00
00QPh00000i02ZyMAI,2026-01-15 17:40:00
00QPh00000i05fvMAA,2026-01-16 11:01:00
00QPh00000i06thMAA,2026-01-17 15:44:00
00QPh00000i07PxMAI,2026-01-18 12:00:00
00QPh00000i09tCMAQ,2026-01-20 12:22:00
00QPh00000i0E01MAE,2026-01-15 17:59:00
00QPh00000i0HE2MAM,2026-01-15 18:35:00
00QPh00000i0NzOMAU,2026-01-16 11:00:00
00QPh00000i0ROfMAM,2026-01-16 12:34:00
00QPh00000i0YWcMAM,2026-01-16 15:30:00
00QPh00000i0Zm1MAE,2026-01-16 13:00:00
00QPh00000i0cbsMAA,2026-01-16 09:32:00
00QPh00000i0elhMAA,2026-01-16 12:37:00
00QPh00000i0fLBMAY,2026-01-20 13:18:00
00QPh00000i0gNhMAI,2026-01-20 15:39:00
00QPh00000i0mhfMAA,2026-01-20 11:34:00
00QPh00000i0s8jMAA,2026-01-16 09:25:00
00QPh00000i0sThMAI,2026-01-16 09:09:00
00QPh00000i0sdNMAQ,2026-01-23 13:37:00
00QPh00000i0wnSMAQ,2026-01-16 12:33:00
00QPh00000i13grMAA,2026-01-16 09:23:00
00QPh00000i18NBMAY,2026-01-16 09:10:00
00QPh00000i19eDMAQ,2026-01-16 15:00:00
00QPh00000i1BphMAE,2026-01-16 15:00:00
00QPh00000i1ECUMA2,2026-01-21 17:18:00
00QPh00000i1KpnMAE,2026-01-16 09:10:00
00QPh00000i1WuAMAU,2026-02-02 10:31:00
00QPh00000i23jdMAA,2026-01-16 09:28:00
00QPh00000i23zlMAA,2026-02-09 09:34:00
00QPh00000i24NxMAI,2026-01-18 10:55:00
00QPh00000i25FBMAY,2026-01-16 11:18:00
00QPh00000i26HhMAI,2026-01-16 09:21:00
00QPh00000i2ABeMAM,2026-01-16 11:03:00
00QPh00000i2CesMAE,2026-01-16 09:26:00
00QPh00000i2HLCMA2,2026-01-21 11:39:00
00QPh00000i2JgMMAU,2026-01-16 09:15:00
00QPh00000i2QRjMAM,2026-01-16 10:16:00
00QPh00000i2R7dMAE,2026-01-16 09:03:00
00QPh00000i2VrDMAU,2026-01-16 10:09:00
00QPh00000i2bVBMAY,2026-01-16 09:35:00
00QPh00000i2gbKMAQ,2026-01-16 09:52:00
00QPh00000i2j7mMAA,2026-01-16 10:57:00
00QPh00000i2mLlMAI,2026-01-16 10:07:00
00QPh00000i2nXxMAI,2026-01-16 11:19:00
00QPh00000i2pujMAA,2026-01-16 10:15:00
00QPh00000i2u6QMAQ,2026-01-16 14:35:00
00QPh00000i2xCLMAY,2026-01-16 10:35:00
00QPh00000i30gVMAQ,2026-01-16 12:51:00
00QPh00000i31W5MAI,2026-02-02 17:29:00
00QPh00000i31axMAA,2026-01-16 10:56:00
00QPh00000i325aMAA,2026-02-03 15:45:00
00QPh00000i373dMAA,2026-01-16 11:15:00
00QPh00000i39AHMAY,2026-01-16 11:05:00
00QPh00000i39qDMAQ,2026-01-16 14:17:00
00QPh00000i3C3PMAU,2026-01-16 12:12:00
00QPh00000i3CT9MAM,2026-01-16 12:00:00
00QPh00000i3GoUMAU,2026-01-16 13:02:00
00QPh00000i3LoBMAU,2026-01-21 11:40:00
00QPh00000i3NjXMAU,2026-01-16 12:41:00
00QPh00000i3OfaMAE,2026-01-16 11:46:00
00QPh00000i3Q6IMAU,2026-01-21 11:22:00
00QPh00000i3ZPhMAM,2026-01-16 12:12:00
00QPh00000i3b1iMAA,2026-01-16 13:01:00
00QPh00000i3jthMAA,2026-01-16 12:39:00
00QPh00000i3m1xMAA,2026-01-20 11:29:00
00QPh00000i3nHRMAY,2026-01-16 15:42:00
00QPh00000i3ndxMAA,2026-01-21 14:51:00
00QPh00000i3nyvMAA,2026-01-16 15:50:00
00QPh00000i3tY5MAI,2026-01-16 13:57:00
00QPh00000i3vlCMAQ,2026-01-16 13:17:00
00QPh00000i3zSFMAY,2026-01-23 12:11:00
00QPh00000i41PBMAY,2026-01-16 13:27:00
00QPh00000i42oHMAQ,2026-01-16 13:31:00
00QPh00000i439GMAQ,2026-01-16 13:35:00
00QPh00000i44ABMAY,2026-01-16 14:54:00
00QPh00000i44uyMAA,2026-01-20 16:37:00
00QPh00000i49MlMAI,2026-01-16 14:17:00
00QPh00000i4FtcMAE,2026-02-03 15:11:00
00QPh00000i4IRgMAM,2026-01-16 14:13:00
00QPh00000i4IxvMAE,2026-01-16 13:51:00
00QPh00000i4OX4MAM,2026-01-16 15:02:00
00QPh00000i4TuwMAE,2026-01-27 16:28:00
00QPh00000i4dB8MAI,2026-01-21 16:39:00
00QPh00000i4eyPMAQ,2026-01-16 14:37:00
00QPh00000i4ldJMAQ,2026-01-16 15:05:00
00QPh00000i4sN4MAI,2026-01-18 12:02:00
00QPh00000i4wYjMAI,2026-01-16 15:31:00
00QPh00000i4xPxMAI,2026-01-16 15:33:00
00QPh00000i4xubMAA,2026-01-21 09:11:00
00QPh00000i4zErMAI,2026-01-16 15:38:00
00QPh00000i54PqMAI,2026-01-14 11:45:00
00QPh00000i550vMAA,2026-01-16 15:55:00
00QPh00000i59xPMAQ,2026-01-17 09:54:00
00QPh00000i5ADVMA2,2026-01-28 16:45:00
00QPh00000i5CtdMAE,2026-01-17 11:02:00
00QPh00000i5FZlMAM,2026-01-17 14:10:00
00QPh00000i5I7qMAE,2026-01-17 10:25:00
00QPh00000i5JDbMAM,2026-01-17 11:16:00
00QPh00000i5JgcMAE,2026-01-20 10:21:00
00QPh00000i5OV0MAM,2026-01-17 12:05:00
00QPh00000i5PNqMAM,2026-01-17 15:10:00
00QPh00000i5auLMAQ,2026-01-17 09:05:00
00QPh00000i5ejRMAQ,2026-01-17 12:06:00
00QPh00000i5iFCMAY,2026-02-03 11:43:00
00QPh00000i5o9JMAQ,2026-01-17 11:06:00
00QPh00000i5s86MAA,2026-01-17 10:10:00
00QPh00000i5ut3MAA,2026-01-26 16:39:00
00QPh00000i65N3MAI,2026-01-17 08:31:00
00QPh00000i67QTMAY,2026-02-03 10:56:00
00QPh00000i698xMAA,2026-01-20 12:38:00
00QPh00000i6A1mMAE,2026-01-23 10:50:00
00QPh00000i6DUHMA2,2026-02-12 13:36:00
00QPh00000i6HWIMA2,2026-02-03 10:10:00
00QPh00000i6I2XMAU,2026-01-17 09:21:00
00QPh00000i6IAcMAM,2026-01-20 12:48:00
00QPh00000i6Mu9MAE,2025-12-10 08:56:00
00QPh00000i6QL4MAM,2026-01-17 11:28:00
00QPh00000i6QsvMAE,2026-01-17 09:28:00
00QPh00000i6Qw9MAE,2026-01-29 16:14:00
00QPh00000i6St7MAE,2026-01-17 12:49:00
00QPh00000i6VNyMAM,2026-01-17 08:52:00
00QPh00000i6icvMAA,2026-01-17 09:35:00
00QPh00000i74K6MAI,2026-01-17 10:04:00
00QPh00000i78PJMAY,2026-01-21 11:27:00
00QPh00000i7LZRMA2,2026-01-17 08:58:00
00QPh00000i7ND5MAM,2026-01-22 16:30:00
00QPh00000i7RBqMAM,2026-01-17 09:39:00
00QPh00000i7RGfMAM,2026-01-17 09:50:00
00QPh00000i7Ze1MAE,2026-01-17 09:38:00
00QPh00000i7ajlMAA,2026-01-20 10:29:00
00QPh00000i7d3NMAQ,2026-01-28 11:48:00
00QPh00000i7hjdMAA,2026-02-06 12:15:00
00QPh00000i7hlFMAQ,2026-01-17 10:32:00
00QPh00000i7i4bMAA,2026-01-17 10:34:00
00QPh00000i7kHhMAI,2026-01-20 14:42:00
00QPh00000i7lH0MAI,2026-01-17 11:18:00
00QPh00000i7nSTMAY,2026-01-17 10:56:00
00QPh00000i7o6pMAA,2026-01-20 09:42:00
00QPh00000i7wPJMAY,2026-01-21 11:17:00
00QPh00000i7xtFMAQ,2026-01-20 11:15:00
00QPh00000i7zDWMAY,2026-01-17 12:36:00
00QPh00000i85MAMAY,2026-01-18 16:37:00
00QPh00000i85fVMAQ,2026-01-17 13:40:00
00QPh00000i8EZ7MAM,2026-01-22 14:20:00
00QPh00000i8K1rMAE,2026-01-17 14:54:00
00QPh00000i8KuhMAE,2026-01-21 15:43:00
00QPh00000i8N7nMAE,2026-01-27 11:46:00
00QPh00000i8TzZMAU,2026-01-21 11:55:00
00QPh00000i8XTjMAM,2026-01-17 16:40:00
00QPh00000i8bPFMAY,2026-01-18 08:46:00
00QPh00000i8fKsMAI,2026-01-17 16:14:00
00QPh00000i8gAPMAY,2026-01-17 15:16:00
00QPh00000i8joFMAQ,2026-01-18 09:08:00
00QPh00000i8l6rMAA,2026-01-21 15:19:00
00QPh00000i8lhxMAA,2026-01-20 14:57:00
00QPh00000i8mB2MAI,2026-01-30 11:51:00
00QPh00000i8mu9MAA,2026-01-17 16:01:00
00QPh00000i8x83MAA,2026-02-03 15:21:00
00QPh00000i8zD3MAI,2026-01-20 14:54:00
00QPh00000i8zEfMAI,2026-01-18 12:30:00
00QPh00000i8zjJMAQ,2026-01-18 08:34:00
00QPh00000i9EwrMAE,2026-01-18 15:14:00
00QPh00000i9Fw9MAE,2026-01-21 15:44:00
00QPh00000i9QbRMAU,2026-01-18 12:40:00
00QPh00000i9RMEMA2,2026-01-18 08:32:00
00QPh00000i9cazMAA,2026-01-20 15:10:00
00QPh00000i9kGoMAI,2026-01-20 14:45:00
00QPh00000iAChkMAG,2026-01-26 11:30:00
00QPh00000iAOMHMA4,2026-01-20 10:15:00
00QPh00000iAR8sMAG,2026-01-18 13:33:00
00QPh00000iASOLMA4,2026-01-23 13:32:00
00QPh00000iATYrMAO,2026-01-18 09:09:00
00QPh00000iAWGbMAO,2026-01-18 13:04:00
00QPh00000iAWQHMA4,2026-01-18 12:43:00
00QPh00000iAWdCMAW,2026-01-18 10:10:00
00QPh00000iAZSzMAO,2026-01-18 10:14:00
00QPh00000iAZxdMAG,2026-01-20 10:33:00
00QPh00000iAaIcMAK,2026-01-18 13:29:00
00QPh00000iAbRaMAK,2026-02-03 12:32:00
00QPh00000iAcSUMA0,2026-01-20 11:30:00
00QPh00000iAd3ZMAS,2026-01-20 10:09:00
00QPh00000iAd5BMAS,2026-01-20 14:34:00
00QPh00000iAfmvMAC,2026-01-20 09:44:00
00QPh00000iAiWHMA0,2026-01-20 10:48:00
00QPh00000iAlp8MAC,2026-01-20 11:18:00
00QPh00000iAobhMAC,2026-01-18 12:10:00
00QPh00000iAqaJMAS,2026-01-18 16:51:00
00QPh00000iAsPDMA0,2026-01-18 13:20:00
00QPh00000iAvDNMA0,2026-01-21 16:03:00
00QPh00000iB3nfMAC,2026-02-04 10:51:00
00QPh00000iBBQDMA4,2026-01-20 13:00:00
00QPh00000iBCkTMAW,2026-02-04 12:59:00
00QPh00000iBEUZMA4,2026-01-18 15:52:00
00QPh00000iBG4vMAG,2026-01-22 11:49:00
00QPh00000iBGrKMAW,2026-01-18 15:19:00
00QPh00000iBII3MAO,2026-01-18 15:48:00
00QPh00000iBKbaMAG,2026-01-20 09:06:00
00QPh00000iBMIQMA4,2026-01-20 11:06:00
00QPh00000iBN81MAG,2026-01-20 14:41:00
00QPh00000iBOldMAG,2026-01-18 16:31:00
00QPh00000iBSShMAO,2026-01-20 10:13:00
00QPh00000iBUr3MAG,2026-01-18 17:15:00
00QPh00000iBV7BMAW,2026-01-28 13:11:00
00QPh00000iBbanMAC,2026-01-20 10:28:00
00QPh00000iBctSMAS,2026-01-22 09:30:00
00QPh00000iBeTpMAK,2026-01-27 16:00:00
00QPh00000iBgIjMAK,2026-02-04 13:04:00
00QPh00000iBjlFMAS,2026-01-20 11:06:00
00QPh00000iBlGoMAK,2026-02-04 10:58:00
00QPh00000iBmKxMAK,2026-01-21 13:15:00
00QPh00000iBmmNMAS,2026-01-20 10:31:00
00QPh00000iBqgIMAS,2026-01-21 16:56:00
00QPh00000iBs0XMAS,2026-01-20 18:48:00
00QPh00000iBxjQMAS,2026-01-20 10:25:00
00QPh00000iBztFMAS,2026-01-21 11:08:00
00QPh00000iC10bMAC,2026-01-20 16:17:00
00QPh00000iC2JFMA0,2026-01-20 14:30:00
00QPh00000iCOI9MAO,2026-01-20 10:40:00
00QPh00000iCaxdMAC,2026-02-03 11:27:00
00QPh00000iD53lMAC,2026-01-20 10:19:00
00QPh00000iD7qOMAS,2026-01-20 13:12:00
00QPh00000iDKlyMAG,2026-01-20 11:08:00
00QPh00000iDLdDMAW,2025-12-08 16:25:00
00QPh00000iDN2HMAW,2026-01-20 13:46:00
00QPh00000iDNlTMAW,2026-01-20 13:38:00
00QPh00000iDQTBMA4,2026-01-21 09:00:00
00QPh00000iDVZKMA4,2026-01-20 09:01:00
00QPh00000iDYQjMAO,2026-01-20 17:00:00
00QPh00000iDa4MMAS,2026-01-22 11:55:00
00QPh00000iDaXWMA0,2026-01-20 16:01:00
00QPh00000iDbjbMAC,2026-02-12 15:45:00
00QPh00000iDeKsMAK,2026-01-20 11:47:00
00QPh00000iDjR0MAK,2026-02-04 17:14:00
00QPh00000iDlB5MAK,2026-01-21 09:41:00
00QPh00000iDqPGMA0,2026-01-21 15:22:00
00QPh00000iDtjhMAC,2026-01-20 14:33:00
00QPh00000iDtuzMAC,2026-01-20 16:15:00
00QPh00000iDvDdMAK,2026-01-21 09:22:00
00QPh00000iDwG9MAK,2026-01-20 10:26:00
00QPh00000iDwMcMAK,2026-01-20 09:25:00
00QPh00000iE0gLMAS,2026-01-07 12:38:00
00QPh00000iE2tTMAS,2026-01-20 08:35:00
00QPh00000iE7l6MAC,2026-01-30 11:37:00
00QPh00000iE90UMAS,2026-01-20 08:54:00
00QPh00000iEBALMA4,2026-01-20 09:00:00
00QPh00000iEBwkMAG,2026-01-20 14:14:00
00QPh00000iEEEgMAO,2026-01-20 13:34:00
00QPh00000iELhZMAW,2026-01-23 12:41:00
00QPh00000iEMCGMA4,2026-01-20 12:40:00
00QPh00000iEPjZMAW,2026-01-20 09:35:00
00QPh00000iEettMAC,2026-01-21 11:14:00
00QPh00000iEfurMAC,2026-01-21 13:51:00
00QPh00000iEi4fMAC,2026-01-20 16:46:00
00QPh00000iEoRrMAK,2026-01-07 18:52:00
00QPh00000iEoy7MAC,2026-01-20 11:52:00
00QPh00000iF04oMAC,2026-01-20 10:04:00
00QPh00000iF2plMAC,2026-01-20 17:13:00
00QPh00000iF6RzMAK,2026-01-22 10:00:00
00QPh00000iF9w5MAC,2026-01-23 12:49:00
00QPh00000iFFVFMA4,2026-01-28 12:32:00
00QPh00000iFGskMAG,2026-01-21 12:25:00
00QPh00000iFHKAMA4,2026-01-21 12:43:00
00QPh00000iFP6PMAW,2026-01-20 08:59:00
00QPh00000iFPj7MAG,2026-02-13 11:29:00
00QPh00000iFTBeMAO,2026-01-20 11:31:00
00QPh00000iFTMwMAO,2026-01-20 10:07:00
00QPh00000iFUZ7MAO,2026-01-20 16:47:00
00QPh00000iFV8bMAG,2026-01-30 15:22:00
00QPh00000iFX0kMAG,2026-01-20 09:06:00
00QPh00000iFaY8MAK,2026-01-21 09:44:00
00QPh00000iFe8fMAC,2026-01-20 09:14:00
00QPh00000iFeS1MAK,2026-01-20 10:24:00
00QPh00000iFh3MMAS,2026-01-24 11:02:00
00QPh00000iFip0MAC,2025-12-08 09:32:00
00QPh00000iFm9RMAS,2026-01-20 14:16:00
00QPh00000iFnK1MAK,2026-01-20 16:51:00
00QPh00000iG2J3MAK,2026-01-20 13:39:00
00QPh00000iGA3iMAG,2026-01-20 09:22:00
00QPh00000iGB7rMAG,2026-01-20 12:14:00
00QPh00000iGFubMAG,2026-01-20 11:38:00
00QPh00000iGGQrMAO,2026-01-20 08:53:00
00QPh00000iGJ29MAG,2026-02-09 10:46:00
00QPh00000iGMWJMA4,2026-01-20 08:43:00
00QPh00000iGVOHMA4,2026-01-29 16:51:00
00QPh00000iGZuyMAG,2026-01-27 10:59:00
00QPh00000iGZzoMAG,2026-01-20 10:36:00
00QPh00000iGb0fMAC,2026-02-05 17:14:00
00QPh00000iGcZRMA0,2026-01-20 09:25:00
00QPh00000iGgGTMA0,2026-01-20 10:21:00
00QPh00000iGlknMAC,2026-01-20 15:21:00
00QPh00000iGpq1MAC,2026-01-21 09:03:00
00QPh00000iGpy6MAC,2026-01-20 10:05:00
00QPh00000iGqZBMA0,2026-01-21 14:37:00
00QPh00000iGu1hMAC,2026-01-22 11:27:00
00QPh00000iGwLGMA0,2026-01-20 13:43:00
00QPh00000iGxqnMAC,2026-01-26 15:52:00
00QPh00000iH2TuMAK,2026-02-02 14:06:00
00QPh00000iH6xJMAS,2026-01-20 09:23:00
00QPh00000iH8B8MAK,2026-01-22 14:25:00
00QPh00000iHXe9MAG,2026-01-20 08:42:00
00QPh00000iHeirMAC,2026-02-09 14:01:00
00QPh00000iHkUxMAK,2026-01-20 13:00:00
00QPh00000iHrt1MAC,2026-01-26 12:15:00
00QPh00000iHu1FMAS,2026-01-20 08:46:00
00QPh00000iHzgrMAC,2026-01-20 12:07:00
00QPh00000iI0bLMAS,2026-01-20 09:35:00
00QPh00000iI67FMAS,2026-01-20 08:38:00
00QPh00000iI6X4MAK,2026-01-20 09:49:00
00QPh00000iI959MAC,2026-01-20 13:30:00
00QPh00000iICZFMA4,2026-01-21 10:50:00
00QPh00000iIDQTMA4,2026-01-20 09:05:00
00QPh00000iIDgbMAG,2026-01-20 09:06:00
00QPh00000iIGUqMAO,2026-01-20 09:51:00
00QPh00000iIN1dMAG,2026-01-20 09:33:00
00QPh00000iINo1MAG,2026-02-04 14:53:00
00QPh00000iIRhzMAG,2026-01-27 15:09:00
00QPh00000iIWsyMAG,2026-01-20 11:12:00
00QPh00000iIWzOMAW,2026-01-20 10:30:00
00QPh00000iIYRjMAO,2026-01-20 13:22:00
00QPh00000iIZAsMAO,2026-01-27 16:44:00
00QPh00000iIZqrMAG,2026-01-20 10:55:00
00QPh00000iIadBMAS,2026-01-20 10:11:00
00QPh00000iIcS5MAK,2026-01-20 10:11:00
00QPh00000iIdJJMA0,2026-01-20 10:13:00
00QPh00000iIf6cMAC,2026-01-21 12:41:00
00QPh00000iIhgHMAS,2026-01-20 13:35:00
00QPh00000iIiVuMAK,2026-01-20 14:55:00
00QPh00000iInIfMAK,2026-01-20 14:01:00
00QPh00000iIuvGMAS,2026-01-20 14:32:00
00QPh00000iIwPDMA0,2026-01-22 15:03:00
00QPh00000iIwfJMAS,2026-01-21 09:12:00
00QPh00000iIx57MAC,2025-11-07 12:54:00
00QPh00000iIyqpMAC,2026-01-21 14:42:00
00QPh00000iJ0EIMA0,2026-01-20 14:26:00
00QPh00000iJ0EMMA0,2026-01-20 13:12:00
00QPh00000iJ0xRMAS,2026-01-20 11:05:00
00QPh00000iJ3CBMA0,2026-01-20 11:12:00
00QPh00000iJ7CZMA0,2026-01-20 11:59:00
00QPh00000iJ7faMAC,2026-01-20 12:18:00
00QPh00000iJAwnMAG,2026-01-28 15:46:00
00QPh00000iJBknMAG,2026-01-20 11:55:00
00QPh00000iJFd9MAG,2026-01-21 12:20:00
00QPh00000iJFwTMAW,2026-01-21 18:01:00
00QPh00000iJGR7MAO,2026-01-21 09:59:00
00QPh00000iJKOHMA4,2026-01-20 11:48:00
00QPh00000iJSKDMA4,2026-01-22 18:24:00
00QPh00000iJXJtMAO,2026-01-20 12:18:00
00QPh00000iJXi5MAG,2026-01-22 09:02:00
00QPh00000iJcHzMAK,2026-01-20 13:14:00
00QPh00000iJeYKMA0,2026-01-20 14:27:00
00QPh00000iJf2yMAC,2026-01-20 18:06:00
00QPh00000iJfvlMAC,2026-01-22 13:42:00
00QPh00000iJgi9MAC,2026-02-02 11:45:00
00QPh00000iJhMUMA0,2026-01-20 12:41:00
00QPh00000iJmsPMAS,2026-01-23 12:13:00
00QPh00000iJv2uMAC,2026-01-20 14:02:00
00QPh00000iJyLjMAK,2026-01-20 15:14:00
00QPh00000iK1ZhMAK,2026-01-20 13:28:00
00QPh00000iK3ExMAK,2026-01-20 14:27:00
00QPh00000iK3JlMAK,2026-01-28 15:45:00
00QPh00000iK3uuMAC,2026-01-21 09:06:00
00QPh00000iKCbbMAG,2026-01-23 10:58:00
00QPh00000iKEjqMAG,2026-01-21 10:04:00
00QPh00000iKI98MAG,2026-01-20 14:04:00
00QPh00000iKJtCMAW,2026-01-20 15:31:00
00QPh00000iKMsgMAG,2026-01-23 11:24:00
00QPh00000iKOeMMAW,2026-01-21 11:32:00
00QPh00000iKP8zMAG,2026-01-21 17:00:00
00QPh00000iKPfHMAW,2026-01-20 14:28:00
00QPh00000iKX1hMAG,2026-01-21 09:13:00
00QPh00000iKb3kMAC,2026-01-20 14:54:00
00QPh00000iKboWMAS,2026-01-21 14:28:00
00QPh00000iKhM4MAK,2026-01-20 17:38:00
00QPh00000iKmLhMAK,2026-01-20 14:50:00
00QPh00000iKrJoMAK,2026-01-21 08:44:00
00QPh00000iL22IMAS,2026-01-20 17:54:00
00QPh00000iL73bMAC,2026-01-20 16:55:00
00QPh00000iL8kPMAS,2026-01-20 15:43:00
00QPh00000iLAvvMAG,2026-01-21 12:15:00
00QPh00000iLBOzMAO,2026-01-20 16:21:00
00QPh00000iLBf6MAG,2026-01-21 14:26:00
00QPh00000iLDDrMAO,2026-01-20 16:43:00
00QPh00000iLKSFMA4,2026-01-26 11:33:00
00QPh00000iLKgjMAG,2026-01-20 16:11:00
00QPh00000iLL4wMAG,2026-01-22 12:48:00
00QPh00000iLMFVMA4,2026-01-20 16:14:00
00QPh00000iLMozMAG,2026-01-27 14:44:00
00QPh00000iLOduMAG,2026-01-20 16:43:00
00QPh00000iLRwjMAG,2026-01-22 09:49:00
00QPh00000iLSHjMAO,2026-01-23 14:32:00
00QPh00000iLVXLMA4,2026-01-21 08:51:00
00QPh00000iLWWcMAO,2026-01-27 10:56:00
00QPh00000iLaOvMAK,2026-01-20 16:46:00
00QPh00000iLg7lMAC,2026-01-20 17:03:00
00QPh00000iLjnBMAS,2026-01-20 17:16:00
00QPh00000iLlVfMAK,2026-01-21 16:54:00
00QPh00000iLmDBMA0,2026-01-21 10:30:00
00QPh00000iLn2nMAC,2026-01-20 17:26:00
00QPh00000iLnpBMAS,2026-01-21 14:47:00
00QPh00000iLo25MAC,2026-02-03 13:14:00
00QPh00000iLyFxMAK,2026-01-21 08:40:00
00QPh00000iM3nWMAS,2026-01-22 13:12:00
00QPh00000iM4RpMAK,2026-01-20 18:19:00
00QPh00000iM6a5MAC,2026-01-20 18:29:00
00QPh00000iM87FMAS,2026-01-20 18:34:00
00QPh00000iMAaTMAW,2026-01-21 09:01:00
00QPh00000iMAp0MAG,2026-01-20 18:49:00
00QPh00000iMBbNMAW,2026-01-21 13:30:00
00QPh00000iMD25MAG,2026-01-21 09:48:00
00QPh00000iMFDZMA4,2026-01-21 11:36:00
00QPh00000iMOf4MAG,2026-01-22 12:13:00
00QPh00000iMPb7MAG,2026-01-21 11:07:00
00QPh00000iMRUsMAO,2026-01-23 10:47:00
00QPh00000iMWRKMA4,2026-01-21 08:55:00
00QPh00000iMiCLMA0,2026-01-26 16:56:00
00QPh00000iMiMAMA0,2026-01-21 17:24:00
00QPh00000iMk7hMAC,2026-01-21 09:30:00
00QPh00000iMl3lMAC,2026-01-21 08:32:00
00QPh00000iMsICMA0,2026-01-21 11:36:00
00QPh00000iN0PNMA0,2026-01-21 14:07:00
00QPh00000iN1JqMAK,2026-01-26 14:44:00
00QPh00000iN4uPMAS,2026-01-21 09:00:00
00QPh00000iN6TBMA0,2026-01-21 15:41:00
00QPh00000iNCn8MAG,2026-01-21 15:00:00
00QPh00000iNLjyMAG,2026-01-20 09:01:00
00QPh00000iNSjqMAG,2026-01-21 11:04:00
00QPh00000iNzvwMAC,2026-01-21 09:06:00
00QPh00000iOLd5MAG,2026-01-22 12:11:00
00QPh00000iOQMbMAO,2026-01-22 08:41:00
00QPh00000iOUgMMAW,2026-01-22 16:18:00
00QPh00000iOVvrMAG,2026-02-10 15:10:00
00QPh00000iOZheMAG,2026-01-21 13:01:00
00QPh00000iOakAMAS,2026-01-28 16:05:00
00QPh00000iObI6MAK,2026-01-21 13:05:00
00QPh00000iOfK1MAK,2026-01-22 17:19:00
00QPh00000iOgzGMAS,2026-01-21 09:08:00
00QPh00000iOkoLMAS,2026-01-29 11:49:00
00QPh00000iOp4rMAC,2026-01-22 08:56:00
00QPh00000iOqdeMAC,2026-01-21 12:55:00
00QPh00000iOsh3MAC,2026-01-21 09:00:00
00QPh00000iOyo7MAC,2026-01-22 13:33:00
00QPh00000iP0WXMA0,2026-01-21 09:25:00
00QPh00000iP6yYMAS,2026-01-27 11:44:00
00QPh00000iP8dmMAC,2026-01-21 10:11:00
00QPh00000iPAR4MAO,2026-01-21 10:44:00
00QPh00000iPHynMAG,2026-01-21 16:43:00
00QPh00000iPM42MAG,2026-02-05 10:41:00
00QPh00000iPOQnMAO,2026-01-22 17:25:00
00QPh00000iPPI2MAO,2026-01-21 10:27:00
00QPh00000iPXvVMAW,2026-01-21 10:47:00
00QPh00000iPYWbMAO,2026-01-21 10:47:00
00QPh00000iPaDSMA0,2026-01-21 11:54:00
00QPh00000iPcn7MAC,2026-01-22 13:55:00
00QPh00000iPm3LMAS,2026-01-21 15:05:00
00QPh00000iPrPaMAK,2026-01-21 12:04:00
00QPh00000iPysTMAS,2026-01-26 10:55:00
00QPh00000iPzVCMA0,2026-01-28 15:30:00
00QPh00000iQ29iMAC,2026-01-21 15:42:00
00QPh00000iQ6tGMAS,2026-01-22 09:10:00
00QPh00000iQ7qvMAC,2026-01-21 12:05:00
00QPh00000iQ7uDMAS,2026-01-21 12:47:00
00QPh00000iQ9CnMAK,2026-01-26 15:04:00
00QPh00000iQAaHMAW,2026-01-21 15:16:00
00QPh00000iQBL4MAO,2026-01-21 12:31:00
00QPh00000iQIWDMA4,2026-01-21 12:28:00
00QPh00000iQRMeMAO,2026-01-21 14:25:00
00QPh00000iQSKHMA4,2026-01-22 12:14:00
00QPh00000iQVLRMA4,2026-01-21 13:50:00
00QPh00000iQZ0nMAG,2026-01-21 13:05:00
00QPh00000iQidbMAC,2026-01-21 13:28:00
00QPh00000iQoeCMAS,2026-01-21 13:58:00
00QPh00000iQqMbMAK,2026-01-21 16:45:00
00QPh00000iR4J9MAK,2026-01-22 08:48:00
00QPh00000iR5BzMAK,2026-02-04 12:09:00
00QPh00000iR8UpMAK,2026-01-21 14:49:00
00QPh00000iR9IoMAK,2026-01-21 14:29:00
00QPh00000iRFb9MAG,2026-01-21 14:45:00
00QPh00000iRJgLMAW,2026-01-21 14:28:00
00QPh00000iRKanMAG,2026-01-21 14:30:00
00QPh00000iRMWBMA4,2026-01-21 15:00:00
00QPh00000iRORVMA4,2026-01-21 14:41:00
00QPh00000iROwBMAW,2026-01-21 16:25:00
00QPh00000iRRSbMAO,2026-01-21 17:57:00
00QPh00000iRUThMAO,2026-01-21 14:57:00
00QPh00000iRW7KMAW,2026-01-21 15:16:00
00QPh00000iRYdlMAG,2026-01-21 15:11:00
00QPh00000iRc7tMAC,2026-01-21 15:17:00
00QPh00000iRfyeMAC,2026-01-23 14:36:00
00QPh00000iRgGLMA0,2026-01-21 15:26:00
00QPh00000iRiMzMAK,2026-01-21 15:32:00
00QPh00000iRigMMAS,2026-01-21 15:49:00
00QPh00000iRkAIMA0,2026-01-21 16:01:00
00QPh00000iRkF7MAK,2026-01-21 15:36:00
00QPh00000iRkYTMA0,2026-01-22 13:15:00
00QPh00000iRka5MAC,2026-01-22 09:48:00
00QPh00000iRp57MAC,2026-01-27 16:09:00
00QPh00000iRr5JMAS,2026-01-22 09:26:00
00QPh00000iRtYXMA0,2026-01-21 16:01:00
00QPh00000iRwUnMAK,2026-01-21 16:08:00
00QPh00000iRyd4MAC,2026-01-26 10:38:00
00QPh00000iRzpFMAS,2026-01-21 16:20:00
00QPh00000iS2S9MAK,2026-02-04 15:33:00
00QPh00000iS2yPMAS,2026-01-22 09:21:00
00QPh00000iS3kpMAC,2026-01-21 17:40:00
00QPh00000iS4QjMAK,2026-01-21 16:28:00
00QPh00000iSMcAMAW,2026-01-26 10:34:00
00QPh00000iSTiTMAW,2026-01-21 17:27:00
00QPh00000iSUbKMAW,2026-01-27 12:08:00
00QPh00000iSXcQMAW,2026-01-22 14:53:00
00QPh00000iSYLZMA4,2026-01-05 12:31:00
00QPh00000iSb3KMAS,2026-01-23 10:20:00
00QPh00000iSeNlMAK,2026-01-21 18:00:00
00QPh00000iSeQzMAK,2026-01-23 10:07:00
00QPh00000iT2jVMAS,2026-01-22 13:00:00
00QPh00000iT4DNMA0,2026-01-22 11:43:00
00QPh00000iT7HhMAK,2026-01-27 14:43:00
00QPh00000iT7McMAK,2026-01-22 12:13:00
00QPh00000iTDJuMAO,2026-02-03 17:04:00
00QPh00000iTF2NMAW,2026-01-22 13:06:00
00QPh00000iTIY5MAO,2026-01-27 16:01:00
00QPh00000iTQ12MAG,2026-01-22 11:00:00
00QPh00000iTUXdMAO,2026-01-22 11:00:00
00QPh00000iTUnlMAG,2026-01-22 08:35:00
00QPh00000iTVNGMA4,2026-01-22 14:59:00
00QPh00000iTW6VMAW,2026-01-28 11:32:00
00QPh00000iTYrPMAW,2026-01-22 08:30:00
00QPh00000iTeqPMAS,2026-01-31 11:31:00
00QPh00000iTg8zMAC,2026-01-22 15:30:00
00QPh00000iTgLtMAK,2026-01-22 08:34:00
00QPh00000iThLDMA0,2026-01-26 13:51:00
00QPh00000iTnlaMAC,2026-01-22 08:38:00
00QPh00000iTnqSMAS,2026-01-22 11:14:00
00QPh00000iToWPMA0,2026-01-22 08:37:00
00QPh00000iTomTMAS,2026-01-22 11:54:00
00QPh00000iU49hMAC,2026-01-23 14:03:00
00QPh00000iUIsdMAG,2026-01-22 18:08:00
00QPh00000iUNAkMAO,2026-01-26 10:16:00
00QPh00000iUR9aMAG,2026-01-27 10:38:00
00QPh00000iV9YmMAK,2026-01-22 08:34:00
00QPh00000iVK2lMAG,2026-01-22 10:00:00
00QPh00000iVORMMA4,2026-01-22 09:06:00
00QPh00000iVQOLMA4,2026-01-22 09:45:00
00QPh00000iVQbFMAW,2026-01-22 09:33:00
00QPh00000iVUOgMAO,2026-01-22 17:00:00
00QPh00000iVVJ9MAO,2026-01-22 09:29:00
00QPh00000iVVmAMAW,2026-01-23 13:00:00
00QPh00000iVZhkMAG,2026-01-22 08:58:00
00QPh00000iVah2MAC,2026-01-26 10:15:00
00QPh00000iVpWNMA0,2026-01-22 12:43:00
00QPh00000iVsvfMAC,2026-01-22 09:41:00
00QPh00000iVuCgMAK,2026-01-28 10:35:00
00QPh00000iVunlMAC,2026-01-22 09:13:00
00QPh00000iVwfuMAC,2026-01-23 10:16:00
00QPh00000iVxc3MAC,2026-01-22 11:29:00
00QPh00000iVyzUMAS,2026-01-22 09:34:00
00QPh00000iW0DFMA0,2026-02-02 14:56:00
00QPh00000iW0wRMAS,2026-01-22 17:23:00
00QPh00000iW1NsMAK,2026-01-22 11:00:00
00QPh00000iW1e1MAC,2026-02-06 09:01:00
00QPh00000iW3ENMA0,2026-01-22 10:12:00
00QPh00000iW4yPMAS,2026-02-03 16:42:00
00QPh00000iWLuRMAW,2026-01-22 12:39:00
00QPh00000iWQPVMA4,2026-01-22 12:08:00
00QPh00000iWRWoMAO,2026-01-26 10:32:00
00QPh00000iWVx0MAG,2026-01-22 14:55:00
00QPh00000iWW0EMAW,2026-01-22 11:46:00
00QPh00000iWWYBMA4,2026-01-22 13:32:00
00QPh00000iWXAqMAO,2026-01-22 12:44:00
00QPh00000iWbslMAC,2026-01-26 10:15:00
00QPh00000iWctfMAC,2026-01-22 11:08:00
00QPh00000iWe7SMAS,2026-01-22 11:23:00
00QPh00000iWhenMAC,2026-01-22 11:15:00
00QPh00000iWi1NMAS,2026-01-22 13:00:00
00QPh00000iWoErMAK,2026-01-22 11:38:00
00QPh00000iWpShMAK,2026-01-22 13:05:00
00QPh00000iWq0aMAC,2026-01-22 13:12:00
00QPh00000iWqYQMA0,2026-01-22 12:04:00
00QPh00000iWsYcMAK,2026-01-23 09:49:00
00QPh00000iWsolMAC,2025-11-07 12:25:00
00QPh00000iWuXCMA0,2026-01-28 15:25:00
00QPh00000iWxgNMAS,2026-01-23 10:39:00
00QPh00000iX3YuMAK,2026-01-22 13:35:00
00QPh00000iX5AwMAK,2026-01-22 13:37:00
00QPh00000iX5veMAC,2026-01-22 12:16:00
00QPh00000iX7O1MAK,2026-01-22 12:21:00
00QPh00000iX8boMAC,2026-02-03 17:14:00
00QPh00000iXB1pMAG,2026-01-22 14:23:00
00QPh00000iXCgzMAG,2026-01-22 12:21:00
00QPh00000iXFa2MAG,2026-01-22 12:36:00
00QPh00000iXGfmMAG,2026-01-27 10:36:00
00QPh00000iXMObMAO,2026-01-22 12:43:00
00QPh00000iXP83MAG,2026-01-22 13:11:00
00QPh00000iXPnxMAG,2026-01-22 14:43:00
00QPh00000iXVTXMA4,2026-01-22 13:09:00
00QPh00000iXWB3MAO,2026-01-22 13:03:00
00QPh00000iXY1bMAG,2026-01-22 14:24:00
00QPh00000iXa6eMAC,2026-01-22 13:53:00
00QPh00000iXazRMAS,2026-01-22 16:20:00
00QPh00000iXdkPMAS,2026-01-26 10:20:00
00QPh00000iXhUhMAK,2026-01-23 10:15:00
00QPh00000iXmirMAC,2026-01-22 13:39:00
00QPh00000iY6BLMA0,2026-02-05 13:23:00
00QPh00000iY8jNMAS,2026-01-22 18:00:00
00QPh00000iY9cDMAS,2026-01-22 17:55:00
00QPh00000iYAziMAG,2026-01-24 10:30:00
00QPh00000iYNLvMAO,2026-01-22 16:13:00
00QPh00000iYPCLMA4,2026-01-22 14:56:00
00QPh00000iYRHNMA4,2026-01-22 15:01:00
00QPh00000iYTcZMAW,2026-01-26 10:14:00
00QPh00000iYXQ1MAO,2026-01-22 15:16:00
00QPh00000iYa2wMAC,2026-01-22 16:01:00
00QPh00000iYdX6MAK,2026-01-23 11:12:00
00QPh00000iYghrMAC,2026-02-02 17:20:00
00QPh00000iYq1FMAS,2026-01-22 16:00:00
00QPh00000iYyzjMAC,2026-01-22 18:16:00
00QPh00000iZ2SJMA0,2026-01-22 18:17:00
00QPh00000iZ6PNMA0,2026-01-22 16:38:00
00QPh00000iZBfBMAW,2026-01-22 16:55:00
00QPh00000iZJ86MAG,2026-01-22 17:40:00
00QPh00000iZKH4MAO,2026-01-23 09:53:00
00QPh00000iZLufMAG,2026-01-22 17:39:00
00QPh00000iZQr7MAG,2026-01-22 17:58:00
00QPh00000iZRIXMA4,2026-01-23 09:27:00
00QPh00000iZXhJMAW,2026-01-23 09:33:00
00QPh00000iZfN7MAK,2026-02-02 10:35:00
00QPh00000iZlNhMAK,2026-01-29 14:15:00
00QPh00000iZqKAMA0,2026-01-26 13:38:00
00QPh00000iZtptMAC,2026-01-26 12:42:00
00QPh00000iZuE5MAK,2026-01-23 09:40:00
00QPh00000iZunaMAC,2026-01-23 09:29:00
00QPh00000iZyCtMAK,2026-01-23 09:30:00
00QPh00000ia0HvMAI,2026-01-24 13:01:00
00QPh00000ia0hhMAA,2026-01-23 10:01:00
00QPh00000ia1HBMAY,2026-01-23 14:20:00
00QPh00000ia2GUMAY,2026-01-23 09:31:00
00QPh00000ia3KbMAI,2026-01-27 11:10:00
00QPh00000iaB8VMAU,2026-01-26 13:37:00
00QPh00000iaEnuMAE,2026-02-03 14:15:00
00QPh00000iaF5eMAE,2026-01-27 11:06:00
00QPh00000iaNZSMA2,2026-01-23 11:07:00
00QPh00000iaOQfMAM,2026-01-23 09:40:00
00QPh00000iaQU5MAM,2026-01-23 09:33:00
00QPh00000iaUO1MAM,2026-01-23 14:11:00
00QPh00000iaXovMAE,2026-01-23 09:32:00
00QPh00000iacqDMAQ,2026-01-23 09:35:00
00QPh00000iah3WMAQ,2026-01-23 15:33:00
00QPh00000iamhVMAQ,2026-01-23 09:22:00
00QPh00000ianNRMAY,2026-01-23 11:01:00
00QPh00000iawCDMAY,2026-02-04 10:59:00
00QPh00000iawljMAA,2026-01-27 13:52:00
00QPh00000iazA5MAI,2026-01-27 14:25:00
00QPh00000ib9xSMAQ,2026-01-23 09:39:00
00QPh00000ibDOMMA2,2026-02-04 11:27:00
00QPh00000ibFoLMAU,2026-01-23 12:39:00
00QPh00000ibVmgMAE,2026-01-23 11:01:00
00QPh00000ibWMAMA2,2026-01-23 11:01:00
00QPh00000ibZohMAE,2026-02-05 14:34:00
00QPh00000ibfm2MAA,2026-01-26 14:22:00
00QPh00000iboFqMAI,2026-01-23 10:21:00
00QPh00000ibscoMAA,2026-01-23 09:23:00
00QPh00000ibskuMAA,2026-01-23 09:56:00
00QPh00000ibtiYMAQ,2026-01-23 10:14:00
00QPh00000ibuLLMAY,2026-01-26 09:39:00
00QPh00000ic1jJMAQ,2026-01-23 09:13:00
00QPh00000ic1t0MAA,2026-01-23 15:58:00
00QPh00000ic3Q9MAI,2026-01-27 14:23:00
00QPh00000ic5QLMAY,2026-01-23 09:48:00
00QPh00000ic7YbMAI,2026-01-23 11:01:00
00QPh00000ic7lWMAQ,2026-01-23 10:15:00
00QPh00000icBxCMAU,2026-01-23 11:07:00
00QPh00000icF37MAE,2026-01-23 09:55:00
00QPh00000icI0zMAE,2026-01-27 13:05:00
00QPh00000icIx3MAE,2026-01-29 16:52:00
00QPh00000icRQrMAM,2026-01-26 09:44:00
00QPh00000icSMvMAM,2026-01-23 10:37:00
00QPh00000icThCMAU,2026-01-23 11:03:00
00QPh00000icTxKMAU,2026-01-23 11:02:00
00QPh00000icdn0MAA,2026-01-23 12:33:00
00QPh00000ice1VMAQ,2026-01-23 11:08:00
00QPh00000icfbwMAA,2026-01-27 09:36:00
00QPh00000ichLxMAI,2026-01-23 11:16:00
00QPh00000icj2nMAA,2026-01-23 11:37:00
00QPh00000icjVrMAI,2026-01-23 15:30:00
00QPh00000icm8jMAA,2026-02-04 16:57:00
00QPh00000icmiEMAQ,2026-01-23 11:45:00
00QPh00000ict8cMAA,2026-01-23 12:12:00
00QPh00000icvVPMAY,2026-01-23 13:24:00
00QPh00000icwfxMAA,2026-01-23 11:49:00
00QPh00000icx7PMAQ,2026-01-23 14:41:00
00QPh00000iczKVMAY,2026-01-23 13:41:00
00QPh00000id2S3MAI,2026-01-23 12:59:00
00QPh00000id3JFMAY,2026-01-26 12:48:00
00QPh00000id506MAA,2026-01-28 13:13:00
00QPh00000id5rLMAQ,2026-01-23 13:23:00
00QPh00000idB77MAE,2026-01-23 12:34:00
00QPh00000idCPlMAM,2026-01-23 12:38:00
00QPh00000idDFRMA2,2026-01-24 16:06:00
00QPh00000idKYbMAM,2026-01-23 13:01:00
00QPh00000idMFRMA2,2026-01-23 13:07:00
00QPh00000idMLvMAM,2026-01-26 13:02:00
00QPh00000idN8HMAU,2025-12-11 17:22:00
00QPh00000idNZhMAM,2026-01-26 09:33:00
00QPh00000idPlBMAU,2026-01-23 13:17:00
00QPh00000idTK9MAM,2026-01-23 13:32:00
00QPh00000idXagMAE,2026-01-26 14:33:00
00QPh00000idawkMAA,2026-01-23 14:27:00
00QPh00000idawlMAA,2026-01-23 14:29:00
00QPh00000idfjVMAQ,2026-01-23 13:39:00
00QPh00000idj2OMAQ,2026-01-26 13:17:00
00QPh00000idj3xMAA,2026-01-23 13:42:00
00QPh00000idyarMAA,2025-11-24 13:17:00
00QPh00000ie2D3MAI,2026-01-30 13:00:00
00QPh00000ie6yEMAQ,2026-01-23 14:49:00
00QPh00000ieA0yMAE,2026-01-25 14:21:00
00QPh00000ieECbMAM,2026-01-23 15:09:00
00QPh00000ieFF8MAM,2026-01-24 09:00:00
00QPh00000ieGO5MAM,2026-01-23 15:16:00
00QPh00000ieIT7MAM,2026-01-23 15:23:00
00QPh00000ieJsFMAU,2026-02-03 14:16:00
00QPh00000ieMeoMAE,2026-02-10 17:14:00
00QPh00000ieNMLMA2,2026-01-23 15:37:00
00QPh00000ieUu5MAE,2026-01-29 14:21:00
00QPh00000ieV70MAE,2026-01-24 09:06:00
00QPh00000ieVbdMAE,2026-01-24 09:28:00
00QPh00000ieVdFMAU,2026-01-24 10:43:00
00QPh00000ieWe9MAE,2026-01-24 12:40:00
00QPh00000ieb9BMAQ,2026-01-26 09:21:00
00QPh00000iebHFMAY,2026-01-24 10:08:00
00QPh00000ieeNBMAY,2026-01-24 12:57:00
00QPh00000iehPtMAI,2026-01-26 16:55:00
00QPh00000ieribMAA,2026-02-13 11:42:00
00QPh00000iesYEMAY,2026-01-26 16:22:00
00QPh00000iesegMAA,2026-01-24 09:49:00
00QPh00000iesgHMAQ,2026-01-24 12:07:00
00QPh00000ieu8bMAA,2026-01-24 10:45:00
00QPh00000iewf5MAA,2026-02-02 11:22:00
00QPh00000iex1eMAA,2026-01-26 09:45:00
00QPh00000if1A5MAI,2026-01-24 14:24:00
00QPh00000if6BPMAY,2026-01-24 16:01:00
00QPh00000if75pMAA,2026-01-26 09:18:00
00QPh00000if8t8MAA,2026-01-26 10:06:00
00QPh00000ifBkXMAU,2026-01-29 10:56:00
00QPh00000ifDXqMAM,2026-01-24 11:38:00
00QPh00000ifIZ7MAM,2026-01-26 12:42:00
00QPh00000ifKClMAM,2026-01-24 15:08:00
00QPh00000ifNc2MAE,2026-01-24 15:36:00
00QPh00000ifNc3MAE,2026-01-24 11:30:00
00QPh00000ifQ21MAE,2026-01-27 13:32:00
00QPh00000ifQIAMA2,2026-01-26 16:27:00
00QPh00000ifR69MAE,2026-01-26 11:01:00
00QPh00000ifTUXMA2,2026-01-26 13:36:00
00QPh00000ifUqQMAU,2026-01-24 08:32:00
00QPh00000ifVL3MAM,2026-01-26 09:18:00
00QPh00000ifcpZMAQ,2026-01-24 12:25:00
00QPh00000ifg0MMAQ,2026-01-27 17:00:00
00QPh00000ifi8cMAA,2026-01-30 12:58:00
00QPh00000ifk2LMAQ,2026-01-25 12:38:00
00QPh00000iflo3MAA,2026-02-02 16:48:00
00QPh00000ifpRpMAI,2026-01-24 08:43:00
00QPh00000ifprgMAA,2026-01-24 12:31:00
00QPh00000ifrQPMAY,2026-01-24 13:01:00
00QPh00000ifuEbMAI,2026-01-24 15:25:00
00QPh00000igBowMAE,2026-01-24 09:13:00
00QPh00000igH1VMAU,2026-01-28 12:00:00
00QPh00000igIyWMAU,2026-01-24 17:10:00
00QPh00000igbOPMAY,2026-01-24 08:45:00
00QPh00000igdLNMAY,2026-02-13 12:10:00
00QPh00000ignarMAA,2026-01-26 09:02:00
00QPh00000igroAMAQ,2026-01-26 09:45:00
00QPh00000igx7DMAQ,2026-01-24 09:20:00
00QPh00000ih2JlMAI,2026-01-24 08:57:00
00QPh00000ih3J3MAI,2026-01-24 09:05:00
00QPh00000ih4n2MAA,2026-01-25 09:35:00
00QPh00000ih9ujMAA,2026-01-26 09:45:00
00QPh00000ih9wLMAQ,2026-01-24 09:52:00
00QPh00000ihAM9MAM,2026-01-26 16:17:00
00QPh00000ihEw1MAE,2026-01-26 10:13:00
00QPh00000ihGJWMA2,2026-01-24 12:42:00
00QPh00000ihIzdMAE,2026-01-24 10:49:00
00QPh00000ihOvNMAU,2026-01-24 11:29:00
00QPh00000ihP3SMAU,2026-01-24 12:23:00
00QPh00000ihPWTMA2,2026-01-24 11:31:00
00QPh00000ihRbWMAU,2026-01-24 12:00:00
00QPh00000ihS2wMAE,2026-01-24 16:37:00
00QPh00000ihW1iMAE,2026-01-26 13:27:00
00QPh00000ihWWLMA2,2026-01-24 12:17:00
00QPh00000ihZZ5MAM,2026-01-24 13:04:00
00QPh00000ihh6oMAA,2026-01-24 14:29:00
00QPh00000ihm03MAA,2026-01-24 14:59:00
00QPh00000ihngtMAA,2026-01-26 09:01:00
00QPh00000ihyE5MAI,2026-01-26 14:20:00
00QPh00000ii0kYMAQ,2026-01-26 10:44:00
00QPh00000ii1ezMAA,2026-01-24 14:58:00
00QPh00000ii26PMAQ,2026-01-24 15:04:00
00QPh00000ii2w1MAA,2026-01-24 15:09:00
00QPh00000ii4plMAA,2026-01-26 10:20:00
00QPh00000ii7Z7MAI,2026-01-25 09:25:00
00QPh00000ii9j3MAA,2026-01-24 16:16:00
00QPh00000iiBfyMAE,2026-01-24 17:09:00
00QPh00000iiDbKMAU,2026-01-27 13:16:00
00QPh00000iiEHGMA2,2026-01-24 16:49:00
00QPh00000iiEh3MAE,2026-01-26 14:15:00
00QPh00000iiFhyMAE,2026-01-25 11:12:00
00QPh00000iiI6MMAU,2026-01-24 17:22:00
00QPh00000iiSk1MAE,2026-01-29 11:48:00
00QPh00000iiYFxMAM,2026-01-25 09:09:00
00QPh00000iifKfMAI,2026-01-26 09:27:00
00QPh00000iifPVMAY,2026-01-25 12:09:00
00QPh00000iit99MAA,2026-01-26 11:27:00
00QPh00000iiuLKMAY,2026-01-26 11:06:00
00QPh00000ij61VMAQ,2026-02-02 15:42:00
00QPh00000ijkTbMAI,2026-01-25 09:34:00
00QPh00000ijmTlMAI,2026-01-25 08:57:00
00QPh00000ijo0vMAA,2026-01-28 10:06:00
00QPh00000ijpLCMAY,2026-01-26 12:29:00
00QPh00000ijsCcMAI,2026-01-25 12:56:00
00QPh00000ijtocMAA,2026-01-26 10:20:00
00QPh00000ijx7RMAQ,2026-01-26 17:04:00
00QPh00000ijyjRMAQ,2026-01-25 10:45:00
00QPh00000ijzPNMAY,2026-01-27 14:13:00
00QPh00000ik0enMAA,2026-02-04 15:47:00
00QPh00000ik1MMMAY,2026-01-25 11:37:00
00QPh00000ik1ZFMAY,2026-01-25 11:13:00
00QPh00000ik4P3MAI,2026-01-25 12:00:00
00QPh00000ikASuMAM,2026-01-27 11:05:00
00QPh00000ikC6TMAU,2026-01-26 13:08:00
00QPh00000ikHR8MAM,2026-02-03 15:23:00
00QPh00000ikP6vMAE,2026-01-25 13:56:00
00QPh00000ikRYbMAM,2026-01-25 14:49:00
00QPh00000ikU1lMAE,2026-01-25 14:27:00
00QPh00000ikWd3MAE,2026-01-25 15:06:00
00QPh00000ikYrlMAE,2026-01-27 10:04:00
00QPh00000ikefRMAQ,2026-01-25 16:23:00
00QPh00000ikeqkMAA,2026-01-25 16:36:00
00QPh00000ikflBMAQ,2026-01-25 16:32:00
00QPh00000ikgULMAY,2026-01-25 16:45:00
00QPh00000ikiPhMAI,2026-01-26 16:37:00
00QPh00000ikj5dMAA,2026-01-26 12:50:00
00QPh00000ikoTXMAY,2026-01-26 14:02:00
00QPh00000iktL7MAI,2026-01-30 14:58:00
00QPh00000ikzojMAA,2026-01-26 15:41:00
00QPh00000il0T3MAI,2026-01-26 15:42:00
00QPh00000il0mPMAQ,2026-01-26 11:01:00
00QPh00000il2GLMAY,2026-01-27 09:00:00
00QPh00000il4d7MAA,2026-02-02 09:29:00
00QPh00000il5xNMAQ,2026-01-27 09:13:00
00QPh00000ilCytMAE,2026-01-26 08:58:00
00QPh00000ilZDtMAM,2026-02-02 16:23:00
00QPh00000ilg7PMAQ,2026-01-28 10:15:00
00QPh00000ilmpRMAQ,2026-01-29 11:17:00
00QPh00000imFLBMA2,2026-01-26 09:05:00
00QPh00000imPScMAM,2026-01-26 09:09:00
00QPh00000imRFtMAM,2026-01-28 10:11:00
00QPh00000imRURMA2,2026-01-26 09:59:00
00QPh00000imSqIMAU,2026-01-26 10:47:00
00QPh00000imXOXMA2,2026-01-26 08:55:00
00QPh00000imaO3MAI,2026-01-26 09:08:00
00QPh00000imasfMAA,2026-01-26 09:00:00
00QPh00000imbK6MAI,2026-02-02 17:10:00
00QPh00000imcsrMAA,2026-01-26 09:07:00
00QPh00000imeufMAA,2026-01-26 09:15:00
00QPh00000imf17MAA,2026-01-26 09:15:00
00QPh00000imlXyMAI,2026-01-26 10:58:00
00QPh00000imuWPMAY,2026-01-26 10:02:00
00QPh00000in2nJMAQ,2026-01-26 10:28:00
00QPh00000in4lwMAA,2026-01-28 13:41:00
00QPh00000inBDtMAM,2026-01-26 10:55:00
00QPh00000inBfJMAU,2026-01-26 14:00:00
00QPh00000inCUxMAM,2026-01-26 12:38:00
00QPh00000inDfWMAU,2026-01-26 11:03:00
00QPh00000inKU6MAM,2026-01-26 12:21:00
00QPh00000inQjCMAU,2026-01-26 11:42:00
00QPh00000inUZtMAM,2026-01-26 11:44:00
00QPh00000inchKMAQ,2026-01-26 15:35:00
00QPh00000ineJ8MAI,2026-01-30 11:57:00
00QPh00000infS7MAI,2026-01-26 13:39:00
00QPh00000inhDlMAI,2026-01-26 12:20:00
00QPh00000inmyGMAQ,2026-01-27 18:07:00
00QPh00000inoojMAA,2026-01-26 12:39:00
00QPh00000inoyRMAQ,2026-01-26 13:35:00
00QPh00000inpL1MAI,2026-01-26 13:13:00
00QPh00000inqtlMAA,2026-01-26 12:46:00
00QPh00000inrGNMAY,2026-01-26 13:34:00
00QPh00000insIrMAI,2026-01-26 12:49:00
00QPh00000int8WMAQ,2026-01-26 14:25:00
00QPh00000intTSMAY,2026-01-29 10:21:00
00QPh00000inuirMAA,2026-01-17 09:01:00
00QPh00000invS1MAI,2026-01-26 12:58:00
00QPh00000invwfMAA,2026-01-26 12:59:00
00QPh00000inw4jMAA,2026-01-26 16:01:00
00QPh00000inwSvMAI,2026-01-27 15:50:00
00QPh00000io06lMAA,2026-01-28 13:54:00
00QPh00000io08PMAQ,2026-01-26 17:30:00
00QPh00000io1fWMAQ,2026-01-26 14:01:00
00QPh00000io1viMAA,2026-01-26 14:47:00
00QPh00000io2DNMAY,2026-01-27 15:47:00
00QPh00000io3mEMAQ,2026-01-26 15:09:00
00QPh00000io7BRMAY,2026-01-26 13:29:00
00QPh00000ioBbiMAE,2026-02-04 11:43:00
00QPh00000ioDOxMAM,2026-01-26 13:45:00
00QPh00000ioEHlMAM,2026-01-26 16:50:00
00QPh00000ioO7SMAU,2026-01-26 14:32:00
00QPh00000ioOc7MAE,2026-01-26 14:12:00
00QPh00000ioQPPMA2,2026-02-11 14:54:00
00QPh00000ioTjqMAE,2026-01-27 09:15:00
00QPh00000ioYunMAE,2026-01-10 10:44:00
00QPh00000ioaIIMAY,2026-01-26 14:16:00
00QPh00000iocYbMAI,2026-02-02 10:40:00
00QPh00000iodMcMAI,2026-01-26 14:50:00
00QPh00000iodzJMAQ,2026-01-26 14:22:00
00QPh00000iog7aMAA,2026-01-26 14:48:00
00QPh00000ioh5IMAQ,2026-01-28 17:56:00
00QPh00000iohOdMAI,2026-01-27 12:19:00
00QPh00000ioiz0MAA,2026-01-26 15:50:00
00QPh00000ion10MAA,2026-01-27 08:58:00
00QPh00000ioqmtMAA,2026-01-26 15:46:00
00QPh00000iotKwMAI,2026-01-26 15:21:00
00QPh00000ip0hNMAQ,2026-01-26 15:30:00
00QPh00000ip6ZzMAI,2026-01-26 17:40:00
00QPh00000ipAbtMAE,2026-01-28 15:02:00
00QPh00000ipE7dMAE,2026-01-26 16:09:00
00QPh00000ipHThMAM,2026-01-26 16:19:00
00QPh00000ipHqHMAU,2026-01-26 16:20:00
00QPh00000ipIHkMAM,2026-01-26 17:38:00
00QPh00000ipK9pMAE,2026-01-26 16:27:00
00QPh00000ipMmjMAE,2026-02-04 16:00:00
00QPh00000ipPRFMA2,2026-01-28 10:06:00
00QPh00000ipag1MAA,2026-01-29 10:06:00
00QPh00000ipbDvMAI,2026-01-28 16:52:00
00QPh00000ipezlMAA,2026-01-26 17:28:00
00QPh00000ipmqrMAA,2026-01-26 17:55:00
00QPh00000ipouHMAQ,2026-01-29 10:27:00
00QPh00000iq1WXMAY,2026-01-26 18:44:00
00QPh00000iq2veMAA,2026-01-27 08:40:00
00QPh00000iq3RuMAI,2026-01-26 18:53:00
00QPh00000iq66XMAQ,2026-01-27 10:30:00
00QPh00000iqBkPMAU,2026-01-27 11:30:00
00QPh00000iqBpHMAU,2026-01-28 17:16:00
00QPh00000iqBxJMAU,2026-02-09 14:57:00
00QPh00000iqEGrMAM,2026-01-27 08:45:00
00QPh00000iqHbKMAU,2026-01-28 14:09:00
00QPh00000iqPnNMAU,2026-02-13 11:58:00
00QPh00000iqSi1MAE,2026-01-27 08:42:00
00QPh00000iqV81MAE,2026-01-27 09:02:00
00QPh00000iqafaMAA,2026-01-29 09:56:00
00QPh00000iqcW5MAI,2026-01-28 10:05:00
00QPh00000iqdaEMAQ,2026-01-27 13:35:00
00QPh00000iqeBKMAY,2026-01-27 16:00:00
00QPh00000iqeWHMAY,2026-01-28 17:00:00
00QPh00000iqfFRMAY,2026-01-27 08:35:00
00QPh00000iqgWTMAY,2026-01-27 12:00:00
00QPh00000iqncnMAA,2026-01-30 13:30:00
00QPh00000iqwo9MAA,2026-01-27 10:09:00
00QPh00000iqyGVMAY,2026-01-29 16:41:00
00QPh00000irAMWMA2,2026-01-28 09:41:00
00QPh00000irRqMMAU,2026-01-27 13:30:00
00QPh00000irWoPMAU,2026-01-27 11:00:00
00QPh00000irX2yMAE,2026-01-27 08:38:00
00QPh00000irnJ0MAI,2026-01-27 08:36:00
00QPh00000irs7NMAQ,2026-01-27 08:30:00
00QPh00000irsc2MAA,2026-01-27 12:06:00
00QPh00000is194MAA,2026-01-27 08:31:00
00QPh00000is57pMAA,2026-01-28 16:55:00
00QPh00000is7MbMAI,2026-01-28 09:06:00
00QPh00000is9L8MAI,2026-01-27 09:12:00
00QPh00000is9crMAA,2026-01-30 09:06:00
00QPh00000isBLJMA2,2026-01-27 08:59:00
00QPh00000isEW5MAM,2026-01-27 09:10:00
00QPh00000isEpRMAU,2026-01-27 09:10:00
00QPh00000isEvtMAE,2026-01-27 09:10:00
00QPh00000isFlVMAU,2026-01-27 09:14:00
00QPh00000isGCwMAM,2026-01-28 17:36:00
00QPh00000isGL2MAM,2026-01-27 11:03:00
00QPh00000isGPpMAM,2026-01-27 09:16:00
00QPh00000isJp8MAE,2026-01-27 10:18:00
00QPh00000isL2vMAE,2026-01-27 09:33:00
00QPh00000isLkTMAU,2026-01-27 09:36:00
00QPh00000isM0bMAE,2026-01-28 17:07:00
00QPh00000isSFhMAM,2026-01-27 16:31:00
00QPh00000isSu1MAE,2025-12-30 13:02:00
00QPh00000isW9dMAE,2026-01-27 10:01:00
00QPh00000isWeJMAU,2026-01-27 11:05:00
00QPh00000isXGzMAM,2026-01-27 13:36:00
00QPh00000isZymMAE,2026-01-27 12:19:00
00QPh00000isbcOMAQ,2026-01-27 11:15:00
00QPh00000isgx0MAA,2026-01-27 11:56:00
00QPh00000isiabMAA,2026-01-29 13:38:00
00QPh00000isoHqMAI,2026-01-27 10:40:00
00QPh00000isoeRMAQ,2026-01-28 16:23:00
00QPh00000isorMMAQ,2026-01-27 12:25:00
00QPh00000isp12MAA,2026-01-27 11:54:00
00QPh00000isqrWMAQ,2026-01-27 16:00:00
00QPh00000isrvdMAA,2026-01-27 10:45:00
00QPh00000istJ7MAI,2026-01-27 10:50:00
00QPh00000isyDzMAI,2026-01-28 14:57:00
00QPh00000it3YfMAI,2026-01-27 11:36:00
00QPh00000it8rfMAA,2026-01-27 12:11:00
00QPh00000itBEVMA2,2026-01-27 11:57:00
00QPh00000itCTpMAM,2026-02-02 12:31:00
00QPh00000itDeQMAU,2026-01-27 11:59:00
00QPh00000itDuYMAU,2026-01-27 12:35:00
00QPh00000itEc6MAE,2026-01-29 14:49:00
00QPh00000itICgMAM,2026-01-27 12:51:00
00QPh00000itIXeMAM,2026-01-27 13:09:00
00QPh00000itIe9MAE,2026-01-27 12:34:00
00QPh00000itKpbMAE,2026-01-28 09:42:00
00QPh00000itL8wMAE,2026-01-27 12:40:00
00QPh00000itLDlMAM,2026-01-27 11:47:00
00QPh00000itLdaMAE,2026-01-27 11:59:00
00QPh00000itMPzMAM,2026-01-27 15:22:00
00QPh00000itOpxMAE,2026-02-05 11:50:00
00QPh00000itQv1MAE,2026-01-28 12:54:00
00QPh00000itUDrMAM,2026-01-27 13:34:00
00QPh00000itXusMAE,2026-01-27 12:21:00
00QPh00000itdc5MAA,2026-02-03 14:10:00
00QPh00000itegDMAQ,2026-01-28 16:25:00
00QPh00000iti79MAA,2026-01-27 13:33:00
00QPh00000itjkjMAA,2026-01-27 12:39:00
00QPh00000itpyDMAQ,2026-01-29 13:19:00
00QPh00000itsXvMAI,2026-01-28 12:58:00
00QPh00000ittVaMAI,2026-01-27 13:23:00
00QPh00000itxanMAA,2026-01-27 13:09:00
00QPh00000ity3pMAA,2026-01-29 13:40:00
00QPh00000iu5GcMAI,2026-01-27 13:57:00
00QPh00000iu5zlMAA,2026-01-27 13:27:00
00QPh00000iuERyMAM,2026-01-28 16:18:00
00QPh00000iuEi7MAE,2026-01-27 14:21:00
00QPh00000iuNDaMAM,2026-01-29 13:44:00
00QPh00000iuVPbMAM,2026-01-27 14:24:00
00QPh00000iuaSUMAY,2026-01-28 17:47:00
00QPh00000iuaaXMAQ,2026-01-29 12:59:00
00QPh00000iucE9MAI,2026-01-27 14:16:00
00QPh00000iudADMAY,2026-01-27 14:18:00
00QPh00000iuepTMAQ,2026-02-06 11:36:00
00QPh00000iumVHMAY,2026-01-27 16:18:00
00QPh00000iunSwMAI,2026-01-27 15:09:00
00QPh00000iunhTMAQ,2026-01-29 13:46:00
00QPh00000iutzlMAA,2026-01-30 11:14:00
00QPh00000iuuUPMAY,2026-01-28 09:23:00
00QPh00000iuzkFMAQ,2026-01-28 11:03:00
00QPh00000iv2AEMAY,2026-01-27 15:27:00
00QPh00000iv3UVMAY,2026-01-27 16:30:00
00QPh00000iv4NJMAY,2026-01-28 12:25:00
00QPh00000iv4ojMAA,2026-01-29 16:35:00
00QPh00000iv5WIMAY,2026-01-27 16:04:00
00QPh00000iv9RrMAI,2026-01-27 16:02:00
00QPh00000ivAkTMAU,2026-01-27 15:36:00
00QPh00000ivDLnMAM,2026-01-27 16:27:00
00QPh00000ivEkrMAE,2026-01-27 15:42:00
00QPh00000ivFXFMA2,2026-01-27 15:44:00
00QPh00000ivH9GMAU,2026-02-06 15:09:00
00QPh00000ivHMCMA2,2026-01-27 16:59:00
00QPh00000ivIgQMAU,2026-01-28 12:59:00
00QPh00000ivMaLMAU,2026-01-27 15:58:00
00QPh00000ivSEMMA2,2026-01-29 09:27:00
00QPh00000ivXE1MAM,2026-02-05 16:36:00
00QPh00000ivYelMAE,2026-01-28 09:19:00
00QPh00000ivdMfMAI,2026-01-27 16:36:00
00QPh00000ivmxpMAA,2026-01-28 10:05:00
00QPh00000ivyvlMAA,2026-01-27 17:31:00
00QPh00000ivzlNMAQ,2026-01-27 17:35:00
00QPh00000iw1s2MAA,2026-01-28 09:09:00
00QPh00000iw2T7MAI,2026-01-28 09:05:00
00QPh00000iw2bBMAQ,2026-01-28 16:34:00
00QPh00000iw8BxMAI,2026-02-10 10:15:00
00QPh00000iwCInMAM,2026-01-27 18:12:00
00QPh00000iwDhtMAE,2026-02-05 14:18:00
00QPh00000iwGUUMA2,2026-01-27 18:37:00
00QPh00000iwHC1MAM,2026-01-28 09:12:00
00QPh00000iwS5pMAE,2026-01-27 18:56:00
00QPh00000iwdngMAA,2026-01-28 12:07:00
00QPh00000iwg5ZMAQ,2026-01-29 15:58:00
00QPh00000iwhcjMAA,2026-01-28 09:09:00
00QPh00000iwlDMMAY,2026-01-28 08:59:00
00QPh00000iwqcnMAA,2026-01-28 09:06:00
00QPh00000iwrFbMAI,2026-01-28 11:00:00
00QPh00000iwtfWMAQ,2026-01-28 08:54:00
00QPh00000iwx1aMAA,2026-01-28 09:03:00
00QPh00000iwxeJMAQ,2026-02-02 15:45:00
00QPh00000iwzOLMAY,2026-01-28 08:59:00
00QPh00000ix4HaMAI,2026-01-28 12:00:00
00QPh00000ixBm6MAE,2026-01-28 09:03:00
00QPh00000ixR1GMAU,2026-01-29 18:35:00
00QPh00000ixTayMAE,2026-01-28 10:38:00
00QPh00000ixVWNMA2,2026-01-28 09:10:00
00QPh00000ixVeOMAU,2026-02-09 11:21:00
00QPh00000ixbOqMAI,2026-01-28 09:30:00
00QPh00000ixnZdMAI,2026-01-28 15:34:00
00QPh00000iy5TOMAY,2026-01-28 09:04:00
00QPh00000iy7GdMAI,2026-01-28 11:00:00
00QPh00000iy9BxMAI,2026-02-03 10:08:00
00QPh00000iyL3XMAU,2025-11-20 11:20:00
00QPh00000iyV7eMAE,2026-01-30 10:15:00
00QPh00000iyXkbMAE,2026-01-28 09:09:00
00QPh00000iydrZMAQ,2026-01-28 09:03:00
00QPh00000iyuKXMAY,2026-01-28 12:18:00
00QPh00000iyvWkMAI,2026-01-28 11:55:00
00QPh00000iz2BdMAI,2026-01-28 08:58:00
00QPh00000iz2d5MAA,2026-01-28 09:12:00
00QPh00000iz73FMAQ,2026-01-28 14:45:00
00QPh00000iz8FRMAY,2026-01-28 08:57:00
00QPh00000izG8AMAU,2026-01-28 09:15:00
00QPh00000izMf0MAE,2026-01-28 12:35:00
00QPh00000izOs6MAE,2026-01-28 09:37:00
00QPh00000izX0vMAE,2026-01-28 09:59:00
00QPh00000izYwHMAU,2026-01-28 10:04:00
00QPh00000izcOnMAI,2025-12-23 09:46:00
00QPh00000izcjnMAA,2026-01-28 15:10:00
00QPh00000izdazMAA,2026-01-28 13:27:00
00QPh00000izfePMAQ,2026-01-28 10:22:00
00QPh00000izljqMAA,2026-01-28 10:58:00
00QPh00000izoUnMAI,2026-01-28 10:46:00
00QPh00000izqGTMAY,2026-01-28 10:53:00
00QPh00000izqefMAA,2026-01-28 10:53:00
00QPh00000izr65MAA,2026-02-03 10:31:00
00QPh00000izrMDMAY,2026-02-02 09:40:00
00QPh00000izrqrMAA,2026-01-28 10:58:00
00QPh00000izrxLMAQ,2026-01-30 13:43:00
00QPh00000izuC1MAI,2026-01-28 11:01:00
00QPh00000izvMeMAI,2026-01-29 13:27:00
00QPh00000izyfRMAQ,2026-02-02 13:05:00
00QPh00000izzy5MAA,2026-01-28 14:43:00
00QPh00000j01BtMAI,2026-01-30 14:27:00
00QPh00000j05fJMAQ,2026-01-29 13:38:00
00QPh00000j09iwMAA,2026-01-28 12:48:00
00QPh00000j0ALdMAM,2026-01-28 11:42:00
00QPh00000j0IO1MAM,2026-01-29 09:15:00
00QPh00000j0J3xMAE,2026-01-28 12:11:00
00QPh00000j0Jn8MAE,2026-01-28 12:22:00
00QPh00000j0ObWMAU,2026-01-28 12:25:00
00QPh00000j0OlCMAU,2026-01-29 08:47:00
00QPh00000j0Qi9MAE,2026-01-28 12:33:00
00QPh00000j0RMTMA2,2026-01-28 12:26:00
00QPh00000j0TOIMA2,2026-01-28 12:57:00
00QPh00000j0VJeMAM,2026-01-28 13:10:00
00QPh00000j0WkMMAU,2026-01-28 12:56:00
00QPh00000j0ZBxMAM,2026-01-29 10:02:00
00QPh00000j0d2gMAA,2026-01-28 13:01:00
00QPh00000j0dYxMAI,2026-01-28 17:35:00
00QPh00000j0eI5MAI,2026-01-28 12:59:00
00QPh00000j0jknMAA,2026-01-28 13:13:00
00QPh00000j0jmPMAQ,2026-01-28 16:15:00
00QPh00000j0tvRMAQ,2026-01-28 13:39:00
00QPh00000j0v9HMAQ,2026-01-28 13:53:00
00QPh00000j0wbbMAA,2026-01-28 14:40:00
00QPh00000j0x9RMAQ,2026-01-28 13:47:00
00QPh00000j12h1MAA,2026-01-28 14:08:00
00QPh00000j13mkMAA,2026-01-28 14:15:00
00QPh00000j14m4MAA,2026-01-28 14:25:00
00QPh00000j15IJMAY,2026-01-28 14:22:00
00QPh00000j15N9MAI,2026-01-28 16:32:00
00QPh00000j18o4MAA,2026-01-28 14:08:00
00QPh00000j1JoHMAU,2026-02-02 09:25:00
00QPh00000j1JwPMAU,2026-01-28 14:46:00
00QPh00000j1QRaMAM,2026-01-28 16:37:00
00QPh00000j1XmPMAU,2026-01-28 15:05:00
00QPh00000j1Y4AMAU,2026-01-29 09:07:00
00QPh00000j1aNhMAI,2026-01-28 15:05:00
00QPh00000j1bRrMAI,2026-01-28 15:40:00
00QPh00000j1cxOMAQ,2026-01-28 15:22:00
00QPh00000j1dOnMAI,2026-01-29 09:13:00
00QPh00000j1dgYMAQ,2026-01-29 12:52:00
00QPh00000j1hDtMAI,2026-01-29 09:20:00
00QPh00000j1hsDMAQ,2026-01-28 15:28:00
00QPh00000j1jpBMAQ,2026-01-28 15:32:00
00QPh00000j1kBlMAI,2026-02-04 12:35:00
00QPh00000j1p3PMAQ,2026-01-28 16:41:00
00QPh00000j1pxpMAA,2026-02-02 12:55:00
00QPh00000j1q4HMAQ,2026-01-28 15:49:00
00QPh00000j1qvWMAQ,2026-01-28 16:36:00
00QPh00000j1tlKMAQ,2026-01-28 18:08:00
00QPh00000j1v0jMAA,2026-01-28 16:03:00
00QPh00000j1vbqMAA,2026-01-29 12:19:00
00QPh00000j1w3FMAQ,2026-01-28 16:06:00
00QPh00000j1xKHMAY,2026-01-28 16:10:00
00QPh00000j1z4LMAQ,2026-01-29 18:01:00
00QPh00000j20QEMAY,2026-01-28 16:21:00
00QPh00000j25CzMAI,2026-01-28 16:32:00
00QPh00000j29A9MAI,2026-01-28 16:44:00
00QPh00000j2ByLMAU,2026-01-28 16:53:00
00QPh00000j2EOLMA2,2026-01-28 17:00:00
00QPh00000j2HNpMAM,2026-01-29 17:00:00
00QPh00000j2IyEMAU,2026-01-28 17:44:00
00QPh00000j2JKnMAM,2026-01-30 09:46:00
00QPh00000j2MfFMAU,2026-01-29 16:46:00
00QPh00000j2PwTMAU,2026-01-28 17:39:00
00QPh00000j2QVxMAM,2026-01-28 17:42:00
00QPh00000j2ViXMAU,2026-02-02 15:15:00
00QPh00000j2YwXMAU,2026-01-29 10:21:00
00QPh00000j2ZhJMAU,2026-01-28 18:19:00
00QPh00000j2bJKMAY,2026-01-29 08:41:00
00QPh00000j2bzFMAQ,2026-01-30 09:49:00
00QPh00000j2dOLMAY,2026-01-29 12:52:00
00QPh00000j2fMwMAI,2026-01-29 08:42:00
00QPh00000j2g9JMAQ,2026-01-28 18:46:00
00QPh00000j2swsMAA,2026-01-29 09:03:00
00QPh00000j2t07MAA,2026-01-29 09:00:00
00QPh00000j2uAfMAI,2026-01-29 15:16:00
00QPh00000j2xBlMAI,2026-01-29 12:10:00
00QPh00000j2xjdMAA,2026-01-29 10:30:00
00QPh00000j2zdOMAQ,2026-01-30 09:45:00
00QPh00000j31TtMAI,2026-02-13 11:23:00
00QPh00000j34GUMAY,2026-01-29 17:30:00
00QPh00000j34huMAA,2026-01-30 09:37:00
00QPh00000j3DV4MAM,2026-01-29 08:37:00
00QPh00000j3NarMAE,2026-02-02 12:20:00
00QPh00000j3OdNMAU,2026-02-03 16:33:00
00QPh00000j3UpFMAU,2026-01-29 08:48:00
00QPh00000j3YGBMA2,2026-01-29 08:35:00
00QPh00000j3ZtmMAE,2026-01-29 09:00:00
00QPh00000j3r5tMAA,2026-01-29 15:14:00
00QPh00000j3rYvMAI,2026-01-29 14:12:00
00QPh00000j3stCMAQ,2026-02-03 11:12:00
00QPh00000j3uYRMAY,2026-01-29 11:01:00
00QPh00000j44ZOMAY,2026-01-29 13:11:00
00QPh00000j49u6MAA,2026-01-29 08:55:00
00QPh00000j4AzlMAE,2026-01-29 08:31:00
00QPh00000j4CK3MAM,2026-01-29 11:00:00
00QPh00000j4FMkMAM,2026-01-29 08:36:00
00QPh00000j4USFMA2,2026-01-29 10:04:00
00QPh00000j4W4GMAU,2026-01-29 09:45:00
00QPh00000j4mnLMAQ,2026-01-29 08:59:00
00QPh00000j4oacMAA,2026-01-30 14:04:00
00QPh00000j4onVMAQ,2026-01-29 08:30:00
00QPh00000j4oynMAA,2026-01-29 08:31:00
00QPh00000j4rS2MAI,2026-01-29 09:54:00
00QPh00000j4v5pMAA,2026-01-29 08:54:00
00QPh00000j4wxxMAA,2026-01-29 09:01:00
00QPh00000j4yzlMAA,2026-01-29 09:06:00
00QPh00000j50aAMAQ,2026-02-02 08:57:00
00QPh00000j53eUMAQ,2026-01-29 09:44:00
00QPh00000j53mXMAQ,2026-01-30 09:49:00
00QPh00000j5AJdMAM,2026-01-29 13:03:00
00QPh00000j5AhaMAE,2026-01-29 16:22:00
00QPh00000j5ChpMAE,2026-01-29 11:11:00
00QPh00000j5ERrMAM,2026-01-29 14:13:00
00QPh00000j5G8iMAE,2026-01-29 13:40:00
00QPh00000j5HKrMAM,2026-01-29 10:10:00
00QPh00000j5HMUMA2,2026-01-29 11:08:00
00QPh00000j5Hj3MAE,2026-01-29 10:10:00
00QPh00000j5L8MMAU,2026-01-29 14:12:00
00QPh00000j5MKaMAM,2026-02-05 11:20:00
00QPh00000j5QkkMAE,2026-01-30 09:23:00
00QPh00000j5S6fMAE,2026-01-29 15:40:00
00QPh00000j5XFxMAM,2026-01-30 09:24:00
00QPh00000j5XSvMAM,2026-02-03 12:33:00
00QPh00000j5XpRMAU,2026-01-29 10:54:00
00QPh00000j5ZkqMAE,2026-02-02 09:15:00
00QPh00000j5dmnMAA,2026-01-29 11:08:00
00QPh00000j5esXMAQ,2026-01-29 11:11:00
00QPh00000j5fdJMAQ,2026-01-29 11:13:00
00QPh00000j5gxaMAA,2026-01-30 09:39:00
00QPh00000j5kUvMAI,2026-02-06 12:22:00
00QPh00000j5mRtMAI,2026-01-29 11:34:00
00QPh00000j5narMAA,2026-01-29 15:36:00
00QPh00000j5pRNMAY,2026-01-29 11:41:00
00QPh00000j5sgzMAA,2026-01-29 11:51:00
00QPh00000j5wmDMAQ,2026-01-29 15:11:00
00QPh00000j61h3MAA,2026-01-29 12:16:00
00QPh00000j61ypMAA,2026-01-29 13:13:00
00QPh00000j63HRMAY,2026-02-02 12:43:00
00QPh00000j65uMMAQ,2026-01-29 13:24:00
00QPh00000j674wMAA,2026-01-29 13:40:00
00QPh00000j67coMAA,2026-01-29 13:02:00
00QPh00000j69UyMAI,2026-02-02 09:23:00
00QPh00000j6DiEMAU,2026-01-29 13:13:00
00QPh00000j6G8DMAU,2026-01-29 12:55:00
00QPh00000j6Ti9MAE,2026-01-29 14:13:00
00QPh00000j6XFVMA2,2026-01-29 14:01:00
00QPh00000j6ZE5MAM,2026-02-13 10:50:00
00QPh00000j6bZHMAY,2026-01-29 14:31:00
00QPh00000j6cS8MAI,2026-01-29 14:01:00
00QPh00000j6fOMMAY,2026-02-06 10:36:00
00QPh00000j6iyxMAA,2026-02-02 13:46:00
00QPh00000j6rMJMAY,2026-02-04 14:23:00
00QPh00000j6vksMAA,2026-01-29 15:21:00
00QPh00000j6wU2MAI,2026-01-29 14:45:00
00QPh00000j6zeqMAA,2026-01-29 16:20:00
00QPh00000j70fhMAA,2026-01-29 14:21:00
00QPh00000j71a9MAA,2026-01-29 14:25:00
00QPh00000j73qTMAQ,2026-01-29 16:40:00
00QPh00000j74plMAA,2026-02-02 12:36:00
00QPh00000j77kRMAQ,2026-01-29 17:30:00
00QPh00000j78F4MAI,2026-01-29 15:46:00
00QPh00000j791RMAQ,2026-01-29 14:52:00
00QPh00000j7BzJMAU,2026-02-04 09:40:00
00QPh00000j7DQ2MAM,2026-01-29 15:25:00
00QPh00000j7FjaMAE,2026-01-29 16:27:00
00QPh00000j7GcRMAU,2026-01-29 17:08:00
00QPh00000j7IcbMAE,2026-01-29 15:20:00
00QPh00000j7RJJMA2,2026-02-11 16:30:00
00QPh00000j7SouMAE,2026-01-30 09:22:00
00QPh00000j7T09MAE,2026-01-29 15:48:00
00QPh00000j7Yz7MAE,2026-01-30 12:55:00
00QPh00000j7bCFMAY,2026-01-29 17:03:00
00QPh00000j7fcPMAQ,2026-01-30 09:23:00
00QPh00000j7iLlMAI,2026-01-29 16:36:00
00QPh00000j7mytMAA,2026-01-29 17:01:00
00QPh00000j7seTMAQ,2026-01-29 17:07:00
00QPh00000j7xEMMAY,2026-01-29 18:14:00
00QPh00000j7zOEMAY,2026-01-29 18:21:00
00QPh00000j84B1MAI,2026-01-29 18:36:00
00QPh00000j86SwMAI,2026-02-02 12:21:00
00QPh00000j86j3MAA,2026-01-29 17:59:00
00QPh00000j88L6MAI,2026-01-29 18:57:00
00QPh00000j8AecMAE,2026-02-02 10:59:00
00QPh00000j8GKFMA2,2026-01-30 10:02:00
00QPh00000j8GSHMA2,2026-02-05 09:32:00
00QPh00000j8IU5MAM,2026-01-29 18:45:00
00QPh00000j8IsHMAU,2026-01-30 09:11:00
00QPh00000j8LgUMAU,2026-01-30 09:08:00
00QPh00000j8RltMAE,2026-01-30 09:12:00
00QPh00000j8YCIMA2,2026-01-30 12:25:00
00QPh00000j8ZLFMA2,2026-01-30 09:14:00
00QPh00000j8Zl5MAE,2026-01-30 15:44:00
00QPh00000j8a2nMAA,2026-02-03 12:28:00
00QPh00000j8apBMAQ,2026-01-30 09:12:00
00QPh00000j8gwDMAQ,2026-01-30 09:30:00
00QPh00000j8hKPMAY,2026-02-02 10:11:00
00QPh00000j8kIIMAY,2026-01-30 13:00:00
00QPh00000j8l4fMAA,2026-01-30 12:27:00
00QPh00000j8rLNMAY,2026-02-04 08:49:00
00QPh00000j8sNtMAI,2026-01-30 15:42:00
00QPh00000j8yoIMAQ,2026-01-30 09:31:00
00QPh00000j91W1MAI,2026-01-30 09:30:00
00QPh00000j93MXMAY,2026-02-02 11:26:00
00QPh00000j93WEMAY,2026-01-30 14:30:00
00QPh00000j981FMAQ,2026-02-02 09:10:00
00QPh00000j9DliMAE,2026-02-02 12:30:00
00QPh00000j9ETFMA2,2026-01-30 15:30:00
00QPh00000j9FFdMAM,2026-01-30 09:21:00
00QPh00000j9WI6MAM,2026-01-30 09:06:00
00QPh00000j9WbRMAU,2026-01-30 10:00:00
00QPh00000j9jiLMAQ,2026-02-02 15:57:00
00QPh00000j9yStMAI,2026-01-30 09:41:00
00QPh00000jA0haMAC,2026-01-30 09:14:00
00QPh00000jA4ZuMAK,2026-01-30 09:17:00
00QPh00000jA5UPMA0,2026-01-30 09:15:00
00QPh00000jAG82MAG,2026-01-30 09:20:00
00QPh00000jATurMAG,2026-01-30 15:42:00
00QPh00000jAUpNMAW,2026-01-30 10:47:00
00QPh00000jAVmzMAG,2026-01-30 09:11:00
00QPh00000jAVocMAG,2026-01-30 09:34:00
00QPh00000jAXTqMAO,2026-01-30 09:54:00
00QPh00000jAYePMAW,2026-01-30 09:17:00
00QPh00000jAajRMAS,2026-02-06 11:33:00
00QPh00000jAbUDMA0,2026-01-30 09:48:00
00QPh00000jAcrhMAC,2026-02-03 16:41:00
00QPh00000jAdSoMAK,2026-01-30 09:47:00
00QPh00000jAetVMAS,2026-01-30 12:46:00
00QPh00000jAgthMAC,2026-01-30 09:44:00
00QPh00000jAmeAMAS,2026-01-30 11:15:00
00QPh00000jAoL1MAK,2026-01-30 14:35:00
00QPh00000jAqkzMAC,2026-01-30 10:12:00
00QPh00000jAwnBMAS,2026-02-02 08:46:00
00QPh00000jAwteMAC,2026-01-30 10:31:00
00QPh00000jAxmTMAS,2026-02-04 09:37:00
00QPh00000jAz9xMAC,2026-01-30 10:38:00
00QPh00000jB1EzMAK,2026-02-02 09:12:00
00QPh00000jB1riMAC,2026-01-30 11:48:00
00QPh00000jB2kXMAS,2026-01-30 10:47:00
00QPh00000jB3AMMA0,2026-02-02 08:44:00
00QPh00000jB41bMAC,2026-01-30 11:03:00
00QPh00000jB8DFMA0,2026-01-30 11:03:00
00QPh00000jBEDqMAO,2026-02-03 16:06:00
00QPh00000jBNgwMAG,2026-01-30 13:24:00
00QPh00000jBOLIMA4,2026-01-30 12:03:00
00QPh00000jBR1NMAW,2026-01-30 11:52:00
00QPh00000jBS0hMAG,2026-01-30 12:06:00
00QPh00000jBXI5MAO,2026-01-30 12:08:00
00QPh00000jBZF4MAO,2026-01-30 12:59:00
00QPh00000jBdCDMA0,2026-02-03 12:10:00
00QPh00000jBdSMMA0,2026-01-30 13:31:00
00QPh00000jBkVTMA0,2026-01-30 13:36:00
00QPh00000jBlZcMAK,2026-02-04 09:25:00
00QPh00000jBpuvMAC,2026-01-30 12:58:00
00QPh00000jBqNxMAK,2026-01-30 13:00:00
00QPh00000jBqUPMA0,2026-01-30 13:01:00
00QPh00000jBvlpMAC,2026-02-02 15:51:00
00QPh00000jByzpMAC,2026-02-02 10:41:00
00QPh00000jC05cMAC,2026-01-30 14:25:00
00QPh00000jC1b9MAC,2026-01-30 15:57:00
00QPh00000jC8b2MAC,2026-01-30 13:57:00
00QPh00000jCBozMAG,2026-02-02 16:44:00
00QPh00000jCDdtMAG,2026-02-05 12:40:00
00QPh00000jCIVXMA4,2026-01-30 14:29:00
00QPh00000jCLQ9MAO,2026-01-30 13:47:00
00QPh00000jCPn7MAG,2026-02-02 16:36:00
00QPh00000jCR5lMAG,2026-01-30 14:10:00
00QPh00000jCRqXMAW,2026-01-30 14:15:00
00QPh00000jCUICMA4,2026-01-30 14:23:00
00QPh00000jCUbWMAW,2026-02-03 16:12:00
00QPh00000jCVSkMAO,2026-01-30 15:09:00
00QPh00000jCclxMAC,2026-01-31 12:42:00
00QPh00000jCepNMAS,2026-02-02 09:07:00
00QPh00000jChIdMAK,2026-02-06 10:41:00
00QPh00000jCiHtMAK,2026-01-30 15:05:00
00QPh00000jCiRZMA0,2026-01-30 15:05:00
00QPh00000jCm2AMAS,2026-02-02 10:51:00
00QPh00000jCmF4MAK,2025-12-18 16:23:00
00QPh00000jCyuYMAS,2026-01-31 09:01:00
00QPh00000jCyxlMAC,2026-02-02 13:11:00
00QPh00000jD1AsMAK,2026-02-06 14:13:00
00QPh00000jD1pDMAS,2026-02-02 15:00:00
00QPh00000jD4GnMAK,2026-02-12 15:49:00
00QPh00000jD5j8MAC,2026-01-31 15:33:00
00QPh00000jD7ubMAC,2026-02-02 08:38:00
00QPh00000jDAZ7MAO,2026-02-04 08:36:00
00QPh00000jDDf5MAG,2026-02-02 14:18:00
00QPh00000jDFFSMA4,2026-01-31 13:10:00
00QPh00000jDFvNMAW,2026-01-31 12:55:00
00QPh00000jDLkgMAG,2026-01-31 10:03:00
00QPh00000jDXDxMAO,2026-01-20 15:05:00
00QPh00000jDXXJMA4,2026-01-31 12:44:00
00QPh00000jDav0MAC,2026-02-03 16:44:00
00QPh00000jDd01MAC,2026-01-31 12:57:00
00QPh00000jDu2UMAS,2026-02-01 16:21:00
00QPh00000jDuaNMAS,2026-02-03 08:39:00
00QPh00000jDvWRMA0,2026-02-02 10:02:00
00QPh00000jDzGgMAK,2026-02-01 10:58:00
00QPh00000jE45OMAS,2026-01-31 10:32:00
00QPh00000jE9XlMAK,2026-02-04 09:32:00
00QPh00000jEEKaMAO,2026-02-02 18:50:00
00QPh00000jEHofMAG,2026-01-31 08:51:00
00QPh00000jEN7iMAG,2026-02-02 09:03:00
00QPh00000jEQTlMAO,2026-02-02 08:32:00
00QPh00000jEWyzMAG,2026-01-31 12:37:00
00QPh00000jEcjRMAS,2026-01-31 15:18:00
00QPh00000jEgwjMAC,2026-01-31 11:41:00
00QPh00000jEhBFMA0,2026-02-02 12:06:00
00QPh00000jElZpMAK,2026-02-02 16:25:00
00QPh00000jEntNMAS,2026-01-31 12:00:00
00QPh00000jEoawMAC,2026-02-05 08:52:00
00QPh00000jEwbhMAC,2026-02-03 16:56:00
00QPh00000jFO4wMAG,2026-01-31 09:19:00
00QPh00000jFOXxMAO,2026-02-05 17:19:00
00QPh00000jFUWwMAO,2026-01-31 10:07:00
00QPh00000jFYQrMAO,2026-02-02 09:19:00
00QPh00000jFa2sMAC,2025-12-07 14:34:00
00QPh00000jFbDRMA0,2026-01-31 08:49:00
00QPh00000jFgEkMAK,2026-01-31 10:15:00
00QPh00000jFlEQMA0,2026-01-31 10:11:00
00QPh00000jFpMsMAK,2026-01-31 10:40:00
00QPh00000jFtyMMAS,2026-01-31 11:26:00
00QPh00000jFvH0MAK,2026-02-02 08:59:00
00QPh00000jFvKDMA0,2026-01-31 11:11:00
00QPh00000jFvorMAC,2026-01-31 11:04:00
00QPh00000jFwTCMA0,2026-01-31 11:19:00
00QPh00000jG1shMAC,2026-02-05 11:09:00
00QPh00000jG2SAMA0,2026-01-31 12:17:00
00QPh00000jG4lhMAC,2026-02-02 09:25:00
00QPh00000jG8seMAC,2026-02-02 10:02:00
00QPh00000jGEjSMAW,2026-02-03 09:18:00
00QPh00000jGSmQMAW,2026-01-31 16:02:00
00QPh00000jGbswMAC,2026-02-02 08:37:00
00QPh00000jGcDuMAK,2026-02-01 10:34:00
00QPh00000jGe4QMAS,2026-01-31 15:01:00
00QPh00000jGkRaMAK,2026-02-02 09:39:00
00QPh00000jGllsMAC,2026-01-31 17:07:00
00QPh00000jGn2sMAC,2026-01-31 15:39:00
00QPh00000jGqAQMA0,2026-01-31 16:06:00
00QPh00000jGqGrMAK,2026-01-31 16:00:00
00QPh00000jGsXBMA0,2026-01-31 16:11:00
00QPh00000jGtHxMAK,2026-02-06 14:28:00
00QPh00000jGvbVMAS,2026-02-02 08:39:00
00QPh00000jGvtFMAS,2026-01-31 16:32:00
00QPh00000jGwPVMA0,2026-02-04 09:30:00
00QPh00000jGxNCMA0,2026-02-01 12:01:00
00QPh00000jGzC5MAK,2026-01-31 16:54:00
00QPh00000jGzNOMA0,2026-01-31 17:21:00
00QPh00000jGzTpMAK,2026-01-31 16:58:00
00QPh00000jH0swMAC,2026-01-31 17:13:00
00QPh00000jH1H8MAK,2026-02-02 15:03:00
00QPh00000jH8wvMAC,2026-02-05 13:14:00
00QPh00000jHEJCMA4,2026-02-02 09:09:00
00QPh00000jHFLhMAO,2026-02-03 11:13:00
00QPh00000jHLm5MAG,2026-02-01 11:36:00
00QPh00000jHTeqMAG,2026-02-01 11:28:00
00QPh00000jHUpOMAW,2026-02-01 12:37:00
00QPh00000jHZibMAG,2026-02-03 16:09:00
00QPh00000jHaefMAC,2026-02-01 11:02:00
00QPh00000jPoZDMA0,2025-12-20 17:09:00
00QPh00000jSVq9MAG,2026-02-04 09:02:00
00QPh00000jUPGnMAO,2026-01-21 09:54:00
00QPh00000jUSY3MAO,2026-01-29 13:50:00
00QPh00000jUZeLMAW,2025-11-25 14:53:00
00QPh00000jW7Z8MAK,2026-02-04 09:00:00
00QPh00000jbQuUMAU,2025-12-24 09:30:00
00QPh00000jez4TMAQ,2025-12-11 14:44:00
00QPh00000jf9QQMAY,2026-02-10 18:50:00
00QPh00000jgKYIMA2,2025-12-18 17:14:00
00QPh00000jiwzHMAQ,2025-11-10 16:08:00
00QPh00000jjS1TMAU,2026-01-23 15:51:00
00QPh00000jjZisMAE,2025-12-03 09:52:00
00QPh00000jjvgBMAQ,2025-12-02 15:50:00
00QPh00000jjwcFMAQ,2025-12-13 12:05:00
00QPh00000jksrVMAQ,2025-12-10 15:40:00
00QPh00000jlHczMAE,2025-12-03 17:19:00
00QPh00000jlQ8QMAU,2025-11-13 10:25:00
00QPh00000jm7bZMAQ,2025-12-29 08:31:00
00QPh00000jmEJiMAM,2025-11-10 11:48:00
00QPh00000jmU0IMAU,2025-11-07 10:48:00
00QPh00000jmrhhMAA,2025-12-03 14:40:00
00QPh00000jmzX9MAI,2025-11-11 08:42:00
00QPh00000jn2htMAA,2025-12-03 10:48:00
00QPh00000jnEazMAE,2026-02-11 16:36:00
00QPh00000jnFs2MAE,2025-12-03 12:18:00
00QPh00000jneDiMAI,2026-01-26 16:05:00
00QPh00000jni9FMAQ,2025-12-04 15:30:00
00QPh00000jnlgbMAA,2025-12-04 11:25:00
00QPh00000jnmw4MAA,2025-11-06 12:41:00
00QPh00000jnp17MAA,2025-11-05 16:28:00
00QPh00000jo7ijMAA,2025-12-04 11:07:00
00QPh00000joG9JMAU,2026-02-10 11:35:00
00QPh00000jors1MAA,2025-11-11 10:00:00
00QPh00000jvYJBMA2,2025-12-26 13:30:00
00QPh00000jwN0jMAE,2025-11-03 15:42:00
00QPh00000jx0q8MAA,2025-12-05 10:06:00
00QPh00000jxmA0MAI,2025-12-15 15:15:00
00QPh00000k1xRlMAI,2026-01-12 13:17:00
00QPh00000k3LLZMA2,2026-02-10 14:03:00
00QPh00000k7R10MAE,2026-02-11 10:07:00
00QPh00000k8SxWMAU,2025-12-22 15:25:00
00QPh00000k97PbMAI,2026-02-11 16:43:00
00QPh00000kDSGwMAO,2025-12-23 16:57:00
00QPh00000kGd6BMAS,2026-01-27 10:42:00
